item_id,item_difficulty,item_discrimination,n_models_observed,content_length
00030460ff2b8e5a,0.9125,0.44061109046277985,240,94
0029ed0738f590a3,0.9311740890688259,0.3654617661151553,247,133
00491fef64c55f3a,0.5020746887966805,0.1183311862339905,241,94
004b708f5c445fad,0.9437751004016064,0.4030221034627179,249,278
0054834b07d49ec8,0.8744939271255061,0.35419503318996015,247,233
005e38c5e3b0b567,0.9823788546255506,0.49796808823981165,227,91
007d63b843c33d40,0.763265306122449,0.4515394252996126,245,175
00a73a1017822d77,0.9799196787148594,0.5789573990702547,249,266
00c528dfea169d5f,0.4534412955465587,0.17981388710598498,247,213
00cccb93e8268b2c,0.9835390946502057,0.48388022127400465,243,193
00d0fb5c886f0c62,0.512396694214876,0.045221349275843106,242,94
00d4342839eaf8eb,0.9831932773109243,0.636624937475207,238,96
00de031548479bf9,0.5204918032786885,0.4485982622784608,244,164
00e133ef5e442580,0.4588477366255144,0.34378978460562826,243,116
00e7ce8683a97992,0.5191489361702127,0.45090028197011567,235,83
00f9801714ce1198,0.10204081632653061,-0.11978791639431016,245,106
00fc6f0285380a04,0.8677685950413223,0.39201265779933836,242,74
0104e6211cca71ea,0.8571428571428571,0.3885369929240036,238,145
0106a97e948c72c2,0.18181818181818182,0.22119470332591007,242,92
010dd2a4976324a5,0.8024193548387096,0.24717381793328483,248,60
0116861f89b2aab6,0.9637096774193549,0.554885324681505,248,166
0119db822e298630,0.9799196787148594,0.5632250991443878,249,509
012fed3b6cac77dc,0.9835390946502057,0.17858111990591866,243,371
013e8767d42c2599,0.8728813559322034,0.3555283649131049,236,145
014f8c9e5450c354,0.5951417004048583,0.191646919272265,247,55
0155b220fa08f819,0.5604838709677419,0.24330873367558062,248,625
01762e389ed2d8da,0.5933609958506224,0.3078538105950301,241,147
01adf8c4caa1eadf,0.9711934156378601,0.6211602155044955,243,93
01d561da41c7fd95,0.9714285714285714,0.44534636289172314,245,100
01dbf73f97d56dcb,0.7710843373493976,0.6629527727169958,249,469
01dce1f65caa7761,0.9795918367346939,0.33773375174285203,245,100
0203f9ee9cc53c0c,0.983402489626556,0.5260448472561299,241,397
02187e4f85268802,0.6926229508196722,0.42477771333796444,244,237
021c8474a1948f5b,0.5555555555555556,0.4774956001887057,243,68
022ad04e0e0e2c5f,0.9918367346938776,0.5014901706005412,245,94
0232bbf66afdb0a3,0.4132231404958678,0.1419005122576514,242,95
0234cbf3c3586468,0.7926829268292683,0.6452466529877363,246,272
0236ff7e3081f266,0.9354838709677419,0.4621589168636727,248,211
02618cc1b833df9f,0.9755102040816327,0.5013120082718023,245,106
0279a71a7d3884e4,0.9875,0.2066808445741558,240,104
027c08311b0f073d,0.964,0.5440760329482017,250,97
028074aa7de92398,0.8137651821862348,0.4662713579225539,247,232
028945b59f592fdc,0.8821138211382114,0.4719785465205415,246,108
0293acdeef5ce817,0.9839357429718876,0.5452948349336507,249,275
02989f458a109899,0.4897119341563786,0.45237410586155224,243,73
029f721dc5e4f909,0.29820936639118456,0.16538391285317164,242,97
02af7a0f21809daa,0.1680327868852459,-0.0028728370578658753,244,113
02b513d93c68c042,0.972,0.4062040531770897,250,97
02b53b98312c7359,0.9839357429718876,0.4434258348541298,249,273
02b8f29628110fcd,0.985,0.5246961694283088,250,197
02c1759993c298d4,0.9919678714859438,0.28541547591697836,249,288
02da2dc2a72aaec4,0.9875518672199171,0.415619724520857,241,102
0302e8a0fb96bafc,0.9626556016597511,0.519509071021901,241,177
030f9aabb22e14ab,0.9196787148594378,0.3305856200862422,249,268
0314aabe5f817c31,0.9959183673469387,0.35591099777580093,245,78
031a85fa11e7c5e4,0.8368200836820083,0.32627127986404447,239,160
032233831a20b280,0.98,0.5312843784131372,250,231
03893e0b3c672fca,0.9382716049382716,0.44874418370465824,243,85
03990d0f2728f5a8,0.9116465863453815,0.4717697887580249,249,211
039f8d0b9b250fa7,0.848,0.4285269859221867,250,593
03c0dde706e53c6c,0.98,0.5735954631084219,250,227
03c2a938faa2d43a,0.9637096774193549,0.43147669275048145,248,336
03f8a1f56806bfa7,0.746938775510204,0.5728354428018183,245,569
03fbe175a2cb336f,0.96,0.6752612408064856,250,259
03fcecda27006f48,0.9176954732510288,0.33810598601982494,243,138
040910d477c4d17d,0.9089068825910931,0.4360800932326649,247,89
0416b61e84e02135,0.8416666666666667,0.48678661663886497,240,175
04406c27295cfd9e,0.4715447154471545,0.5489327596178364,246,68
0446b9e91e1cf95c,0.532258064516129,0.4981149120691069,248,384
047f0e5897581de3,0.3130904183535762,0.22356899337883487,247,286
048c8b7c3000e428,0.6910569105691057,0.38792409991306154,246,296
049e147afbbf80dc,0.9916666666666667,0.12305729917471536,240,102
04abc80060a004cc,0.972,0.6089288305813884,250,261
04c4397a3f062ebf,0.5853658536585366,0.11288756486921553,246,112
04d2dfcbaea0f653,0.1598360655737705,-0.25251858739333627,244,106
04d85731d66e6125,0.9838709677419355,0.4675478520865907,248,275
04d92148211aeea9,0.1752136752136752,-0.048536527243585995,234,95
04e00427b9b49114,0.95,0.40460315734689745,240,109
04ef1a2db9935f8d,0.950207468879668,0.4157617490498757,241,145
04ffad554232851d,0.4769874476987448,0.28777975779317677,239,93
0534b04efcf78853,0.8237704918032787,0.5607130561146635,244,114
0535815596c07f4e,0.8029084397986838,0.505689070234679,246,101
0548a064e89a03bc,0.8760683760683761,0.39576914479458164,234,76
054925f495b08b0b,0.26954732510288065,0.20718022437005582,243,94
0577d11241886825,0.3729508196721312,0.46335069102465687,244,71
05976f69e79ee7df,0.9857723577235772,0.51005867021078,246,187
05a348518ac1a644,0.7593360995850622,0.49623842308584426,241,74
05a7662e7ee196e2,0.5042016806722689,0.1471448873646246,238,75
05c86fecaca035f1,0.8930041152263375,0.4614367790210833,243,88
060b5a9daec2f678,1.0,,233,85
060fa80016c4396d,0.756198347107438,0.37804682173408716,242,106
06119fdadb5854a7,0.9324894514767933,0.5174390799052372,237,84
0626ff435634feea,0.9714285714285714,0.38441687377983014,245,233
062838ebc1940427,0.7755102040816326,0.2860211292563827,245,62
0630148be4bbbb79,0.8340080971659919,0.6791169453209511,247,417
0639aed2b7ce9eec,0.9437751004016064,0.30170832208154974,249,288
064fdb6b4dc3be97,0.2827868852459016,0.36052912069872683,244,84
0664589ea76c7395,0.9385245901639344,0.6091306319556161,244,67
068729af607d1eba,0.7622950819672131,0.2721054627949074,244,106
06b7af3d19194095,0.9795081967213115,0.5120117288259721,244,214
06bdd9fe4fd4e453,0.9595141700404858,0.48489161573774847,247,526
06c114cb5be2ebaa,0.8291666666666667,0.5187534060189216,240,150
06e6209faa38a68d,0.9790794979079498,0.4687845146759578,239,111
06e9fc7eff3c7a84,0.256198347107438,0.1887628497776471,242,86
06eabf4de410ab16,0.9787234042553191,0.2801868725754522,235,69
06edeee7a2c5ded9,0.9752066115702479,0.4977396123786447,242,159
06fae769fdf66860,0.9590163934426229,0.40661619098573765,244,78
07096a9e85a6817a,1.0,,238,103
0710b3803148736f,0.6900826446280992,0.48816899972434596,242,149
07261e8755ed32db,0.9242160278745645,0.7271462997292267,246,108
072d515c7e0dfb82,0.8340248962655602,0.29674128009057354,241,103
07395519de541b95,0.3093220338983051,0.08093280228566019,236,121
0762c7c77177c37b,0.9672131147540983,0.5629206040332082,244,526
0799af6cd7466205,0.5346938775510204,0.3393360615107974,245,339
07aef23616f50e91,0.902542372881356,0.3015977720191948,236,112
07b62000945e729f,0.897119341563786,0.43457213194926203,243,52
07bf02d55a7794d5,0.08064516129032258,-0.33254264263577826,248,109
07bf7dd768cd4995,0.9670781893004116,0.19790563965694552,243,74
07c73de2e95ebff8,0.8661087866108786,0.4264348462928035,239,96
07cec4359ab9e710,0.9737991266375546,0.5120147828890644,229,92
07dc1c2afe406f97,0.987603305785124,0.3083430841175661,242,72
07e21fe77e32d044,0.38306451612903225,0.20964091018435527,248,237
07fe10562008fd33,0.9437558076674847,0.6533860785611076,247,71
07fffafbf563b9ce,0.610655737704918,0.11000190818167106,244,94
08456cb32bfca788,0.9874476987447699,0.4541024115628325,239,107
085099fab2f6b207,0.9777777777777777,0.2843992249530096,225,92
085554049ec58544,0.9628099173553719,0.39641057946315433,242,102
08555e9d3664c879,0.05327868852459016,-0.28137768777011957,244,166
085691313440445f,0.919831223628692,0.5108704014155575,237,88
08680e198a60d436,0.6437246963562753,0.5558731826353038,247,116
086d14434272796e,0.8697478991596639,0.3752010845208971,238,143
08a06de7ba7c5a8f,0.9227642276422764,0.5206653862913977,246,143
08aa076b78e32d2e,0.970189701897019,0.5683072126211108,246,70
08adf0b8dd6333b3,0.8983739837398373,0.5095974475996525,246,417
08c41ee6a80d19e2,0.05485232067510549,-0.33923691397342637,237,58
08cf46657116b35f,0.9595141700404858,0.4359999167119188,247,102
08d394cc627ba3ed,0.9718875502008032,0.3739071606945071,249,266
09030843d391d129,0.6952789699570815,0.27504489736997767,233,94
0915958b2b6b02f3,0.9798387096774194,0.5364285538315254,248,281
094edaa4a1ce4ec5,0.17083333333333334,-0.08291316503282946,240,98
09510fc3dec8b534,0.6270491803278688,0.2945844821933818,244,158
095517a751bd352d,0.6330645161290323,0.4754343047211695,248,385
0964272b1e042f0a,0.31421768707482994,0.11518299806867806,245,97
09670e7ad9789dd2,0.9789915966386554,0.2639932249237796,238,122
09732336d32e34f8,0.746938775510204,0.0665368266021765,245,272
0989d879e975f825,0.9918032786885246,0.34847071554052705,244,101
09b7063899dba953,1.0,,241,102
09b75ae6031f3aae,0.5447154471544715,0.3857719534121365,246,72
09b9b7e1a3133433,0.6991869918699187,0.4311079264424891,246,446
09d80ca850f79f77,0.9061224489795918,0.37241351256843247,245,115
09fa6c7fbaa926f1,0.826530612244898,0.5873456070487635,245,114
0a0607597b6adb74,0.9914893617021276,0.22430889616831048,235,69
0a329607455119a1,0.9834710743801653,0.21241669363461116,242,81
0a3a3d431b70925f,0.897119341563786,0.4343264772030677,243,383
0a3d6d23fff21e8f,0.9598214285714286,0.4864340754676459,224,207
0a42f289dd4b4ef7,0.8916666666666667,0.5057615501008773,240,143
0a45406f9bed6938,0.8535564853556485,0.3662709823394627,239,59
0a4631ee1ba6a7cf,0.946058091286307,0.5671217865467381,241,81
0a4bf29955852e33,0.8589211618257261,0.5148499534999357,241,94
0a65c22ba05e11cb,0.9959016393442623,0.3590020779176309,244,286
0a65d06371d83821,0.7903225806451613,0.3466693224113542,248,381
0a7b8553a127384a,0.924,0.3038111678767938,250,177
0a92d36201387637,0.9754098360655737,0.511562159339522,244,155
0aac4a95733791a2,0.9799196787148594,0.41472034108583067,249,569
0ab4bbfe3f9433aa,0.3967611336032389,0.08359528981932599,247,222
0ad12dab4fabf143,0.9755102040816327,0.447389609029346,245,75
0b19a094c1b3a227,0.9700854700854701,0.14069819068127953,234,67
0b1c07620830a8f6,0.7228915662650602,0.3846858678084658,249,98
0b51a501f4a41dc5,0.9590163934426229,0.51908069932851,244,91
0b5d655283f5e5f7,0.9839357429718876,0.48303119391101584,249,306
0b7138f13145b3de,0.8414634146341463,0.09538274978699017,246,158
0b8ee51011f81bbc,0.9694323144104804,0.41190566242212506,229,85
0b8f8521d894dde1,0.3868312757201646,0.3834166452818493,243,67
0b99088f2884a05a,0.9875518672199171,0.44587172250120427,241,158
0bcf4841e193da1d,0.9429824561403509,0.4400417101225465,228,96
0bdca0da6b19c3ad,0.907563025210084,0.49588852039148207,238,100
0bfb0fcc052bd766,0.9414225941422594,0.3627250296856746,239,111
0c147fba77ec3700,0.9796747967479674,0.6124506934428458,246,269
0c174073221c6ed9,0.782258064516129,0.5089686206543856,248,233
0c2e8ddd59e0ee19,0.966804979253112,0.49872865814731915,241,88
0c433716fddedac2,0.907563025210084,0.2965243485620673,238,94
0c61dd198d7f943c,0.9752066115702479,0.6499747358206241,242,143
0c71fa4a5175af66,0.21138211382113822,0.3173247055834268,246,84
0c72af62c4fcb6d2,0.8823529411764706,0.45895383736546375,238,164
0c777e8f712c4968,0.5443037974683544,0.1898894029838158,237,109
0c8927ec7906dfa0,0.9793388429752066,0.5425366631482272,242,92
0cabee810b0bff5a,0.9717741935483871,0.4993047845899261,248,607
0ce701c440859cbe,0.9718875502008032,0.5044607274273158,249,306
0cf84e55ec34c3e3,0.17573221757322174,0.040926405103681694,239,69
0d071fc672fb5654,0.8688524590163934,0.31652883731712134,244,157
0d1046753672ae40,0.34224965706447186,0.07151323164544617,243,99
0d37418c2d30902c,0.8381742738589212,0.4994869624004706,241,435
0d548a23c64d75fc,0.6855600539811065,0.5101940330349872,247,114
0d996b9c19ab0242,0.9142857142857143,0.41155108933124335,245,104
0dc0290daba5b3e5,0.7845188284518828,0.4787173795706611,239,74
0dda7d0d460518e8,0.6443514644351465,0.4085646458729302,239,110
0ddbd64ecd4c4afa,0.889795918367347,0.3485514082729577,245,127
0de53be70d3e5442,0.9748953974895398,0.45733546755097904,239,88
0de92d151fc0b942,0.8808510638297873,0.45426011279140854,235,100
0debf74a4ab2788b,0.7350427350427351,0.34456866691624527,234,77
0dedf8c53f57c6db,0.9543568464730291,0.4039294229082226,241,134
0e0128e2fd3b0025,0.35918367346938773,0.40215177090342336,245,364
0e06202c77d14dad,0.9798387096774194,0.5582723333357797,248,538
0e0937c894ff59f8,0.9666666666666667,0.37881523367381886,240,114
0e18313bae46b0d1,0.9875518672199171,0.5438791184384247,241,107
0e1d4613ec3a6b1c,0.966804979253112,0.49259737752176014,241,185
0e2b70fc3b350d25,0.9541666666666667,0.495699900453285,240,67
0e2e2f05ca6a1338,0.7763713080168776,0.5434748583937349,237,175
0e2ee0cafe0d95a9,0.9835390946502057,0.46005914181991275,243,286
0e43b4450404281e,0.9799196787148594,0.5734889682780521,249,259
0e470eaefae48594,0.592436974789916,0.42066918708299283,238,87
0e4dfa8ea48662dc,0.746938775510204,0.3776233472086085,245,136
0e5424c5a86671f0,0.967479674796748,0.5423919769083236,246,231
0e58def2f9db5cca,0.9958847736625515,0.32250087004895384,243,82
0e6520cd94f80192,0.995850622406639,0.37469491967303514,241,101
0e6a3876e09ba9ff,0.979757085020243,0.5749786118646742,247,194
0e7ae297135612b1,0.3651452282157676,0.12349702545684162,241,87
0e8e5ff208e55a41,0.961864406779661,0.42479834396168026,236,82
0e8fc5a4417156f9,0.40725806451612906,0.3850312358422264,248,215
0e9d9b279c860212,0.9595141700404858,0.25780157197306025,247,221
0eb1f9aacd561829,0.6967213114754098,0.28258330365159184,244,277
0ec0348f26cb7809,0.9958333333333333,0.1585164791021553,240,95
0ec7acff4111f9a1,0.8704453441295547,0.5885853171451702,247,447
0ed701f020bf23ae,0.9834710743801653,0.521948061689538,242,131
0ee045a902e01942,0.8455284552845529,0.274824399562459,246,105
0efb669e7507fd66,0.8040816326530612,0.5532282410997413,245,154
0efe5ed4f519e7fa,0.7302904564315352,0.4807118272653943,241,132
0f0d0acd4b9274ff,0.9676113360323887,0.4867501930554395,247,231
0f11def1a3fd02c1,0.9825819672131147,0.5295572716543251,244,167
0f1abf47ea9b52b8,0.9780701754385965,0.30831564789380733,228,90
0f2936d79f6b6c8c,0.8373983739837398,0.23543988517599215,246,130
0f2e92cc01280f00,0.9798387096774194,0.5109718710350436,248,278
0f3663ef5488a841,0.5604838709677419,0.3668992817613823,248,152
0f4166d860e782df,0.9799196787148594,0.4588788820536614,249,521
0f4ac6fb591f131d,0.9173553719008265,0.47901561207758625,242,164
0f4c2c733d16693e,0.9958333333333333,0.35887365866650695,240,96
0f4e13e7d5cf2487,0.6638655462184874,0.5050137171591109,238,156
0f90b336a9d02372,0.9525273224043715,0.5966110139012096,244,79
0f912059be1f621e,0.2827868852459016,-0.23257440269089433,244,90
0fcc2161220332af,0.9635627530364372,0.5853732399557631,247,226
0fd1ea954cfb7b0e,0.8008130081300813,0.08402192989576168,246,112
0feb3af8647ddbd9,0.982,0.45920959405928174,250,231
0feded068fcd797b,0.8938775510204081,0.5649316597646542,245,52
0ff399f1b38669d8,0.6776859504132231,0.5097466023013664,242,1791
0ff5a8f37c520986,0.7352941176470589,0.36486060879895066,238,61
1008a4d2dcdd79b4,0.8699186991869918,0.1572107486031201,246,112
1020fe2a12b07dc4,0.9919678714859438,0.4535785238731703,249,276
102356a07ede8752,0.967741935483871,0.541005707871264,248,526
1031570e43d6129c,0.9711934156378601,0.5286165984206426,243,94
10381c5b29158aba,0.3902439024390244,0.004415559296158618,246,112
105183f1ee695d78,0.6489795918367347,0.31626263991439163,245,158
1052af698a71051d,0.5247933884297521,0.29912434905058943,242,73
105a79141e43239e,0.9186991869918699,0.4709746785391499,246,232
10779e1ab767788c,0.17427385892116182,0.1641607742420828,241,66
1081374d2b883e35,0.9710743801652892,0.36964044340952035,242,145
109461f83f22a281,0.3387096774193548,0.016957470832672253,248,200
10bd7f14750a050c,0.6296296296296297,0.16416749692004903,243,95
10c637d5dda4829c,0.8975409836065574,0.3622552029869106,244,126
10e250e953a95492,0.6375,0.5305815063600401,240,176
10e4890870a02b46,0.9753086419753086,0.5520991380152792,243,104
111bf19568923edf,0.8658536585365854,0.32117342814432276,246,113
112172eaf18e3995,0.8559322033898306,0.38758160535247577,236,81
1138a068124dace1,0.5169491525423728,-0.016305324931373655,236,130
1144e2426bc257aa,0.9625,0.35002361193865184,240,82
114f3625498bc5c6,0.7883817427385892,0.508895786235937,241,107
117e76be6673b0e3,0.6429539295392954,0.49467169546891704,246,114
1182b48fd449beb0,0.8866396761133604,0.3841953272769529,247,113
118522ee934a1c98,0.4796747967479675,0.024658842261452683,246,222
118dfe5a9abcb476,0.9424778761061947,0.28683645291297677,226,96
11a070975f100c55,0.14583333333333334,-0.003096485356705948,240,126
11a0f7a3c39335f9,0.9838709677419355,0.4147950856944287,248,509
11ba89ff819cc806,0.7280334728033473,0.40744770278046677,239,93
11f385be77adc8e3,0.9799196787148594,0.5013848605501411,249,228
122d128ae7e4094a,0.7959183673469388,0.17634843806596842,245,103
12397ce41ad375eb,0.9834710743801653,0.38218051131047864,242,226
123f3a7abd159ec7,0.9835390946502057,0.5583088029060197,243,155
12496ccc17da68b0,0.799163179916318,0.4775695056807453,239,88
1254fa450c87c5f6,0.9875,0.6007006290253197,240,156
125f1f380b8ccc0d,0.9414634146341463,0.6936896994560308,246,108
1262a154c7fcf9d2,0.819327731092437,0.5320532318837414,238,175
127fd86485dae8d8,0.5313807531380753,0.18353282009114044,239,88
128ae341813928fb,0.9831309041835357,0.6336085392478377,247,204
12a232e4b1198a54,0.7520325203252033,0.4502426649509892,246,73
12b05c2a2e36de5f,0.9876543209876543,0.4969690024264656,243,95
12b5c9ca1649cbe5,0.9421487603305785,0.39241588934121624,242,102
12b698cae6fc9271,0.9414225941422594,0.40031678689094713,239,53
12b7958b9904c071,0.5630252100840336,0.3241117828965455,238,90
132716d807160c14,0.9791666666666666,0.5597813429623103,240,95
135595599786a16d,0.9020408163265307,0.5870694032805699,245,67
136ec51aa051ce8a,0.995850622406639,0.36408847045479387,241,102
1393d5b5ab960236,0.9139344262295082,0.540006786842677,244,104
13ad8cef3850c369,0.9759036144578314,0.5676403385282053,249,275
13b312236eb37d2f,0.9919678714859438,0.36752298794163835,249,276
13d4ec833f6e73d0,0.9707112970711297,0.3733976448273377,239,109
13f7ee312b81c193,0.9938271604938271,0.4535928614997921,243,95
13ff3d274a516019,0.7831325301204819,0.4760405941773356,249,209
141570c0363c2311,0.9590163934426229,0.5632145844052603,244,105
1437e8844f727b26,0.8962655601659751,0.3448943483522612,241,288
144955afa544cd41,0.26778242677824265,-0.17468596297220704,239,109
1457e33a3b70514e,0.8244897959183674,0.4223196917086589,245,153
1466585f9661e430,0.8945147679324894,0.4230634729736252,237,100
1469771853dd5273,0.5892116182572614,0.44944885251264777,241,68
1472bc45d4aa9370,0.6455696202531646,0.2059461894020091,237,292
147bdd873212db54,0.9122448979591836,0.4108853756394701,245,124
14805ff533b80ae7,0.8117408906882592,0.6719075455332748,247,88
1499934ad09b4506,0.5948275862068966,0.407448894977868,232,84
14cda93b91371f6b,0.9875518672199171,0.48991831947936837,241,95
14f3cc41aaee18cd,0.8806584362139918,0.5794175450564456,243,88
14fd50187d47cc4a,0.9549180327868853,0.5274279484510056,244,58
1500b1fc44e25aae,0.9578059071729957,0.41758498467872834,237,82
15161c7fc1d32b36,0.2288135593220339,0.015037243038440215,236,88
151bb25d2db2dd73,0.350210970464135,0.17300342451117628,237,109
155f4c152a830cf3,0.4146341463414634,0.21162999154674944,246,135
15736530155c54d4,0.9836734693877551,0.3937225860520105,245,70
158f2fffbc3d1b68,0.39915966386554624,0.29772699860351753,238,95
159a8bc502a4b1f8,0.5220883534136547,0.5246832429276831,249,252
15a05ac5ca3fb271,0.9917695473251029,0.422557495414672,243,108
15d262d81944b136,0.5772357723577236,0.4224367041946677,246,124
15fc590c7dfef786,0.9757085020242915,0.591170842331803,247,212
160f9919117690e0,0.6213991769547325,0.1279694868884465,243,1791
161ecce88f559653,0.9484978540772532,0.3921310139719396,233,89
1650138b566d0b74,0.46987951807228917,0.10233874664062242,249,147
1668162eda8bbe5a,0.45081967213114754,0.5562458967996909,244,67
166c82934b8562f4,0.4139344262295082,0.0675549678533605,244,153
1672633abbd7a4f1,0.9877049180327869,0.5006941867453568,244,236
1672c6eaaee055e5,0.9834710743801653,0.5529657348256047,242,103
1678a304dae09ac8,0.9754098360655737,0.3360568135174617,244,56
16adba8c5f929fa8,0.9417040358744395,0.5376034150739875,223,92
16c0256da5317c50,0.9590163934426229,0.4990564561946951,244,81
16ced60528657606,0.3178763440860215,0.2624674792544866,248,286
16db1756b0b1857c,0.9173553719008265,0.39202399744475863,242,88
16ea6bd7c6cd8dbd,0.8461538461538461,0.3915040091094783,247,143
16f5b2cb9343ad5b,0.8008474576271186,0.4006939836328064,236,117
17040aae86a927a7,0.14705882352941177,0.07135656046425018,238,99
171299271b9ab2a0,0.9836065573770492,0.5100578090202764,244,79
1717d14fc280394f,0.9672131147540983,0.6314683845513125,244,104
171ae61a4096ea60,0.8724279835390947,0.403313777790403,243,95
172a439acdad2bd1,0.9917695473251029,0.5128071037173907,243,104
1731d9a24612cb65,0.9623430962343096,0.48695098422773925,239,96
174358fa96cf317a,0.26907630522088355,-0.03127614074460196,249,187
175fdaf143f74b1c,0.7166666666666667,0.19738597880048558,240,85
176b65c761aca4ef,0.3319672131147541,0.14293796496821945,244,161
177233cd378f2b07,0.12184873949579832,0.02560542841544935,238,153
177b816b439b799d,0.8983050847457628,0.42632529510591466,236,112
1781b8d17b470f44,0.9748953974895398,0.5993855496224538,239,136
178e78c95f3114df,0.7396694214876033,0.49386616982028714,242,73
1792b12fa01b5426,0.991701244813278,0.5227085168444653,241,82
17baaf9473f62724,0.28512396694214875,0.2135389875408759,242,88
17babc0ec60ed89e,0.9877049180327869,0.5646826930250664,244,193
17e0a749f1bf962f,0.9876543209876543,0.4520858426675046,243,189
17e1d6a4677bebaa,0.8755186721991701,0.30970375198720695,241,94
17e8d4c6c4433eda,0.8163265306122449,0.2495127639057782,245,100
1809028accb5cf24,0.8008298755186722,0.22657792038904778,241,85
180ebb93421050c2,0.891213389121339,0.6277535294812889,239,74
18108484981424d3,0.9958333333333333,0.25028061116987466,240,104
1849709beb8bc3c9,0.9571428571428572,0.6225529549896147,245,102
185085245c68ad0a,0.7866108786610879,0.15043794355690343,239,86
18575c7ab2801a10,0.4403292181069959,0.17656665829290666,243,101
1872fd21cb0466fa,0.6967213114754098,0.2654452946385362,244,292
18c2a51e05f29cdb,0.7764227642276422,0.12398762036574147,246,56
18c4e34ab4eb8b4c,0.7654320987654321,0.551698691546233,243,619
18dece7265d0c70f,0.9148936170212766,0.43450175303228594,235,120
18f190b39c4d4c84,0.9763333333333333,0.6219037418255103,250,248
190af8b23cea0636,0.8931623931623932,0.37967726023466314,234,181
190c134b31a3743b,0.4817813765182186,0.44652623036142197,247,380
191c28ac54e36f79,0.9311740890688259,0.5024447701910085,247,134
19213727c544f393,0.9142857142857143,0.41564754080518845,245,302
1942cf10e2475abc,0.7899159663865546,0.3017825676183323,238,95
1943117f5b168cb0,0.8358582949308755,0.5972047930284514,248,72
1955647d51ee2ce3,0.9467213114754098,0.6439346525289421,244,140
196f0f77fe9f4eba,0.9713128976286871,0.5960484669584505,247,98
197c579649dd3cf0,0.9916317991631799,0.18042290984567788,239,95
198cf0fc79cefa21,0.9958677685950413,0.2220748015445375,242,106
19a80d0812a5e685,0.9083333333333333,0.5178977161523315,240,172
19e0e702b771af27,0.6448979591836734,0.4469249929091858,245,430
19f5e0547fb267b7,0.9551282051282052,0.6207364235116861,247,77
1a294ad233970af3,0.9017094017094017,0.492613231357493,234,88
1a2c9725cab1e3f1,0.9585062240663901,0.5399547407193711,241,97
1a49ca5d83d82b57,0.831275720164609,0.41145739168024403,243,72
1a8fb1ef7bf22c50,0.6088709677419355,0.3480688117284854,248,65
1a9ceca9a072fb67,0.9344262295081968,0.5582528518775967,244,106
1aa9fff9167ab0fe,0.9834710743801653,0.2908217485714842,242,335
1aae8dd54a983ec2,0.2727272727272727,0.34793662504150635,242,113
1abf5c54fcd22e8b,0.4262295081967213,0.5002476451734827,244,90
1ae3e02171028c66,0.9957627118644068,0.21643396938871648,236,114
1b2de4e60e1dd1df,0.809322033898305,0.5790177491611618,236,181
1b30b1dbafc8a6a0,0.6833333333333333,0.19068109004616746,240,62
1b51ddab1c1b31ab,0.9838709677419355,0.41253125454260536,248,279
1b6b123f1e00ac78,0.9094650205761317,0.4002187627933323,243,252
1b7074679b58a9b8,0.3790983606557377,0.2730355784044569,244,92
1b78dfd8e6ed0573,0.3670886075949367,0.07253872555894554,237,103
1b7aad3a2df0ace1,0.9487179487179487,0.25501272765093225,234,121
1b81e7d5b1e4ebb2,0.45267489711934156,0.16686285656299849,243,108
1b90e69837e89ca9,0.6831275720164609,0.29196501340449715,243,54
1b9cf4c1b5410e3d,0.9834710743801653,0.3374929597127353,242,267
1bbf46baa07dc640,0.9559471365638766,0.3624343369374675,227,86
1bc539faeae72df7,0.9666666666666667,0.4934660634726294,240,111
1bd24f176d05c433,0.8442622950819673,0.27321231970502247,244,100
1bea50efc2e6615f,0.3224489795918367,0.3428907474155368,245,141
1bee8756b2aab451,0.9256198347107438,0.4754113939144818,242,70
1bf08677ae278787,1.0,,242,104
1c02dec1c00d31fd,0.9086471408647141,0.46267992644051886,239,82
1c035185deb35e2c,0.1991869918699187,-0.0033005839895972745,246,113
1c0e24d5622cbb91,0.37872340425531914,0.24945510303340437,235,84
1c1031c83f26a82c,0.8235294117647058,0.4231884172355781,238,181
1c194dc10972279a,0.9065040650406504,0.44860351408324095,246,232
1c24d0dbb9ccbf49,0.967479674796748,0.5394640492845859,246,526
1c256f0365e97e21,0.9879518072289156,0.35157028984523586,249,275
1c3925dbbf272281,0.975103734439834,0.5536538310675656,241,358
1c3cdf737569572e,0.7740585774058577,0.3222101798835905,239,145
1c4011ab22e0bc44,0.9578231292517008,0.5841260303751754,245,102
1c4933882dee88ff,0.9798387096774194,0.5045537605028214,248,577
1c4cd9fdd27c56f9,0.6947791164658634,0.42917523890360165,249,136
1c6ea1d50285b98a,0.9958333333333333,0.37631931699754756,240,107
1c78d2e0ce53ed32,0.9595141700404858,0.6035955600958005,247,166
1c895ffefd276c4a,0.991869918699187,0.27333270426582806,246,115
1cb2e453c0971335,0.6995884773662552,0.15510482344658158,243,272
1cd2de5a5c9b2ed6,0.9704641350210971,0.46503136786371874,237,92
1cf770c7bcfb066f,0.9772727272727273,0.37673233945210827,242,82
1d02b8ebb672c972,0.36065573770491804,0.17219421024193537,244,161
1d106964e04c54b9,0.968,0.6149639518311785,250,263
1d1703ea335e7414,0.871900826446281,0.3715501802624071,242,73
1d53b7f361864201,0.4017094017094017,0.3833055869763448,234,86
1d64970729a449c7,0.6967213114754098,0.5741578491545036,244,158
1d6888627300517d,0.8597560975609756,0.5913884502877836,246,82
1d8713207a7366f7,0.8860759493670886,0.43740231238212784,237,96
1d879ffb93a3f7b8,0.7640603566529494,0.07268190868536822,243,109
1d8f8fb5ab3c236a,0.950207468879668,0.18136331386032742,241,159
1d9d9c43c31d703c,0.9556451612903226,0.5686799726939604,248,277
1da8c50bf9d5c4c2,0.963855421686747,0.597729761658095,249,603
1dab960827f1a2eb,0.8902439024390244,0.45574070799431915,246,252
1db6f1d0bc3070a5,0.9666666666666667,0.3375811895799305,240,61
1dbebc81ab549e43,0.9465020576131687,0.5085945295935844,243,159
1de81c0d81cb0eea,0.6831275720164609,-0.321849926308235,243,93
1df67e654b70f334,0.9822222222222222,0.5196643583767612,225,92
1df7ee870be9e71e,0.9917695473251029,0.060976831525667484,243,94
1e1e3b53a37ea289,0.96,0.5791305453452469,250,293
1e58a6ce67389a2f,0.8,0.385697102057656,245,130
1e7f72cc0bf615c5,0.8346774193548387,0.5704944873205193,248,397
1e836de9f516dc90,0.9330357142857143,0.481350135640914,224,88
1ea4d2274d99013a,0.7759336099585062,0.14388600572414376,241,85
1ebb1c137c76ec50,0.8309620596205962,0.6026149271096469,246,149
1ebfef0b4a6d2396,0.9872340425531915,0.19029576550616356,235,131
1ee4fa07a5ea1760,0.9876543209876543,0.3106845132921339,243,94
1eff5dacd7941710,0.9835390946502057,0.5364861137654783,243,87
1f0ba9d5e8c4c3ba,0.9313304721030042,0.5384021505622033,233,74
1f1b41417bfc7307,0.9916317991631799,0.5060969312115751,239,140
1f1d64c44dfa98a6,0.14225941422594143,-0.14519939188990624,239,84
1f464a5ca8f27463,0.9758064516129032,0.4840755154902372,248,58
1f493ae0f47ebc9f,0.9533898305084746,0.49018901577262824,236,89
1f521f36c63942bd,0.9959016393442623,0.34467725005259,244,101
1f66612a719b3890,0.97165991902834,0.4856986062045687,247,538
1f745431ef52c2cd,0.6935483870967742,0.5132322609196038,248,446
1f7ceddcf8d3bb4b,0.8218623481781376,0.241624900279884,247,71
1f85ebb755bb29cf,0.995850622406639,0.23451165009999425,241,94
1f8b0a354188a09a,0.9794238683127572,0.4766139519924249,243,72
1f8c17b84d06672a,0.9835390946502057,0.4826904305113624,243,278
1f8e854820bd2ebb,0.32916666666666666,0.3161763455694279,240,92
1f9fb594544e5b61,0.3118279569892473,0.19246798679715274,248,286
1fb916df6ac50190,0.972,0.3801880700641643,250,293
1fc957717379600b,0.966804979253112,0.4923557909042508,241,140
1fef82de58e384ab,0.9446693657219972,0.4081458721624646,247,92
2021a7d6b1783703,0.9533898305084746,0.4529811617035467,236,77
20411847afdcec86,0.9715447154471545,0.5311892928618904,246,538
204d9be54576a1d3,0.9879032258064516,0.583069697812608,248,167
20705d31c48ce6f4,0.9794238683127572,0.4030434760493009,243,67
20763d820fb7ea2a,0.9166666666666666,0.4792611092923782,240,60
207a3ddad25dfa0e,0.22857142857142856,0.08376898609884666,245,200
207ac0f766df7cf5,0.9831989247311828,0.6325665437593249,248,167
20972915a981afcf,0.8106995884773662,0.33138241108443495,243,175
209d6bda097b779a,0.9665271966527197,0.4201108547916346,239,92
209fef0203333778,0.8547717842323651,0.4179881743918534,241,154
20bc3825e559344e,0.7942386831275721,0.4102040446313828,243,63
20d7ff8ad6d8adcd,0.42916666666666664,0.33412022502009675,240,92
20dc27d06895c748,0.639344262295082,0.5295828435423922,244,766
212b59edff982e41,0.9576271186440678,0.42593200253044533,236,111
21503d0214a0f810,0.3729508196721312,-0.009805590230103018,244,173
215161f255e521b1,0.9793388429752066,0.42732299394835777,242,155
215abef1acfca369,0.9581589958158996,0.5043869898386407,239,89
21869722bc0bee9e,0.42677824267782427,-0.08103544973527907,239,130
219fa34150dac6cb,0.4567901234567901,0.5095928395587251,243,73
21ba26111e62fe37,0.967741935483871,0.5229718409507733,248,331
21bcd97d1a5ba93a,0.6735537190082644,0.22960437105639064,242,272
21e7be57846851b0,0.9916317991631799,0.24233617447427203,239,131
21e7c9bffcbc9cf7,0.8571428571428571,0.31257220321256846,245,91
21f93d2bbb75bc36,0.9556451612903226,0.402209474717262,248,277
21fcf003e919811d,0.34156378600823045,0.17998700204889057,243,135
2203fed6cdb62f69,0.9778761061946902,0.5142032195629157,226,92
2205e4bdba4ac3aa,0.9705882352941176,0.48204405534003564,238,105
22137d2902fc2400,0.5394190871369294,0.289010342862377,241,116
2227b9a5d1e98de3,0.9839357429718876,0.4710134096265221,249,270
223d472d01417a25,0.774468085106383,0.3889724994627776,235,180
2243edf4edd59e2f,0.875,0.6503376981172966,244,82
224948f4f8511cd2,0.6936170212765957,0.35693010192167546,235,287
226197c7448339c4,0.691358024691358,0.3524522740045179,243,80
22920e278eb4b3bd,0.5491803278688525,-0.16908309011034447,244,78
22a8caa54f63732b,0.9957446808510638,0.21138157131218888,235,119
22ae4a447e0ec5d7,0.9672131147540983,0.3656406499590497,244,103
22b93b65ccaeb95c,0.8149659863945576,0.4072607731246175,245,114
22e3c035283ca90c,0.384297520661157,0.22196839270101806,242,151
22f269cd574f243b,0.9588394062078271,0.5711123968073507,247,203
230ec5637bf10a5b,0.9012345679012346,0.467256027697756,243,95
2328ec8ac7a02af6,0.9877551020408163,0.44822154838127154,245,268
2339eefc73d6f72b,0.5,0.47436546779604083,232,83
2344a4bb722ac061,0.8612244897959184,0.5482222242199805,245,478
237a8f25c1cb6570,0.5815899581589958,0.371836211420646,239,87
237d5e65297c1e65,0.991701244813278,0.25020787593602417,241,98
2394b3ddee63891c,0.522633744855967,0.40417701670441486,243,617
24085ce0934c184f,0.9875,0.29702496307648946,240,152
243f3ddada8f1986,0.963265306122449,0.6294483501691616,245,161
245c101880e4841d,0.7983539094650206,0.373303818973991,243,108
2474186cd200ef7e,0.8264462809917356,0.11810484394881017,242,89
24815106b3c01396,0.9838709677419355,0.3161320387639884,248,221
2490ab3dffd98976,0.6686991869918699,0.6040317309260406,246,127
2497204906f018f8,0.9135802469135802,0.4171858115121053,243,72
249946d20152d8af,0.6337448559670782,0.44610845320549314,243,296
24ab994266681281,0.7866108786610879,0.3774929260614726,239,107
24e0bc6e3d5f120c,0.9786324786324786,0.601891686821417,234,114
2500b8963ff6c745,0.19753086419753085,-0.09023442456723424,243,106
25031ead5a7d0e5a,0.46558704453441296,0.3767022233117125,247,237
25064118d436b567,0.6157024793388429,0.1344783923413663,242,151
2520b27c1f6c263a,0.9834710743801653,0.4013210604318641,242,94
252d13bb2889ac76,0.984,0.4613193646597729,250,224
253bf0292af9d450,0.5467479674796748,0.3500621409755908,246,152
255810ee11e339bb,0.9356223175965666,0.2805899988315859,233,112
255a4cbe96b72fb8,0.9796747967479674,0.6011948783499351,246,561
25689c30ee134919,0.9834710743801653,0.560541997342165,242,87
2578ad89e5bd2479,0.9121338912133892,0.34948347609091057,239,164
257b221a6d4caa8d,0.8278688524590164,0.48472371493907096,244,97
257f6c23b35f2c93,0.963265306122449,0.46298069972518446,245,229
258be9d6d9411f25,0.9790794979079498,0.4093309691819227,239,111
2593cec6354577f3,0.38524590163934425,0.15659226493463205,244,125
25b1882194717c5f,0.9833333333333333,0.6191023871332346,240,156
25c3ca215772d08b,0.9387755102040817,0.21272878927594935,245,191
25e74a025d09a5a3,0.2767489711934156,0.16816369097989273,243,99
26476d4f69a6f6f0,0.983739837398374,0.4268896766353079,246,379
26553f031c72fcf9,0.15546218487394958,-0.22052524433763437,238,95
265789e9e5a7c9cd,0.9079497907949791,0.38280913871507577,239,203
2666d745dd71b779,0.9796747967479674,0.3335935351214837,246,607
267b17b360eed750,0.6104417670682731,0.05756287646487349,249,217
267dc3651e7bcbbb,0.4089068825910931,0.11578673795056584,247,118
26871616face8822,0.9794238683127572,0.5253290186419026,243,99
26894565c3e02d22,0.925764192139738,0.3765331482210597,229,118
26982ddde7917d86,0.3159722222222222,0.22843697238182487,240,97
269fd3dfb6544e17,0.9916666666666667,0.469494624336613,240,96
26a44ef44e81bd2f,0.9959016393442623,0.3689152851060145,244,194
26aae1cfc935ce9b,0.9877551020408163,0.5362625053925403,245,94
26b1beeabe593d0c,0.5121951219512195,0.2548381802352596,246,213
26ba8711371df8a5,0.9779735682819384,0.4396429037427771,227,95
2704e2d2c7085502,0.9705882352941176,0.3057580276081039,238,122
271754dbaa9300db,0.9806067588325653,0.5722630730081137,248,105
271e52bdcb66ad40,0.9432123655913978,0.6607863334275708,248,173
274ec726b4c43e14,0.8658536585365854,0.3858736991097256,246,383
276512f6a2a03a08,0.9314516129032258,0.4567457953358526,248,391
2766e7aaecd4514e,0.9759036144578314,0.59222031682443,249,509
276ed015dd5afaf2,0.691358024691358,0.5405052319424749,243,73
2772b899eb5cd5c7,0.9631147540983607,0.43187705387811004,244,298
277b56d45b5c256e,0.8625,0.3275382166682051,240,288
27a83ab6d7ffdf49,0.22633744855967078,0.05927432525233067,243,79
27b5bb52afcae600,0.8529411764705882,0.5453640396319693,238,96
27b65eb97ce7107f,0.6651785714285714,0.193568218255855,224,178
27c0d8bf12192e65,0.8024691358024691,0.15511503544036176,243,83
27c0fb321affe31d,0.8693877551020408,0.2935146332180101,245,229
27cf390e6f48ea6d,0.98,0.5734820829868609,250,307
27ee9429a2a44889,0.2550607287449393,0.34196873702359987,247,141
27f56f226f5bb673,0.8601694915254238,0.42363409641547206,236,86
2827bda06cd53ae9,0.6782786885245902,0.2061907901675753,244,87
2828831d856e340c,0.967479674796748,0.5420843109219778,246,186
282b6ae5f7dbb568,0.9352981029810298,0.5920189859207544,246,96
282f3d09a49e2e75,0.9958847736625515,0.38236200952127297,243,101
2831cb29d6ed2a51,0.919494655004859,0.5647275712717983,245,85
28367c377609e281,0.1446280991735537,-0.10219294015129116,242,110
28472a87d0523598,0.9918032786885246,0.41368651249040833,244,100
285f823de8abf9d7,0.9874476987447699,0.19321508522866127,239,96
2866743658d8cfb6,0.02066115702479339,-0.33861889527195016,242,159
286d0c42bee5e768,0.982,0.5516207265882918,250,239
28828a34e61525a0,0.7958333333333333,0.4367963819931535,240,117
28927266be594026,0.6694214876033058,0.3248910672505201,242,133
289ff80c7afeba59,0.9838056680161943,0.3815268423668277,247,340
28dac0dcf6ee82b7,0.9759036144578314,0.47802487699331736,249,521
28fdabeb72c529d3,0.9913793103448276,0.4103317442067614,232,88
29280571b6b6e973,0.9163265306122449,0.5220116943915744,245,81
294bca08372a607d,0.9959016393442623,0.20710896558274536,244,122
295d8a961efea486,0.948936170212766,0.43194630700725667,235,82
296dc4c3584df6c3,0.9397590361445783,0.38677546195685963,249,133
29731dff5b9a39fb,1.0,,249,273
29b49f0f852348c7,0.9871794871794871,0.46244974506304515,247,167
29c25f1cdf969ac7,0.9838709677419355,0.3683591980617584,248,636
29d42a676dea4f0d,0.5535714285714286,0.08826642110308504,224,178
29dc969f9f3104f8,0.5185185185185185,0.24278898317236527,243,105
29f87a8054612bd4,0.926829268292683,0.22804373559190477,246,70
2a0cb4c809ee3c7c,0.66,0.02183832580197493,250,217
2a35aa7bd998338a,0.7883817427385892,0.5939529839996875,241,156
2a42771d75434fc4,0.98,0.6244778973880547,250,248
2a543a1dbdb20df1,0.3516949152542373,0.19160043723185324,236,103
2a67e0aa2eb05277,0.5140562248995983,0.10875042742547826,249,340
2a6989339d5fbeb2,0.6270491803278688,0.42999176451813015,244,617
2aa555620e7d5bdf,0.9917695473251029,0.48299764553642505,243,108
2ad1271b9d567abf,0.9517006802721089,0.6609065800113038,245,102
2ae383e80adde431,0.8934426229508197,0.3990491105107921,244,595
2ae5fe1fc2b6a230,0.9836065573770492,0.2522989824881914,244,111
2aeaafaeedf4030a,0.46473029045643155,0.007607049432291929,241,173
2aee16013121dc8a,0.9620253164556962,0.3877524141948526,237,103
2af8c0ea5ada6d83,0.9586776859504132,0.3586450776914698,242,129
2af8fadfd45ebb4b,0.7620967741935484,0.6670650778227015,248,130
2b04de4adcb678e8,0.9103139013452914,0.5070063022930216,223,88
2b0820cc4026ee73,0.9836734693877551,0.5535257461236259,245,131
2b2e792534fd050e,0.9877049180327869,0.4475333961203201,244,269
2b4ed1c6304372a7,1.0,,227,89
2b52d8c153eefd51,0.8709677419354839,0.6211974825917431,248,447
2b7d562754e356d6,0.979757085020243,0.4974086157801053,247,269
2bafdaff3fb310a9,0.9875518672199171,0.534413145036881,241,227
2bdb6a3070701000,0.3748271092669433,0.3109203593144729,241,92
2bdda80a919f969a,0.8468085106382979,0.4879615537208637,235,86
2c36a06f071d6f21,0.6680161943319838,0.41499993863148477,247,245
2c4fa778f76d8390,0.7647058823529411,0.3112081470762798,238,61
2c67ad3f9381f545,0.058823529411764705,-0.3407794884210628,238,58
2c69984ca93efba3,0.569672131147541,0.5656438146407471,244,122
2c6ba4f4433e04d2,0.34146341463414637,0.41077717918484147,246,174
2c764defd8da56f3,0.8541666666666666,0.3024128188957441,240,199
2c80a288627d90cd,0.6491935483870968,0.5707424973580167,248,212
2c8123b12481e0a9,0.9467213114754098,0.5694288852410931,244,86
2c8acc4016020a62,0.9916317991631799,0.49743531835756877,239,179
2c918eed11c13f7b,0.8162393162393162,0.40155099104422287,234,110
2cb9bc2d531a716b,0.4066390041493776,0.4247111248077631,241,73
2cbc09386d39f8c4,0.8506224066390041,0.21802747011146664,241,96
2cbf05a03199c7ca,0.6857142857142857,0.30168196159172317,245,217
2cd9799f359148e4,0.7682926829268293,0.5931288995086915,246,671
2ce0465b04fd5a34,0.3416320885200554,0.2028707496123142,241,97
2ce8f13de77d2960,0.9833333333333333,0.5150101420651491,240,118
2cf8683047ce4ba1,0.7682926829268293,0.352608784492544,246,671
2cfbd1db54194f63,0.9551020408163265,0.37327722647461054,245,221
2d083e10a533a74e,0.9483471074380165,0.18044867496272646,242,93
2d0975307644fa01,0.8493723849372385,0.505401932945575,239,143
2d266b47937bc694,0.30864197530864196,0.389692351670481,243,71
2d4c092e5f401c60,0.9380165289256198,0.4206729915576717,242,60
2d5e9597c5e23256,0.8448979591836735,0.5900718875017175,245,595
2d6789782da597d5,0.6153846153846154,0.38094912556719396,247,669
2d6d5f1cde3545e6,0.9839357429718876,0.4913009381591027,249,276
2d8a265a3e70b063,0.979757085020243,0.41233314883854577,247,284
2db4bd5277077b5b,0.7510204081632653,0.37037928453620944,245,269
2dc2a02042364c92,0.772,0.565399840468733,250,559
2dc2dd08ac3c2f32,0.9873417721518988,0.3990007017465719,237,111
2dca7ed994b68fbd,0.6378600823045267,0.2880376001655857,243,124
2dd586553d8b35ab,0.6861924686192469,0.33310019732955604,239,105
2e129f81a056712f,0.23651452282157676,-0.04815936569120414,241,148
2e1649732af146d0,0.8925619834710744,0.30897770615297204,242,162
2e49c0cc38266a2f,0.4380165289256198,0.3279625592721238,242,704
2e6091701f1b2e6a,0.9958847736625515,0.37611389536807516,243,107
2e9f5483e0df557d,0.5168067226890757,0.2140224165856425,238,71
2eaa2012f70e917f,0.9834710743801653,0.528903000092183,242,92
2eb03225aa0db422,0.30165289256198347,0.05071576878634965,242,70
2ed20151e2fd7ab2,0.29918032786885246,0.18335585193582518,244,125
2edb9d7f2e2e7217,0.6428571428571429,0.2717842573438458,238,62
2ef10dc0f1f8397c,0.9758064516129032,0.45426243667512944,248,237
2f218891ce8dee95,0.8801652892561983,0.33162403145754676,242,162
2f2cb4fdab4e0155,0.9545454545454546,0.5721993642644426,242,91
2f307dcd0ed609ec,0.9918032786885246,0.49274502473491094,244,100
2f313f77e75b6a10,0.9549180327868853,0.5016842519627212,244,569
2f5d560a4a65a7d5,0.6666666666666666,0.5097715752273752,240,171
2f97a9ff90ba5770,0.6446280991735537,0.22090596287706304,242,217
2f9cc60125f5dfeb,0.7581967213114754,0.477962283857318,244,1791
2fa936510a5886f7,0.975103734439834,0.5311595604270848,241,140
2fc45e01eb731c1e,0.941908713692946,0.3627655752839083,241,111
2fc5b0ff559482a0,0.9139344262295082,0.5151836452284113,244,67
2fd0a9191f8b67a1,0.9836734693877551,0.4647254816045886,245,242
300835e9532b85ee,0.5690376569037657,0.4501059572338916,239,263
300e8d18aaaa0378,0.4637096774193548,0.23320983048352964,248,340
30257e7b6944e34c,0.9917695473251029,0.5058606911055374,243,96
30263e0960840461,0.9878048780487805,0.49933132758864934,246,269
303c9df51a66d841,0.5877551020408164,0.3819815593111562,245,447
30415bf504d87a46,0.9446808510638298,0.4710112983785873,235,67
30a67a3a9de26228,0.9834710743801653,0.5527188158041099,242,73
30c9ebc2d6cf29c5,0.1440677966101695,0.017827741386702994,236,95
30d17a0e8534fe7c,0.8386350491613648,0.5263168087746862,247,92
30f6463a0eb1aea1,0.7366255144032922,0.6018840364108399,243,940
315c0c328ed6c23e,0.9791666666666666,0.43979028510610835,240,103
316a6392e814d8dd,0.9583333333333334,0.4588149669086966,240,257
316c68129a46f4e9,0.9695121951219512,0.5813962614979377,246,162
31719f53f4d0d9dd,0.5126050420168067,0.41604409079109067,238,83
318036dd1cb61fd1,0.8875502008032129,0.5264036495955657,249,212
31820038faf26591,0.5247933884297521,0.2638474828957595,242,94
31b59341a5642aca,0.8945147679324894,0.3785747510302539,237,175
31c15883b465bfe5,0.6653061224489796,0.07445157324257695,245,87
31c36d58ddfc0ade,0.9878048780487805,0.4730210093517426,246,269
31c54fd1b62c419d,0.4008438818565401,0.5059327415187297,237,113
31c9caa1c5e8303c,0.9090909090909091,0.2915420918925931,242,383
31d486894d0db291,0.6831275720164609,0.48649547097751233,243,429
31d4fd781a6c4057,0.8724279835390947,0.5351794724002551,243,115
31db01f995d406e0,0.36475409836065575,0.23280499778108413,244,88
31fcfcd435fce04d,0.9717741935483871,0.530829382081742,248,298
31fef6fce3c34b0f,0.42168674698795183,0.37417274679389445,249,380
32016d7be60ca442,0.9176706827309237,0.4232624196589668,249,89
320f39c4c91162a3,0.8388429752066116,0.06259990369376575,242,84
32332cf2355d372f,0.9752066115702479,-0.04324706065607917,242,102
324298104692b09f,0.6748971193415638,0.3906136040368112,243,509
324d82673cc9540c,0.9919354838709677,0.43827465974109947,248,566
3254823537de5bdc,0.7383966244725738,0.41520607137683585,237,109
326743cfdb35a0b7,0.9875518672199171,0.3351012025272268,241,373
32a552f4ab2d9541,0.7377049180327869,0.2502167528248079,244,106
32bd55fff4b82270,0.9759036144578314,0.5534381734741557,249,254
32d9a311383be370,0.9663865546218487,0.640577362444458,238,88
32dc7bb88305825f,0.7763713080168776,0.09207015727971501,237,91
32eee969c2962466,0.995850622406639,0.017749533836946548,241,103
32f3ce0a266b61ee,0.7510373443983402,0.5778831322008109,241,162
3310b20be05d3091,0.9163179916317992,0.5516601128757738,239,52
3324354370f8ccf4,0.8888888888888888,0.27702168932257637,243,103
33260d14d600278a,0.8653061224489796,0.46029364602549644,245,115
3339e56b8fb30666,0.9835357624831309,0.5937838824603011,247,98
33529f407f61e7da,0.9590163934426229,0.5128203225205445,244,140
33533688e00ea865,0.4074074074074074,-0.2958852768133196,243,127
335c93046719d296,0.6434426229508197,0.11600934561354491,244,121
337c2148e44858b5,0.9876543209876543,0.4237210403193096,243,95
33af41e02fe5cea6,0.19753086419753085,0.19884011956934336,243,133
33cab29097297c39,0.9435483870967742,0.33764377559258835,248,186
33dcec9a1c9bce77,0.7764227642276422,0.4113482242059756,246,175
33ddda3533edea98,0.5228215767634855,0.03262662594438042,241,95
33e957c7fdff6cb3,0.985,0.5968459928104297,250,200
33eef759d4c755eb,0.9875518672199171,0.5192887959778126,241,158
3405373b4ea4f780,0.9835390946502057,0.3651310486188443,243,56
341aaf4d3f6a20f8,0.7379032258064516,0.5318318901699336,248,272
342b574e7e497cb4,0.8709677419354839,0.5200637149635752,248,301
342f1e8491b47ee3,0.5894308943089431,0.36851481043641754,246,509
3434579d1917a886,0.9129554655870445,0.46041585455940914,247,124
345a864315aae2c3,0.8353909465020576,0.30616603241353957,243,132
3472621842f4db1f,0.5582329317269076,0.1494388560917773,249,211
3474c655091f5a41,0.9799196787148594,0.5105728123834984,249,275
34854370a5e7dfe4,0.2024793388429752,0.15754810615657222,242,66
348dc134a3768729,0.9799196787148594,0.44497869326214945,249,255
348e85fc17065766,0.3237704918032787,-0.08009155259580475,244,121
349f1748041666f1,0.9759036144578314,0.4503485387384576,249,278
34a4125261d9eddc,0.8947368421052632,0.25452243447713224,247,671
34a9b068108d8513,0.9836065573770492,0.5094954400945183,244,58
34afc66797f8dab9,0.28661087866108786,0.043516116085209715,239,104
34b184033bd3c7b7,0.9799196787148594,0.3442129736500356,249,211
34b7c0e46dd5992e,0.979757085020243,0.41046675191700427,247,228
34b7d331bf6111ef,0.5708333333333333,0.2979768217336243,240,88
34bb0df32105fc6f,0.9875,0.3525140759644284,240,109
34c2be8f26ca38f7,0.9670781893004116,0.4505129154781911,243,106
34d4ed9460951779,0.9919028340080972,0.49421548810982985,247,187
34d62f4198ed6b76,0.983739837398374,0.4924730819338362,246,268
34ddda1c26d5aba0,0.9958677685950413,0.23260595711219567,242,95
34e94de8771b85cb,0.43673469387755104,-0.13172862505165298,245,121
34f4dfc4b9054a73,0.9879032258064516,0.4780450916197931,248,298
34fe1c9459411c7e,0.8833333333333333,0.33816764433899665,240,102
350770876ecaf5cc,0.7710843373493976,0.5408813525403796,249,447
350adf4eead4c15c,0.9916317991631799,0.5332781831084654,239,99
353ceb45a6f20941,0.4574898785425101,0.23014930011297396,247,118
353de6dbd5588120,0.9915966386554622,0.3526007151696424,238,73
3566f6d42a7d3c66,0.6721991701244814,-0.10407309457291584,241,45
35744722dcbdf05e,0.6814516129032258,0.506020880052449,248,162
359e058e85cd6587,1.0,,241,96
359e117295786923,0.9196787148594378,0.2322603847969746,249,63
35ee29c71ec18a2e,0.43983402489626555,0.23115970082117498,241,109
35fb0c07845cf372,0.9666666666666667,0.27504788853733975,240,74
35fb13efaccffbe0,0.8699186991869918,0.2726767700559661,246,110
360f833e7bfc0804,0.48523206751054854,0.2462583417084411,237,155
3630bf1280ca3aff,0.9098360655737705,0.2539564221157916,244,113
365a6d0092e49862,0.8870292887029289,0.3506307649599649,239,128
36600819871bbed0,0.7238493723849372,0.2579379049119615,239,272
366c211523d2d3e1,0.9518072289156626,0.6240046049653614,249,467
3676b75231d96a64,0.9775510204081632,0.6282617034314285,245,167
369b375ccd9744d0,0.91701244813278,0.6007014379999354,241,53
369b713f94762e46,0.9138888888888889,0.43010800720198494,240,88
36a5668665b109ec,0.984,0.5855459824180582,250,197
36b19f695600a5b8,0.45643153526970953,0.2749680185182083,241,101
36babc48b442bac8,0.9710743801652892,0.6471020699182624,242,68
36bbaba8053f3b94,0.9794238683127572,0.5563807962378898,243,81
36e3657edbedde59,0.7368421052631579,0.404263857368597,247,619
36e8e8b2e0ea9f15,0.9590163934426229,0.4297203626980694,244,129
37005e8a402adef5,0.967479674796748,0.5346257755251996,246,80
371caf241a27d92a,0.9139344262295082,0.6200254363801312,244,109
3722528b11ccf0c9,0.9914163090128756,0.16788254604786174,233,92
3724d10c1d8d1c3a,0.9838056680161943,0.5737202083469161,247,503
37324ced889fcbd8,0.972,0.5141163424288637,250,227
37329aa6bec1a3bf,0.98,0.5398133267004855,250,244
374906c8a4a20558,0.8319783197831978,0.608025433483824,246,149
3759dc434b509ebc,0.9672131147540983,0.5190253311394529,244,185
37759bacbedd0c97,0.9637096774193549,0.5240884790072707,248,527
379400eed5e825ee,0.6182572614107884,0.3221768007357062,241,176
37ae98793b2645ec,0.983739837398374,0.44717525220051974,246,112
37b00345088aa32a,0.9416666666666667,0.3744923906595061,240,81
37cf9924e9e83a65,0.8647540983606558,0.4225544626919545,244,106
37d9ea5b7a6083d1,0.5725806451612904,0.43369333811679067,248,384
37dd39b98d0a95d5,0.7479338842975206,0.05001656631363397,242,83
37ff3a8d3a62bd83,0.9917355371900827,0.2299975056678123,242,94
381f995236879671,0.98,0.4259319683750118,250,259
3828b067317baba2,0.4811715481171548,0.2921188762048995,239,109
384ca468a0b1c235,0.9916666666666667,0.5187971151397313,240,72
387f4f23fa75e030,0.6129032258064516,0.5331045515405383,248,316
38828581755190ce,0.9713114754098361,0.30263386250223007,244,120
389082f0205a769a,0.8326359832635983,0.520356624089808,239,98
389548e35fc790fd,0.65,0.36745083941915707,240,110
38976b0e83c99354,0.00819672131147541,-0.00020984213478617876,244,166
38a99f1e0e9f172c,0.808,0.43202535473454157,250,508
38b235987965b30a,0.8818565400843882,0.3759494233699187,237,100
38b991ebba9f2ade,0.8268385176651306,0.7215113738196259,248,83
38c736fabf0cc418,0.9539295392953929,0.5100586893920462,246,77
38c952735c73e8aa,0.9676113360323887,0.43694324273952284,247,91
38e70647f07465a1,0.9876543209876543,0.38098988361484215,243,181
38e98931ee66056f,0.9873949579831933,0.4156661788649205,238,112
38fd0ddcd5c6a673,0.9959349593495935,0.31074150380080284,246,503
3933db37c365f1ec,0.976,0.5032240839040016,250,266
395b1ce665fc4388,0.8755020080321285,0.4801197798828133,249,397
395f359b78551f4c,0.5101214574898786,0.04855368048288204,247,258
395f648bd0b4971f,0.984,0.44094990702675274,250,240
3969eba5be7a977a,0.9833333333333333,0.48975519620385477,240,96
3985cb9f931ff381,0.9876543209876543,0.1757286550229083,243,103
39ae552f1fedd21d,0.9759036144578314,0.4378328623305526,249,228
39bc197355e4387d,1.0,,231,88
39d5db0e6dd9d995,0.8155737704918032,0.29748298268210616,244,100
39e19599fb8b4947,0.1652892561983471,0.06403742329771395,242,225
39f6bd0050a527ed,0.3584070796460177,0.06922137636070329,226,178
3a31ac941e07dc69,0.6694214876033058,0.5419909752614999,242,1791
3a3537ba9edc11b1,0.6065573770491803,0.170652706757858,244,112
3a54373b34a5caf4,0.983402489626556,0.5513157141726577,241,73
3a6b8d9eb278a02f,0.9717741935483871,0.535495361612272,248,242
3aa4b0e432fefcc4,0.9253112033195021,0.460714145765684,241,111
3aad1c3f5520200c,0.75,-0.059081039236886415,240,45
3ad47ade31a58ac1,0.6571428571428571,0.48420956309215846,245,535
3adccd88a594a486,0.6463414634146342,0.20385928199684306,246,114
3ae0e30990f5623d,0.967741935483871,0.6214547140356639,248,520
3aeb97f18077fd13,0.9832635983263598,0.36841343165151463,239,101
3b1239efc4e6d047,0.9315548168134986,0.6827297245436384,249,71
3b165d5129387670,0.8713692946058091,0.5805843286123875,241,145
3b3486875f02da2b,0.975,0.5102464281328791,240,87
3b4b96a1d94db56a,0.9835390946502057,0.5688184658549245,243,122
3b565db3a04cb572,0.983739837398374,0.47575048613606413,246,284
3b60f34f50e7ec5d,0.9554655870445344,0.4442114742132685,247,230
3b640fae2f73dac3,0.7235772357723578,0.3824518862993942,246,509
3b7523433704210c,0.751004016064257,0.5086930244184967,249,135
3b7ebfa3929e6ad4,0.9637096774193549,0.587294601162744,248,509
3ba010161f1c3074,0.9543010752688171,0.6800418650132526,248,203
3bbc94a12f6d2b89,0.7983870967741935,0.6200391326973013,248,447
3bbdb06e40eb63ff,0.9754098360655737,0.5163974149965893,244,503
3bd4f44099f62787,0.9558232931726908,0.5321078901706803,249,527
3bfc689f16320c47,0.8760330578512396,0.4876265529093773,242,88
3c0e3890e75be548,0.9755102040816327,0.4337272264586566,245,257
3c2544cafc141c2a,0.9629629629629629,0.42674152110268104,243,87
3c46ad6469a2641c,0.11244979919678715,0.0755556762741253,249,214
3c52111a24a71fbf,0.9917355371900827,0.5018634726308377,242,92
3c68e683176d2184,0.8072289156626506,0.6273374195869887,249,447
3c72ae853855447a,0.384297520661157,0.5403965363150409,242,67
3c750a3241c55354,0.7375,0.30910765394990397,240,93
3c8525c0d212a217,0.8669354838709677,0.5385616140549141,248,288
3c8723ec02dc4b5a,0.976,0.458483628706336,250,317
3c8ad9254ed4c1d7,0.7642276422764228,0.5232622766381283,246,135
3c8f2367330eddc2,0.9753086419753086,0.5457586772503932,243,92
3ca5f1f605e2d30d,0.9227642276422764,0.2765945798819986,246,70
3cc7534ef7885f01,0.9506172839506173,0.31591884880294313,243,55
3cdd279baf227904,0.9669421487603306,0.6177370787613015,242,105
3cefa4a5298a6eac,0.823045267489712,0.39600123890209665,243,766
3cf8c954e6898f41,0.9748953974895398,0.4497454452150988,239,103
3d033c36921c5f09,0.9506172839506173,0.408601968688163,243,76
3d16f4528c94ff5a,0.5,0.40282088663581034,245,116
3d1b5e9ce2d7ef82,0.9045643153526971,0.5050999140879615,241,88
3d3298f5a78ea759,0.9663865546218487,0.5624422528770653,238,105
3d412c4015e745c4,0.8032786885245902,0.4390592246137233,244,447
3d4b8630cd1f7fe5,0.9758064516129032,0.5581230746577873,248,281
3d6690a2545a44b6,0.9868951612903226,0.4553597918468055,248,125
3d86f2632662c94a,0.7611336032388664,0.6337757534465213,247,248
3d9dbe48eb8f0cbb,0.9746835443037974,0.28848587660269054,237,111
3da18dae1c44c0b4,0.8099173553719008,0.24802598562726264,242,95
3da316ad41aabe94,0.5941422594142259,0.23776476869573085,239,179
3db1318ae9a55588,1.0,,240,108
3dcd07bedcfbd879,0.9635627530364372,0.5816077924762382,247,552
3dd5b2ec7325cb2d,0.5951417004048583,0.5521494812481014,247,253
3dd70bad0e288af1,0.6118143459915611,0.374509025775632,237,124
3dd8e043b6c5f619,0.525,0.41004414874418393,240,246
3dd9d9b6c009286e,0.991701244813278,0.23913640960578209,241,96
3de239f0eb596f26,0.6081632653061224,0.513383647592292,245,761
3deb14ac3974e977,0.9795918367346939,0.5498853806651506,245,189
3deb61290b568be3,0.7708333333333334,0.20703322474835278,240,175
3dfb55dcc8ead9c8,0.7125506072874493,0.6023268268217843,247,233
3e30ae05036a2117,0.8117154811715481,0.126141666837282,239,96
3e6133ddafbeb6ce,0.8791666666666667,0.046664816614537676,240,90
3e8dda8ad9601571,0.4641350210970464,0.2164656709650078,237,61
3e90da70ead8971b,0.860655737704918,0.49210907529646664,244,153
3ea5ab399a4678bd,0.7066115702479339,0.4727421249849408,242,93
3ec87a255850fbb3,0.9838056680161943,0.47456572827367416,247,89
3ecb4e5659e4bc93,0.4979757085020243,-0.01583387367923398,247,153
3ed4cd26a9a00d3a,0.6129032258064516,0.42149555639729286,248,226
3eda614eae73c47a,0.5465587044534413,0.31147455795899776,247,130
3ee10ab8fb763517,0.573170731707317,0.2062094303970853,246,462
3ef4a0e67b85093a,0.7899159663865546,0.47327229950244193,238,130
3f11ed50dda02f6d,0.6293103448275862,0.24967350861694854,232,213
3f428ba4f4667665,0.6056910569105691,0.2096573173177391,246,112
3f4561ac322697d5,0.99581589958159,0.3320925035197831,239,108
3f53301a6c3e8ab6,0.91701244813278,0.4948929722797911,241,83
3f5d9bf06f27a055,0.6570247933884298,0.3483469780582118,242,108
3f6d5d18e606c013,0.9877049180327869,0.47445981955161187,244,237
3f74335c95335e09,0.8728070175438597,0.2923923286515318,228,91
3f7c0fc9e7bd20b0,0.472,0.21773524559293744,250,625
3f7d4a5a600bdf95,0.7580645161290323,0.3430629410607055,248,185
3f83dc60fab8ad0e,0.975103734439834,0.48451883277401314,241,77
3f89b6da0236e04f,0.8376623376623377,0.5347299793586323,231,86
3f912670f1c84b19,0.8723404255319149,0.49577166444805393,235,96
3fa2d1324671dc73,0.92,0.3641896891105614,250,278
3fa4bf9a18888902,0.9738191632928475,0.5304533325389096,247,70
3fd32cf45f98c238,0.9831223628691983,0.5526171564829875,237,103
3fd3e20dbec425e4,0.6363636363636364,0.3299443745259643,242,700
3fdf3b92b497c61c,0.9831932773109243,0.23923592025915436,238,114
3fe39c792e8f86b5,0.9076305220883534,0.5551798478328505,249,212
3fe5798951c772b8,0.975103734439834,0.59323866359918,241,90
3ff86ff905a86c7b,0.946058091286307,0.42574598425486476,241,58
40087a7ebf014a3a,0.946058091286307,0.4686297550281507,241,217
401da37823903f24,0.9772727272727273,0.5171664745688149,242,70
4031ae70609aed6e,0.9918032786885246,0.33325335361524183,244,78
4042b6f81177bef9,0.9958847736625515,0.18133290779764608,243,95
405662caf06440b0,0.717741935483871,0.4936690971706263,248,253
40870310d3350851,0.7292517006802721,0.23219533217116708,245,109
4098684e37b37590,0.983739837398374,0.583294150280131,246,237
409d8e0e5f121f97,0.968,0.5224688219174923,250,310
40a57531613f8cfe,0.9082633053221288,0.5530047429966358,238,82
40adfd00b5f58b4b,0.9874149659863947,0.6344035301264181,245,167
40b7433699413419,0.9717741935483871,0.5539002484584762,248,526
40ba4b5ec9219b33,0.9665271966527197,0.1342640492243076,239,121
40df48a3496f7be9,0.98,0.4955341383251841,250,263
40e53a6ae56bf4d3,0.972,0.5715355621564409,250,249
40f2a0d68bf2a9bb,0.9846666666666667,0.5912164088815638,250,200
410fbbbc16acfe7d,0.988,0.5402506664690594,250,188
4110b16a17368388,0.5271966527196653,0.3249023335647127,239,296
412f1a1314dd6d79,0.9958847736625515,0.3574931779674796,243,78
412f4b97cc140121,0.8693877551020408,0.07038165595435776,245,118
413215c9c5e4d814,0.43388429752066116,0.3372805830144696,242,108
415f2d764fad3f49,0.7829787234042553,0.3631640040468204,235,79
415ffe000912b8c4,0.9959839357429718,0.30212162442047474,249,274
418234543e054bdf,0.5826446280991735,0.273755654586071,242,73
41871fe6d69f5b0b,0.4098360655737705,-0.3214237041941677,244,127
418f5ff1d0bd2e36,0.6864406779661016,0.26335951687039794,236,131
419aac118b1b8c30,0.9839357429718876,0.4195931585768476,249,234
41b98dd737d675df,0.860655737704918,0.2907639057765997,244,92
41c2365627891d73,0.4426229508196721,0.29821335127211707,244,74
41df1e9a7a5f48f0,0.6625,0.2264469203821244,240,177
41e18aaa591c6c95,0.3551020408163265,0.3948998756587926,245,1350
41f151d446bcb8ae,0.26337448559670784,0.30144941766818706,243,95
41fc674d05ddd9c4,0.9020408163265307,0.5352015550384608,245,67
41fce746653dd3ce,0.9367088607594937,0.5758235935032768,237,172
42268aa0599c7e14,0.9442622950819672,0.5587692968670149,244,77
423d17376c8fc83f,0.98,0.39180386482803015,250,247
4248f35be8515b57,0.976,0.6040381824662334,250,252
4266c4852f670749,0.8297872340425532,0.5063253125014084,235,98
426bf39666b0868a,0.9879518072289156,0.2938116948110154,249,287
4274a4b0b8029960,0.8414634146341463,0.5782312037367962,246,71
4275b1b79ddf5317,0.9572649572649573,0.4078949267244447,234,121
4277fe0a05834925,0.1487603305785124,0.06969153157325524,242,88
429af654396b683f,0.9493670886075949,0.40182583253127513,237,111
429d53a8f5c9dcd2,0.6370967741935484,0.31594939464203803,248,226
42a2724956f2e075,0.9919354838709677,0.3711638207556064,248,255
42a4ffce3e9d8f11,0.6842105263157895,0.3813170796798711,247,139
42ae8097be77a5f2,0.7037037037037037,0.22439427476405846,243,89
42fbd162b8c55e31,0.9793388429752066,0.3217365074393362,242,371
4307cd3c3a32d4cd,0.7355371900826446,0.2432581734740057,242,85
431317bf9bf9abc7,0.9308943089430894,0.5341870653782933,246,113
4326a5a21f612f12,0.8060344827586207,0.355447491129834,232,168
43325a78f9468226,0.34508990318118943,0.23136626746786465,241,92
433aea69b4037dee,0.6680497925311203,0.480572356610457,241,176
434a5cbdf830a2ee,0.8512396694214877,0.40784919634669414,242,160
434f9d9587ef2171,1.0,,237,95
4350e60c9a60b583,0.9838056680161943,0.3593584618982402,247,391
436caf102a4b8a1e,0.9588477366255144,0.5758011211560008,243,118
438bb077331b84d6,0.9205020920502092,0.30989296930899335,239,144
43969f4795a54822,0.9714285714285714,0.14108749193187284,245,211
43bfc869d44858e1,0.9036885245901639,0.45568886124436186,244,98
43efdbf840d1d8b7,0.7795918367346939,0.4060983299584811,245,130
4418928751bd7bff,0.7008196721311475,0.32756156115398705,244,112
442b788cbda85eb0,0.9004149377593361,0.47821034395025996,241,61
4446ca9528ec6937,0.46218487394957986,0.1707046984451998,238,74
444a6f44836d5eb9,0.9919028340080972,0.30236097337860124,247,255
44620d2d11a5edef,0.7010796221322537,0.6179086403264431,247,123
44743b11ba60d532,0.975609756097561,0.49564132616653206,246,95
448c544312800c06,0.9836065573770492,0.4381769419375695,244,193
44b283a5b74ea160,0.5975103734439834,0.29988827896118486,241,124
44c9c04d0d1960c1,0.7782258064516129,0.39265914678773245,248,205
44dc67bc37b83801,0.9586776859504132,0.39983089476949185,242,91
44e07cd57d7b8d1e,0.9149797570850202,0.5621391940625895,247,679
451b59eab1fdeaff,1.0,,237,103
4534dd244ca1b183,0.4426229508196721,0.12436067509139077,244,228
4548ebf2cebc3837,0.9874476987447699,0.41171612682547376,239,95
454e2f2de7fcee30,0.5166666666666667,0.31925695613788313,240,296
4554f3067319a963,0.9958847736625515,0.21759320252687925,243,98
455bb6ec961ce386,0.9294605809128631,0.4477699719725485,241,111
457037b3257e18e3,0.2768595041322314,0.15378742364724765,242,176
458a4079de3e4249,0.9017094017094017,0.47699099904785625,234,84
459c1251e55ac0ff,0.7795918367346939,0.27543598164339883,245,62
45bea969e56ddc29,0.6968325791855203,0.32916213609015393,221,83
45c29d6ef541aaac,0.5504201680672269,0.28828337866121184,238,87
45c41e740ed3f5ce,0.6464769647696477,0.5801883314241943,246,94
45de418b20666257,0.9364406779661016,0.32127271437483645,236,144
45e2caf95c85b749,0.5601659751037344,0.42825231438813693,241,86
45f8c7d933dd333f,0.9412955465587044,0.7444158541927131,247,203
45fe45fe49b724a4,0.8178137651821862,0.44560452854526605,247,537
46054682d115e9f4,0.9878542510121457,0.555520337943065,247,136
4606f53955cc21bb,0.9915966386554622,0.5300025808899345,238,109
460a1daabc1e9043,0.973568281938326,0.5301541553266955,227,95
462280b4adb26db8,0.983739837398374,0.5342528051423826,246,538
46304e3e1215cb59,0.7352941176470589,0.3376733909276608,238,96
463f73459b428c47,0.044534412955465584,-0.1535830066846598,247,109
4640fac7ed1e4890,0.5785123966942148,0.3655242955048447,242,147
465828b326087c85,0.9714285714285714,0.349921363967162,245,61
467771d4ce7a8274,0.9787234042553191,0.6234942417530746,235,91
468a27077d626f8e,0.9180327868852459,0.5379722779926638,244,291
46add03313b3a084,0.9757085020242915,0.28921686855373596,247,231
46b16a86d9f890ad,0.19491525423728814,0.16855126070575058,236,99
46b16aa109cf0834,0.3,0.19465803556691058,240,61
46d95f5df7dfabd5,0.9798387096774194,0.40666182517923,248,548
4771fb595264c546,0.984,0.5038721452527389,250,265
4789398668da94e2,0.9875518672199171,0.5456627347070913,241,107
4796b83e877b250f,0.9527896995708155,0.31350945281239273,233,103
479e53380d2aa7f2,0.532520325203252,0.23531404222408808,246,115
479f25825aa26b95,0.967741935483871,0.6010274150935916,248,569
47b03a82dc8930c8,0.7630522088353414,0.599590452362764,249,204
47b7229fec6f3624,0.7426160337552743,0.18800618012051473,237,62
47c47be2deb62d32,0.5983606557377049,0.3181345949279122,244,70
47c7d7a230270423,0.9372384937238494,0.19932202956331194,239,90
47c809ae52d924f9,0.3039972899728997,0.07083669389311967,246,97
47d89a6a6928d80d,0.30833333333333335,0.2591993555801898,240,92
47e70e8b650b2529,0.4430379746835443,0.25765940522187286,237,93
47fb74827b474518,0.6270491803278688,0.011066707019106586,244,153
47fe88dce5fcabb4,0.7815126050420168,0.4263053849203687,238,88
4827a584d9e33829,0.8024193548387096,0.42356318069437304,248,156
48316feb70e616ac,0.9795081967213115,0.5548890268311581,244,92
4839c8c78fe3effb,0.26859504132231404,0.13363905434953063,242,157
484e4b5355b36fa8,0.987603305785124,0.3844555804142869,242,94
48630f56452cfe6b,0.9267881241565452,0.624864105663716,247,92
486ff6288081c417,0.7368421052631579,0.4428944775421911,247,60
48718e64a949dded,0.49795918367346936,0.127437263309615,245,334
487a14c3ad2ca9a8,0.7020408163265306,0.28742798110997164,245,120
4884f2c151b0076a,0.35864978902953587,0.2769535204968501,237,94
488a97cfcb603c28,0.9482758620689655,0.5468551990628657,232,94
48c12411ae1d0065,0.19834710743801653,0.1567278395974135,242,75
48ed0ba1085295a9,0.5504201680672269,0.4107217287994055,238,90
4912c51a525472e0,0.9798387096774194,0.43950963566307394,248,248
4929c50731d44652,0.5020161290322581,0.30820595199269923,248,152
4931354ddf1c3ebe,0.9711934156378601,0.41234399750388734,243,151
494476461637d4c0,0.36475409836065575,0.015949763812498824,244,157
49468344af7b46c7,0.8471074380165289,0.43055241047458137,242,121
49474ea01e0b93fc,0.9758064516129032,0.4458982894100542,248,529
494a8195b1fa8d2c,0.42738589211618255,0.35704047187038357,241,246
4953c8e5127ea646,0.29535864978902954,0.04043952688918516,237,150
4968caa0764d673e,0.7142857142857143,0.39141527894684564,245,120
496a4a8497421946,0.9274193548387096,0.49661760224400503,248,593
4972b19cc27e1831,0.8586065573770492,0.16661405632603898,244,94
498d7541e041e537,0.6769911504424779,0.26734741975614046,226,89
498e94fa6023b332,0.972,0.5362595588453405,250,270
4992455024cb298e,0.9583333333333334,0.2977240440000718,240,156
499cb88499573816,0.47107438016528924,0.28693055823927016,242,73
49afb716519e9c25,0.6604938271604939,0.42710929468159026,243,296
49c2f3aab4934802,0.9626556016597511,0.4452952588959541,241,86
49ff6711903f0387,0.42083333333333334,0.15540517807096846,240,109
4a062397e2c5e68b,0.9758064516129032,0.5348909127043044,248,603
4a16c2ab120e5d5c,0.4918032786885246,-0.1338996828597666,244,89
4a1afe0825084d24,0.45121951219512196,0.20439465731173295,246,153
4a1e484e5b118548,0.35684647302904565,0.31739103360836285,241,119
4a2073cdecb85867,0.8448979591836735,0.33250908537554963,245,55
4a2588c8d381718a,0.9262295081967213,0.3498340031215563,244,104
4a276a198be471af,0.9552845528455285,0.3040305491259814,246,106
4a2daff1542a96c3,0.9380530973451328,0.45221032990736143,226,96
4a32d2084d5c7fa0,0.5846774193548387,0.3196516496399935,248,115
4a35cedfa2599753,0.75,0.572098855037907,238,113
4a41ad237396f9d8,0.7405857740585774,0.5341810465932316,239,117
4a4a373b3384463a,0.9635627530364372,0.5254659175845235,247,607
4a6ba6720a80d59b,1.0,,235,96
4a96f6866d2ee303,0.9662447257383966,0.20619599283515794,237,117
4aa6f5758f6cad6b,0.972,0.5985191761210227,250,265
4ab7af7f11a6bd8a,0.25833333333333336,-0.14569388621855855,240,109
4ac16dbb38369914,0.9878542510121457,0.4986408091875482,247,242
4acd10f18401009b,0.9878048780487805,0.36796666753876317,246,189
4b12a9d1c9d4fa11,0.946058091286307,0.4478632962739726,241,257
4b3adc09872f0221,0.975103734439834,0.3135147863373524,241,90
4b3c025af30d486b,0.8536585365853658,0.37306924035878125,246,446
4b56db7a9958c06d,0.22406639004149378,0.05914667969993692,241,70
4b67690d76cbe77d,0.26639344262295084,0.12220546950788429,244,75
4b777e71d6a1709e,0.7447698744769874,0.5382056173357546,239,136
4b86012a7fcd8235,0.9678714859437751,0.6115573298864125,249,529
4b9c427e02f153e9,0.8215767634854771,0.4183876642567415,241,88
4ba48de87a13262b,0.975609756097561,0.600181750220134,246,189
4bab3b4ad5556a3f,0.9912280701754386,0.08139753855149197,228,91
4bb8eaa70e22251d,0.7949790794979079,0.2479158186980255,239,98
4bc5fe41de3d451a,0.9916317991631799,0.4918596200384967,239,112
4bc6de0f8575c426,0.9576271186440678,0.2537641791357977,236,94
4bd417cd2880237e,0.8577235772357723,0.4361870275051995,246,91
4be1b30dfc067e60,0.5877551020408164,0.21241813984862845,245,277
4bfd919bc47c3324,0.9918367346938776,0.43301117252060767,245,561
4c01902110671e4e,0.37872340425531914,0.16180302735751298,235,103
4c0f7a6e572a0899,0.4026548672566372,-0.14129037059069452,226,188
4c1332ff8ef2b967,0.988,0.30418970214198476,250,228
4c1632142a6be3cf,0.9259259259259259,0.581680615961298,243,97
4c262aef25fa6201,0.6333333333333333,0.12231368216134358,240,85
4c2ffadca48232e2,0.8081632653061225,0.2922037662267804,245,62
4c30aa0608cc64f0,0.995850622406639,0.131583842356088,241,102
4c364d9d641f7e48,0.5766129032258065,0.3142601519606759,248,165
4c48f2256b438897,0.6818181818181818,0.509996969981912,242,761
4c90acb1f7176eec,0.563265306122449,0.338852890861237,245,117
4c9dbfc2dda0f9a1,0.9876543209876543,0.3870603438876517,243,95
4ca36878bb2d7df3,0.7459016393442623,0.19366485855255045,244,63
4cc0c50c44340fe9,0.979757085020243,0.5359944435848578,247,89
4cca3271c65e9fa8,0.9718875502008032,0.3729525216456391,249,281
4ccc2e4e469ed1fd,0.976,0.4363263174120706,250,275
4cda0cc4340a2f9c,0.2653061224489796,-0.2683035297150678,245,121
4cdc102d5a6b8da5,0.7782426778242678,0.2759333755358675,239,132
4cdf08d6f190bb4b,0.9375,0.46962877084697924,224,88
4d079e6c927a2343,0.8825910931174089,0.49441808937058535,247,109
4d07da9afbf9fc63,0.7310924369747899,0.3106803841450738,238,96
4d4b1e1955e38a68,0.9796747967479674,0.5660020573835511,246,636
4d7766ef56031e42,0.9051724137931034,0.3070454247213701,232,128
4d7d061dd0b7ffd6,0.9875,0.42273199693045693,240,114
4d9c73041fc30162,0.9796747967479674,0.47903960130721585,246,285
4db178efb2d6ea39,0.6680497925311203,0.23280451329815816,241,110
4dc98d194a86a896,0.8097165991902834,0.28095516544080357,247,70
4ded61bd5b035c77,0.9878048780487805,0.2614972786289364,246,155
4df421a20f349df3,0.9670781893004116,0.6121113476402333,243,379
4e10f7f00d431ebd,0.9875518672199171,0.5209847479130666,241,90
4e174a1ca65100a6,0.9757085020242915,0.5598978847768644,247,607
4e1c1ecb402c1fcc,0.9873949579831933,0.5949534343366865,238,106
4e22bdc9375b3155,0.984,0.5638736840473373,250,188
4e237bc524a96d78,0.984,0.4952525619682192,250,261
4e394d4ab802cff0,0.9708333333333333,0.30209308127547935,240,68
4e54fe2f2e1e8615,0.968,0.5723958860344537,250,265
4e58c7f9f6baf952,0.9670781893004116,0.4551323866930759,243,86
4e647135e3e16d9d,0.9835390946502057,0.2660285390890496,243,100
4e6c370fc8108038,0.9208333333333333,0.4300142248865899,240,115
4e6dc4e34c6b2701,0.9912280701754386,0.3642754750300511,228,85
4e85add4fea88b76,0.963265306122449,0.530554285983053,245,74
4eae2540db30c701,0.8677685950413223,0.4161796075089947,242,215
4ebad75215d82c65,0.9758064516129032,0.52487655480375,248,490
4ec02a5e548f2c57,0.9831932773109243,0.1316075229160907,238,99
4ede4597715bbaf4,0.6041666666666666,-0.04457504326955096,240,89
4ef33cf880ea17da,0.9688796680497925,0.6071619351324702,241,82
4f0f23ef9aca3853,0.7131147540983607,0.41376018971891965,244,132
4f1a2b267230822c,0.7325102880658436,0.07577854545660648,243,277
4f1d4376ed955597,0.5122950819672131,0.2714128655469498,244,143
4f34acef98340e58,0.9173553719008265,0.17114641522945187,242,81
4f6e495e3b1c4c33,0.975609756097561,0.44933179513041294,246,569
4f846b3efdec3aef,0.8594377510040161,0.3028897288665807,249,116
4f86d308be23f1de,0.8911290322580645,0.4999645484210117,248,59
4fa2ac71ab84636f,0.7336065573770492,0.3174400043179499,244,111
4fb70f875cb35856,0.16049382716049382,0.1990922013514577,243,75
4fc43fd3a0717c31,0.9573170731707317,0.5961133486410991,246,162
5021dd03bd1fc549,0.9588477366255144,0.5397792106830861,243,67
5048b7918819493e,0.8506224066390041,0.36431649422287077,241,156
504fc6f52ed466f0,0.8916666666666667,0.577713725902912,240,70
5052cb746dce7984,0.9915611814345991,0.21970134757959223,237,77
50573ec9dd32f663,0.9620253164556962,0.46175862367091086,237,117
5063d3e0e3a1d9c0,0.3817427385892116,0.3366920435559254,241,257
50746c0707b4c9ae,0.7119341563786008,0.34468313953996504,243,80
5080cefb57b56895,0.7877551020408163,0.4342535850828012,245,103
5084191b4c950be1,0.7160493827160493,0.15618393971294528,243,300
508db18d19743c0f,0.6612244897959184,0.4047916928554148,245,535
5093b38f42bb8f5d,0.8024691358024691,0.4560968604563492,243,151
509d1cc716197eeb,0.32098765432098764,-0.028592851614059847,243,148
50a681bbf3771b7b,0.6991869918699187,0.40122529521906264,246,462
50b2a1d7e83c029f,0.6979591836734694,0.42504427350602836,245,113
50c63513c53f3338,0.871900826446281,0.13404669261861665,242,129
50dbae483e836575,0.9026548672566371,0.39201421066631087,226,95
51066e1db8bddca2,0.8583690987124464,0.5262679692976306,233,181
5110b9ef8f646bfb,0.9879032258064516,0.477930829129289,248,306
511c702b8cff2e30,0.5755102040816327,0.04168618281716948,245,116
51304fe93d5e29fb,0.9552845528455285,0.5831204399538846,246,95
513d752426b6bfa7,0.5443548387096774,0.3850117861326874,248,450
5145187228ab10e5,0.9467213114754098,0.2628485069358445,244,78
514b930436049edc,0.5084745762711864,0.2978464923286347,236,83
5150e3adbe16a97d,0.1700404858299595,0.2174038298816462,247,85
516f578db1893e5b,0.9796747967479674,0.3575139574133682,246,106
51726c49cb49ad15,0.7540322580645161,0.2505692536125609,248,94
518d395f359aba88,0.9959839357429718,0.18899707678852487,249,245
519cb616b6c20af2,0.8714859437751004,0.396613561025728,249,248
519fd91e402e00e0,0.984,0.513672927506806,250,231
51bd032d72ebb248,0.9959016393442623,0.21287913756797006,244,100
51becb34033af922,0.8765432098765432,0.3782551315601741,243,105
51ef6b3da8c7cac9,0.9796747967479674,0.44126896296478535,246,106
51f5dad5f496487e,0.44081632653061226,0.36532983381637835,245,119
521096f3aa4be482,0.6833333333333333,0.2333148917701483,240,62
521a75dab7130d96,0.9057377049180327,0.49114890297944397,244,52
5239eb34adadafb0,0.9755102040816327,0.46705017789791586,245,552
526da4747d487948,0.9879032258064516,0.5101986535151792,248,279
5276bd1ef9065602,0.45228215767634855,0.32941039706735525,241,108
527b9b47d05d10fb,1.0,,241,79
52813d3658f867a7,0.9803427419354839,0.6151719880254739,248,122
5281891a9bc5e262,0.9629629629629629,0.4173241772099301,243,298
52a114f67891d73d,0.7352150537634408,0.38421840019059184,248,64
52c20590782a0037,0.6108786610878661,0.14343777270678926,239,163
52da6623f58ab52a,0.976,0.5851071910229969,250,275
5355c0002497e394,0.4859437751004016,0.014897227699537767,249,147
535dfb370d21a7c6,0.8669462116830539,0.5759500110336035,247,92
536e28fdbd75d27e,0.9875518672199171,0.5321215301143776,241,112
5392b06b27eb56ff,0.943089430894309,0.37235798619797456,246,72
53985ee700d700b8,0.3153526970954357,0.32845027631650087,241,86
539fe80602dfb2f6,0.7366255144032922,0.3610310264049709,243,269
53b247b05093c1ac,0.8589211618257261,0.1351289508554176,241,129
53b5ca1058eeaed5,0.4713114754098361,0.2701316615880668,244,94
53b779559bd6a89f,0.6676788124156545,0.6153123412279149,247,123
53bd9fbcbc863081,0.5454545454545454,0.036228679837915154,242,135
53c14d485a25dccf,0.7942386831275721,0.5047749813687799,243,117
53c838aff80901a0,0.6882591093117408,0.34032257827090434,247,376
53e8cf934594c48a,0.7203389830508474,0.3298568800835662,236,131
53f953af010e47aa,0.15481171548117154,0.045207659775568614,239,69
53f98fcac6df7c3a,0.5551020408163265,0.3130110582324777,245,117
542143cddc17334e,0.9179248935346496,0.5578307030072289,246,85
54778282ee8fb634,0.9673469387755103,0.4289366314129973,245,106
547b8546c1a9a348,0.8962655601659751,0.2171390566946425,241,144
547cdd94a6431259,0.4279835390946502,0.38685953483423013,243,71
549a852af0f09da6,0.9858299595141701,0.4907652112827772,247,161
549dcdf444f68b7d,0.7419354838709677,0.49686226542136097,248,135
54a9ff57660de614,0.8495934959349594,0.1578098413316156,246,158
54b1336d6295fe1e,0.987603305785124,0.5141880196090743,242,91
54ba1188c6144ba3,0.2647058823529412,0.22028485099371062,238,94
54ed43ac943e5922,0.967479674796748,0.4782660360419394,246,86
551d2b4708917a53,0.8861788617886179,0.6994822066330157,246,232
5544635cc720c286,0.979757085020243,0.6087954173877326,247,269
5547e77a352d29a7,0.9635627530364372,0.6585978158069917,247,89
554d11642ebb8434,0.9297520661157025,0.3442753889274251,242,102
557658ef1a16158f,0.5365853658536586,0.2365931099693175,246,334
557692b3a4bc86e7,0.995850622406639,0.3646167074406437,241,118
557f2fc7f23fc9be,0.8340080971659919,0.31077319536384784,247,71
5595dc28467afdbb,0.9874476987447699,0.5115068281989781,239,70
55a7fcf9ca23082a,0.8208333333333333,0.39270557949657725,240,145
55a990e9c632920e,0.9510204081632653,0.3000932692518328,245,78
55a9e82009e494a9,0.9428571428571428,0.5624262135516847,245,741
55ae3a929a24379c,0.9142857142857143,0.40277603212646373,245,232
55b740999e2624f9,0.6448979591836734,0.388509367338333,245,237
55d277b74fb821f6,0.9526748971193416,0.6991445380895381,243,79
55df9a6e771cf97b,0.801255230125523,0.5090128789380322,239,74
55fca195d138d16f,0.9877049180327869,0.3675562201984926,244,275
560113db8adb494f,0.7136929460580913,0.2457186797806553,241,107
560cbf3763d6f04f,0.6639004149377593,0.5003286411048101,241,158
56148cd836c3b06b,0.6762295081967213,0.1882569804276098,244,326
562b1c0b1d8dd1d7,0.44534412955465585,0.15417450065753882,247,118
568702033ee7ba74,0.9957983193277311,0.23541058900623832,238,108
56a81a3a6cdf93e7,0.27983539094650206,0.30675949157145943,243,108
56af552f89483183,0.7172995780590717,0.07299016698475388,237,90
56b9a44873ade72a,0.9816666666666667,0.6255236898536598,250,248
56b9c18f2c3a157a,0.303778677462888,0.22943687256761783,247,90
56c9eba6a1dc6d1f,0.6611570247933884,0.45284189953699727,242,70
56f5a4bb6ab50938,0.9590163934426229,0.5659267145663917,244,140
5717a5c762b0dc96,0.9,0.5352879334445666,245,124
5724360739087334,0.7721774193548387,0.5275894606100279,248,175
573d8768ca617725,0.9717741935483871,0.46955388217346816,248,583
576608efaf9fe1dc,0.25850340136054417,0.2752421255652668,245,108
57674e385f1111d3,0.5203252032520326,0.29971422458508146,246,194
5797b210f76245f0,0.8387096774193549,0.2675731247361988,248,478
57b347bd34173630,0.957983193277311,0.5329642247352718,238,99
57b97ea8e16a4857,0.8866396761133604,0.4590538799270388,247,63
57caeb01bc9bceb2,0.9918367346938776,0.2181983197626385,245,299
57dc2b844532c22c,0.9759036144578314,0.59222031682443,249,568
57e3e662c4749783,0.6557377049180327,0.3353963884373878,244,117
57fcfea016194aa5,0.6776859504132231,0.004587244858936996,242,88
581f299391ab4d48,0.995850622406639,0.24687280295792516,241,107
582338c97a710bf3,0.9306122448979591,0.5482569401373821,245,113
5829f1fa1f0d3b1d,0.5918367346938775,0.23829468182887892,245,213
5830397fc827182b,0.8866396761133604,0.19042463680559418,247,77
58306a64ad920010,0.978624445729709,0.6840454506504574,247,122
5834f303e4cf9023,0.2652439024390244,-0.1381806495660426,246,96
58403caf2e53ea20,0.6370967741935484,0.5572281513100656,248,102
585d6b036d42d60b,0.7627118644067796,0.5394235651937092,236,136
585e57b236760632,0.6831275720164609,0.12988058502921765,243,94
58a8f0712e4b32f2,0.895397489539749,0.33186917937299637,239,179
58b5917555ccaff4,0.981010217852323,0.6546690404286434,247,105
58d7601d555113d0,0.9678714859437751,0.6031102991807179,249,255
590dd7a9a789ed0c,0.6460905349794238,0.35292646141632394,243,72
59250c885b1fdc73,0.6748971193415638,0.3133848112542011,243,97
59360754016d8881,0.6820083682008368,0.4507358304909313,239,171
59598ef4a27ebce2,0.9585034013605441,0.6167654344864195,245,79
598462bc4c30f3ac,0.4425531914893617,0.1266045821742233,235,75
5986dd18d5c15b66,0.8,0.45359315978600073,245,397
59a115fff565a22c,0.15289256198347106,0.1886684709367731,242,66
59a948593849156f,0.731404958677686,0.5549244124185819,242,162
59b5d2285521aec8,0.5206611570247934,0.058923970164007605,242,94
59d75e0c7f10d2b8,0.28512396694214875,-0.23379414346025826,242,109
59dbf36a9365632a,0.8734693877551021,0.37850686652829674,245,215
59e59d8b5c6bde20,0.9747899159663865,0.378882893416362,238,96
59fe277603bb0951,0.7542372881355932,0.06161587967888501,236,75
5a0381c5f5b6a6d7,0.6359832635983264,0.28686306555251756,239,118
5a0a6c078a23f3e2,0.8765432098765432,0.5290010887109706,243,68
5a0c11d9ab4e308d,0.9917355371900827,0.3470523731741242,242,96
5a568ba307ce1656,0.988,0.3754094532084289,250,317
5aa0512350373731,0.9714285714285714,0.5132017469993274,245,108
5aa5156b3dfbfe8e,0.8612244897959184,0.22314091091640878,245,103
5aaa78ad7597e07b,0.9758064516129032,0.5991964519671007,248,212
5ac7b0d9d3e88f28,0.9453781512605042,0.4238866603410188,238,94
5aeb873177b5e584,0.968,0.5430585057739984,250,280
5af215b457200177,0.7702127659574468,0.4097582040112499,235,90
5b09910d4b2d50e3,0.9839357429718876,0.48666197042386,249,265
5b22b2caf9fda935,0.9631147540983607,0.34681433801184475,244,217
5b22c3e829d84cdc,0.9838709677419355,0.48932455205688563,248,343
5b31a2dc8bd1c895,0.9823008849557522,0.2936184610838426,226,95
5b54056fa5269dcb,0.6065573770491803,0.24064448486368395,244,669
5b5ab85bd64b799b,0.9747899159663865,0.5625989106500427,238,105
5b8bea37e6ba0e6d,0.6795392953929539,0.42993683596234056,246,113
5bb83375aaa7b185,0.9873949579831933,0.42812245064058096,238,112
5be3a0177456f501,0.6307053941908713,0.17479936686770348,241,91
5c0e4091f7f24305,0.7398373983739838,0.3983271173509832,246,59
5c16f793ad08e303,0.1962809917355372,0.017352307932108797,242,108
5c2dcccfc0e5390d,0.3257261410788382,0.012158769371243314,241,104
5c335af045e4e8d2,0.24173553719008264,-0.10408872013414175,242,98
5c4507d731e59a1c,0.2670850767085077,0.19985187228347473,239,98
5c5b5a6f8755d21b,0.926530612244898,0.521696825940518,245,60
5c5e3f9cc879c6f5,0.9416666666666667,0.48307719478141814,240,97
5c66df86d47f5d9a,0.0163265306122449,-0.06063051819823374,245,159
5c7b4d5eae8258df,0.9876543209876543,0.3322100809380833,243,111
5c7ea69d65e50bdc,0.976,0.565697113584414,250,286
5c874813f256481f,0.9959677419354839,0.3021920271605465,248,242
5c8b287256d6112c,0.9916666666666667,0.4283828004901169,240,119
5c97984d35b9626d,0.04219409282700422,-0.0969930875908105,237,97
5cc58d63413f8421,0.992,0.21309419211367073,250,250
5ccc4ff5aeecd3c4,0.9795918367346939,0.5736412480794134,245,155
5cd164cab6015ef8,0.986,0.5809564576070565,250,239
5cd18655a81c0981,0.9799196787148594,0.4448129960694989,249,583
5ce4d7c85b45ccd2,0.3472803347280335,0.3984915726779026,239,107
5d1675c7fe0cf490,0.5041322314049587,-0.21644176557738684,242,92
5d2088c5a75f1aa3,0.7008547008547008,0.21008216823971196,234,163
5d25c1ac43b4102e,0.27983539094650206,-0.0468367586663389,243,150
5d63cfefe51fedcf,0.9625,0.17861941075013474,240,88
5d78d73d2d947105,0.9748953974895398,0.5266882953106578,239,88
5d8ab839fe92aa86,0.975,0.4698790269895915,240,140
5d92af0dc21b23a0,0.9838709677419355,0.37874890969995195,248,285
5d9c1b764ba416e7,0.983739837398374,0.5271740059003605,246,226
5d9dfdf59ec745d1,0.8951612903225806,0.565559980652505,248,679
5da45f1ae34a77a3,0.9717741935483871,0.44798757463483635,248,549
5db315f8f9996e5b,0.9173553719008265,0.5494768620273269,242,58
5db5a2ed138f6a5b,0.3728813559322034,0.28320944980409857,236,146
5dc2d4968c76006c,0.35655737704918034,0.265064956180874,244,704
5dfde8452fe86b2e,0.3097165991902834,0.28875158190695666,247,90
5e03893ab7ab85ea,0.91701244813278,0.21655892524434495,241,99
5e05115815fd1329,0.9718875502008032,0.5169995562673356,249,285
5e0aad47fbdf8092,0.9297520661157025,0.474848654626914,242,58
5e0b186a4837972c,0.92920054200542,0.6593190631265008,246,92
5e1ba8bd90be5600,0.6611570247933884,0.41795146842988773,242,429
5e397564e5d2353f,0.5481171548117155,0.2935733510655054,239,178
5e3a7fbd76f517db,0.984,0.5057305591505683,250,261
5e4641bb39ac47b7,0.9149797570850202,0.25869714106770025,247,52
5e641f94d6065e02,0.972,0.5809564576070565,250,310
5e7cd1c090de07b4,0.9758064516129032,0.5901206667327046,248,520
5e835e2a63be8d04,0.995850622406639,0.3742106831649617,241,142
5e88a6cbb4586adf,0.95,0.5157730810103275,240,61
5e8b21b64b69f684,0.9504132231404959,0.28969356139449837,242,97
5e8c98b7aa8b9206,0.9314516129032258,0.32699464724846056,248,288
5eae11afd2a3830f,0.7459677419354839,0.45275009446660613,248,64
5eb0a4c4996811ad,0.959349593495935,0.31375748749351423,246,583
5ebaf92c6a9f82db,0.987603305785124,0.5463392974637546,242,102
5ed156c4ca6a85bd,0.6746987951807228,0.3796125310604944,249,162
5ed312a08811c8bc,0.7379032258064516,0.39680274249363356,248,223
5ed698a2e30bacc5,0.7755102040816326,0.2397517764578381,245,63
5eeba406f08bc1b3,0.4686192468619247,0.4457332101189494,239,86
5ef83fd032ea208e,0.9090909090909091,0.32767896214071823,242,99
5efb60e9fe967f47,0.9780701754385965,0.3987291226221675,228,85
5f0ed8b9c7b8df1e,0.8471074380165289,0.4621978662651715,242,72
5f20b2e2e3fff783,0.746938775510204,0.3065316088305644,245,90
5f2f354dda8b41f9,0.38016528925619836,0.2765616885999009,242,429
5f4fc771bb2a2d8c,0.967479674796748,0.4967523411467069,246,526
5f51a76e68276792,0.9385245901639344,0.6355518797485924,244,329
5f538036c91e8829,0.25669398907103824,-0.17602141414678574,244,96
5f601640665cd2b4,0.9915611814345991,0.44877016971491535,237,119
5f65eaead4a92dd1,0.860655737704918,0.10484626997374513,244,326
5fba16a98ab10135,0.943089430894309,0.4348654473283666,246,115
5fed784b8cda28f1,0.8518518518518519,0.24296152528457815,243,80
60019d7f58da2c70,0.6569037656903766,0.5158214606091048,239,156
602900f50e902fa1,0.8353909465020576,0.3774447465853548,243,121
602bb6d5440902bd,0.8306451612903226,0.30305444681373583,248,253
60412cbd3867655c,0.9798387096774194,0.5201396343981273,248,577
60530be49f929cd1,0.9824561403508771,0.3418876519227964,228,85
60762b704b3fa486,0.4732510288065844,-0.1314727587595215,243,78
6082862f5eb86e97,0.9344262295081968,0.599448609800127,244,129
609846028df41938,0.6,0.3064767230313079,245,84
609f1d9b2c5292b0,0.798639455782313,0.5802335578679239,245,130
60adaba1bd2b49c6,0.6065573770491803,0.21414250760918513,244,429
60adbb3992ab284e,0.875,0.4100704672523972,244,91
60b933b88fb0bb2b,0.48770491803278687,0.45798172601033915,244,68
60d237702c581bc2,0.5390946502057613,0.1804890575151352,243,107
60fdb6c15866673d,0.9556451612903226,0.501019775617347,248,587
6124c95bd1765921,0.8,0.4975609402391185,235,74
6151882c3f89edee,0.7804878048780488,0.5081956438398182,246,430
615bf7e6375b4fdf,0.4918032786885246,0.03822011499395393,244,116
615e43675d98c11c,0.7932489451476793,0.40163756780150445,237,88
616bfc938d590447,0.9379217273954116,0.7032116532008804,247,108
6184f8d5789ca4dd,0.7520325203252033,0.5207727596913403,246,135
6193649a0eb796e4,0.7302904564315352,0.051591696983829954,241,292
6195a03e4db1e472,0.6748971193415638,0.11207335102554238,243,68
61b9b362f9ed30a9,0.885593220338983,0.4903017181570203,236,84
61bb9f1080ae0510,0.9423868312757202,0.5183003873501519,243,72
61bde62d1bac1220,0.974025974025974,0.5129596388875398,231,85
61c5a6f0803df626,0.9427312775330396,0.2709640589455118,227,88
61c908eef5ecd7fe,0.9759036144578314,0.39873573934208933,249,274
61d557caeb4f1b14,0.7407407407407407,0.5772892177625037,243,940
61d6c94af68b1349,0.21074380165289255,0.1938504309131735,242,225
62081aee7294b796,0.819672131147541,0.014984115276085756,244,84
620a26413b8ab545,0.9758064516129032,0.38335232469591113,248,115
620ff503730f54f9,0.6713900134952766,0.30789956206591074,247,113
621107f2803e3c82,0.9868421052631579,0.28470136436348126,228,105
621b8fc00f02f1eb,0.9390243902439024,0.5754227171490583,246,110
624b535d9c45a20c,0.6075949367088608,0.2525976390635038,237,68
6250b44ada0eb06e,0.7833333333333333,0.3862747665996095,240,107
625bf0c88d3a8584,0.7923728813559322,0.44126801401157956,236,149
62639353bca7febe,0.972,0.5985191761210227,250,274
627eb8d2a85387b1,0.9102564102564102,0.5604766745192997,234,53
6292af77c3b18735,0.9543568464730291,0.46024638350395486,241,61
62ceaea1ab11b388,0.9872881355932204,0.3269112917480924,236,72
62d1b5525778939a,0.7049180327868853,0.4312606788105348,244,108
631678241ce7f934,0.757201646090535,0.39220026190257334,243,1791
6326d3ad9d34fd19,0.9956521739130435,0.3932789235897273,230,93
6384b45500213bf6,0.9916666666666667,0.4275920985974689,240,92
63ac451c2b608d58,0.8426724137931034,0.5068425487097794,232,86
63beeedcc57df071,0.9549180327868853,0.4873147240000838,244,103
63ddb1818643814d,0.7385892116182573,0.5327573101394748,241,761
63f4f033fd70cb56,0.8701298701298701,0.34904539145914293,231,81
6404a77d76d42055,0.7580645161290323,0.3759349304262777,248,64
6416f2bc70704b7c,0.9715447154471545,0.32420334003104323,246,112
64171702a748133a,0.9874476987447699,0.3634542649787887,239,179
6431ad7f84e0c06f,0.5245901639344263,0.24225712570702543,244,105
6432d42efa986545,0.9380165289256198,0.49045252438959025,242,145
6433b0589a9f6b0c,0.9753333333333333,0.5620442029899134,250,218
64358c2591e28b74,0.8619246861924686,0.39438403418227724,239,156
6444781b03170df8,0.9310344827586207,0.516995828027372,232,84
644aa9baa37d47e1,0.8257261410788381,0.24078438082267076,241,103
645282448db36215,0.982,0.5426156988486553,250,239
6459e270c4f590c5,0.8475609756097561,0.6412759880219341,246,149
648ed24e4ff7cf83,0.8934426229508197,0.4032091883239337,244,80
649879d21f87077d,0.9497907949790795,0.28299882426978085,239,110
649a8e0b914d8293,0.9835390946502057,0.5558107578984027,243,95
64a878e8aae59d16,0.975609756097561,0.410392268653065,246,284
64ace353ca39363d,0.2839506172839506,0.22388628615403183,243,94
64d1705a3d4b28a3,0.4895397489539749,0.3584733748090842,239,155
64f34c241d3a0ab8,0.9838709677419355,0.5396645945541988,248,540
651f1529c04296bc,0.9759036144578314,0.5994655486514127,249,274
6525cd27b4cc8033,0.9146341463414634,0.44344043418178786,246,186
654a5c1758daa4fe,0.9917695473251029,0.22818879981038595,243,72
655e51be46e3c4b4,0.7714285714285715,0.4722618963319503,245,121
6580523fefc43f6d,0.5333333333333333,0.42639581486274303,240,95
6589b33dcd8f3ad0,0.9635627530364372,0.52866630536871,247,112
65931aacea86f1b2,0.9873417721518988,0.48328141199347263,237,93
659cc15a3985e268,0.9176954732510288,0.33257956633484204,243,89
65d5b4bce6f09e2e,0.8489795918367347,0.28509064792204714,245,63
65db617e2c8daf77,0.9714285714285714,0.504430605953003,245,233
6616f268f8800237,0.9029535864978903,0.2370412231559996,237,100
66219a3555bb4fd6,0.987603305785124,0.39075878966178584,242,373
66302694d68da1fa,0.9838709677419355,0.5056787776136514,248,490
663202af0f08b0ba,0.5504201680672269,0.02729585956070547,238,103
664167e93ee15ff8,0.7349397590361446,0.32135031459934127,249,136
664ef4f64617cd53,0.9957805907172996,0.13090823178443892,237,82
6660e44a64e07e4f,0.9549180327868853,0.43320396560364954,244,102
6675c16f1383f624,0.8780487804878049,0.4672990024292895,246,109
66a631d781a946ad,0.9393939393939394,0.48371170585621615,231,94
66b5731ad65f28e9,0.9533898305084746,0.45487184256805235,236,117
66d3d56ae7e6e9c0,1.0,,244,236
66de713e67b7afab,0.8847736625514403,0.44186921023316156,243,97
66e2954809377248,0.9020408163265307,0.37973159103083237,245,52
66e915864f68aa34,0.8739837398373984,0.5976887944944821,246,272
671db8c45ae97346,0.8463114754098361,0.41289902931923644,244,114
672253921be1a260,0.4403292181069959,0.3677712380613228,243,246
6752fc42ca5fd074,0.8312236286919831,0.136367485541271,237,103
6776b715d8f5beb0,0.3884297520661157,0.20429650427723686,242,74
677e7532faaa4ffa,0.275,-0.04181201055235802,240,127
6783f50d2ee67397,0.9431972789115647,0.662800206735937,245,79
67892562c60bb03b,0.4107883817427386,0.10502922250999719,241,174
67999d77daa6e41b,0.9590163934426229,0.4593714660489502,244,98
679b0125ad64f0bd,0.8373983739837398,0.3117253503797701,246,100
67b26b83416af79c,0.9793388429752066,0.4203041096116849,242,79
67b2d51e53e7f06b,0.9105691056910569,0.19348762856271015,246,187
67d99fffd2b045fc,0.9795081967213115,0.614445696510148,244,220
67eb0aa1ee5b91cc,0.9586776859504132,0.15811683294001205,242,98
6846555bfc5afb02,0.9919678714859438,0.3497540993498647,249,211
68504913998f1f90,0.47520661157024796,0.4217250374159624,242,68
6869e58b62ab0f6a,0.8114754098360656,0.5012832672412261,244,705
687ba7cf2176a7b8,0.7868852459016393,0.32690079833956415,244,108
68895440c2bcc9bf,0.46887966804979253,-0.23852751409598585,241,104
689172b4c97dd49e,0.9547325102880658,0.3301319527155364,243,129
68a3e4ea57e88a01,1.0,,240,94
68abd2236b4f6f90,0.876,0.5630342305175811,250,268
68b84ba38e5ba0b7,0.9336099585062241,0.4787014707398315,241,104
68bf68e36f60fadb,0.38114754098360654,0.36531927972397804,244,74
68c929e7d1be22a7,0.4732510288065844,0.3445858056626094,243,116
68e30af253988940,0.9773333333333333,0.5110181814975111,250,218
68f23654192702f0,0.44583333333333336,0.3658085094238452,240,155
69008605f780e6b1,0.4834710743801653,0.19763041132564327,242,74
690a9addc5f4bc1c,0.9836734693877551,0.3938413632548631,245,58
690f786e924ccf01,0.9958677685950413,0.3746837418230433,242,104
6911391e2b95e52d,0.8625,0.4344193478393525,240,203
691577e5099a7597,0.9823008849557522,0.45016167600518825,226,85
6915aa48425b42d6,0.7282981765500556,0.8456535499862238,248,173
69223bcbbe3d7e55,0.8493723849372385,0.4108941521101094,239,98
6937463120e7a13a,0.5201612903225806,0.0500816934104185,248,147
693a588ce9b9088b,0.28870292887029286,0.24184150728028994,239,61
69401282944aca0c,0.9753086419753086,0.35597567130369323,243,302
69558927ae9985a2,0.9918032786885246,0.489605617987931,244,98
698cd89ed5c44e9f,0.9096638655462185,0.5027094534215988,238,88
699c0728c4f417ee,0.9253112033195021,0.3322860086635323,241,60
69dc18d396b19386,0.6088709677419355,0.02832966182071159,248,340
69f16132aa7f5e04,0.23651452282157676,0.03914690700904326,241,92
6a214ca0d9485f61,0.6848739495798319,0.3777383674437513,238,123
6a2b6319d3b1fc0d,0.9583333333333334,0.46688917371069455,240,61
6a604c996681d695,0.8362068965517241,0.450597607337984,232,86
6a65b0a23f0c0c7d,0.7951807228915663,0.6138153156951554,249,204
6a692e8295ceb299,0.5991735537190083,0.1606031297396562,242,118
6a758e41a0dbf587,0.5609756097560976,0.3804903783316187,246,163
6a8e13b644a74bd3,0.9798387096774194,0.4663683168621023,248,197
6aa8baf0c7a98572,0.7469879518072289,0.2896994451156176,249,136
6acaf79c471aba4b,0.9581589958158996,0.2587608000662663,239,257
6ad9f3f139c62488,0.9591836734693877,0.6035338617315135,245,67
6adf2ff155b9676a,0.8665254237288136,0.3887292515621726,236,76
6af917a6e04a6fa1,0.8048780487804879,0.31445552437219676,246,106
6b082578fe9cd3ec,0.9748953974895398,0.4552674652879169,239,71
6b2068e940ecc2de,0.8487394957983193,0.5849880889946122,238,107
6b5b19a34c8bc9fd,0.7950819672131147,0.4385744576842501,244,100
6b78cf731cd1bafb,0.5245901639344263,0.27715785374389823,244,296
6b7954cf82969567,0.5042016806722689,0.20453500916539688,238,94
6b7a39e85447d555,0.930327868852459,0.4262474073389174,244,106
6b930bd2988580c0,0.4959349593495935,0.3993254330713719,246,119
6ba4892ddabdea57,0.7142857142857143,0.40807223769506845,238,103
6be180c5249e530f,0.9827586206896551,0.5389391727161407,232,89
6c0fb9e7581b70ee,0.9833333333333333,0.5059491063389527,240,70
6c318ec0ee21cdd4,0.9878048780487805,0.3734676659556195,246,237
6c3e457af9656221,0.975,0.5913994220880917,240,104
6c6f60794ab8688d,0.9838056680161943,0.5016454032347387,247,242
6c80f4f3ce0f73de,0.5020576131687243,0.416211969281438,243,68
6c8fd13eabf7bb7b,0.25,0.30306557513002697,244,85
6c9201d1d9b519eb,0.9791666666666666,0.38340127086073245,240,177
6cadd2e0fefa97fb,0.97165991902834,0.4247838742606487,247,197
6cb4620a49b37661,0.9661016949152542,0.5593170448093241,236,131
6cb98f477072cc19,0.4596774193548387,0.2280920061905196,248,258
6ccfb4cde09e848e,0.1111111111111111,0.06723028028620309,243,82
6cda13ff532bad1d,0.9795918367346939,0.335818726437225,245,108
6cda7098adfb7083,0.698744769874477,0.215581282798822,239,85
6cf1183cff5f0ff9,0.9449152542372882,0.2806493320882476,236,90
6d06c7f329030346,0.38979591836734695,-0.16199548569221922,245,88
6d282a49c862401b,0.9642857142857143,0.3703275637144132,224,93
6d3a300a46d077ab,0.6987951807228916,0.46604303287746385,249,137
6d689a8a5d03bf25,0.9875,0.5351537283371692,240,177
6db4ad94d0a4e840,0.9754098360655737,0.5363075891756495,244,191
6db8273d3256ed55,0.14919354838709678,-0.07351570648987607,248,82
6dbef049585e5d18,0.8683127572016461,0.592500619832731,243,74
6ddc229aeddea59a,0.6382113821138211,0.41308869021857747,246,128
6de39deb36828450,0.975609756097561,0.3638958227369292,246,140
6de875e0d2af3458,0.8272357723577236,0.6129538220443459,246,130
6dfb0ae236ac2e6e,0.9588477366255144,0.4717598106644848,243,81
6e284a77b0f0a589,0.9875,0.294520893348862,240,87
6e311bab16f0cfa7,0.9422222222222222,0.2253209547854861,225,88
6e34b1430ef3cef2,0.9641434262948207,0.4380807311016504,251,593
6e5d8be5a23449f3,0.9622132253711202,0.49467196154887944,247,106
6e6010362d039b8e,0.9008620689655172,0.47079137590214143,232,121
6e618662f478c922,0.975,0.45381178036042,240,358
6e6cd150112b849f,0.6049382716049383,0.18937378549344816,243,194
6e76b1bcb4654582,0.6584362139917695,0.22625151861619003,243,151
6e79618c1c28cf96,0.9678714859437751,0.6570212848449859,249,490
6e9e410bdaa95a8a,0.98,0.5332329541457471,250,249
6eba6abae88372d9,0.9795918367346939,0.38691971638114797,245,284
6ebdd725becdaa3e,0.9799196787148594,0.3919620729265111,249,270
6ef3eec691834ef3,0.972,0.5985191761210227,250,274
6ef6b42f4017cd66,0.8821138211382114,0.3008761202535671,246,109
6ef7c72136ad8807,0.9839357429718876,0.4740909527506647,249,263
6ef8f6891ca820c2,0.97165991902834,0.5192748418685889,247,166
6efdcb2c50e4e038,0.9032258064516129,0.5318753545444563,248,211
6f1b9bacf0df1b0e,0.680327868852459,0.19007527652220368,244,114
6f5916e23c856c26,0.9827586206896551,0.3320803255925102,232,67
6f6acd616c9657a2,0.8744769874476988,0.38904122106084255,239,59
6f6cc35758096e7e,0.9012345679012346,0.4177334349677013,243,70
6f8ebfd27b24040e,0.9387755102040817,0.4272916998286849,245,136
6f8f4ac9c7896f3b,0.6859504132231405,0.37126026491311,242,113
6f92d03171d79882,0.8455284552845529,0.5571756268468542,246,114
6f9a821ba39ef36d,0.9876543209876543,0.5365064369125283,243,108
6fab4b3c20e916ba,0.7620967741935484,0.20810290435194825,248,156
6fba79c4bfa1014f,0.8380566801619433,0.43901927961243636,247,232
6fe428a3a9dd533c,0.9369747899159664,0.334340080893321,238,109
6ff9d741d09fb0eb,0.8515156203194222,0.5098546511036659,246,70
6fff20cf7a578cbe,0.995850622406639,0.3768289552814631,241,82
700d4be1892a0f98,0.8237704918032787,0.5898068882865517,244,71
70354f7c0c5b84bf,0.9482993197278912,0.6184653297200172,245,102
7039d63dfe6f93ed,0.13807531380753138,-0.15365774028492699,239,84
70443c154998f6e0,0.9877551020408163,0.2002839026522953,245,191
705c75428f3b48b4,0.7727272727272727,0.21224975582902092,242,89
706e5002a9205afe,1.0,,239,93
7091ea91999a8264,0.9875518672199171,0.4970045409145391,241,95
709aec5d9ec8531f,0.5330578512396694,0.2212446797193821,242,149
709d5dfa7131676b,0.13709677419354838,0.1060248486029662,248,214
70a6a27492660023,0.9382716049382716,0.3159091187315691,243,91
70abfa90a34ab462,0.7066115702479339,0.13707230509901705,242,287
70b3e07e473b8dfd,0.9637096774193549,0.5591953618271112,248,112
70b4e91499ae8f9f,0.9508196721311475,0.2361470121572874,244,138
70b507bdd8fb9c00,0.9918032786885246,0.23216006595954286,244,142
70ecb4fe59def9b7,0.8658536585365854,0.33053874342342743,246,115
714cba0ab846cfa6,0.95,0.33855518593724676,240,103
7159312e512bc1b4,0.9717741935483871,0.4222824928392791,248,228
717487a82fec08f2,0.8791666666666667,0.375929316185539,240,203
71778583b66a0aab,0.930327868852459,0.24410583482049383,244,187
7198006e5d539109,0.3943089430894309,0.205396753975199,246,213
719d21ab0386d607,0.9539748953974896,0.33758106900522783,239,117
71a0de9ef08b8f64,0.8857142857142857,0.5820163674122836,245,67
71aadd1084617237,0.9306122448979591,0.5952821694833325,245,76
71c030ff1fc5b0de,0.9876543209876543,-0.012888947670544718,243,93
71c79ccca8705c0b,0.9959016393442623,0.3367780551728298,244,94
71d002bafd7e2db8,0.970954356846473,0.499550186534844,241,152
71db71638fcde46f,0.9957627118644068,0.2476346095006231,236,92
71e57cda15164af0,0.8299595141700404,0.32795742750815904,247,59
71e81b7073e1f5c2,0.9786666666666666,0.5044949804864548,250,212
71ec4269d67b17b7,0.7682926829268293,0.5809461856353195,246,569
71ef94014c3fcbd7,0.6322314049586777,0.203875640300384,242,177
71f0c28ea487c1d5,0.9916317991631799,0.2530822683343449,239,70
71fe9289977af14a,0.4669421487603306,0.18323036048654007,242,158
72062aadf945c3df,0.9838056680161943,0.5818507946586571,247,566
722b755ff267850c,0.16182572614107885,0.18015021274322435,241,69
7235b6627602a363,0.9795081967213115,0.6343723919804545,244,379
7248acf9639ed544,0.675,-0.0487686835647016,240,104
724cccf066b019ab,0.976,0.531212511859344,250,245
72808565f624b543,0.8217391304347826,0.3488150435729173,230,180
728c03c3af4641fd,0.926530612244898,0.518209602920497,245,527
7292e1f781a093dd,0.979757085020243,0.5044158415488035,247,568
7297bdce9c19eb28,0.7107438016528925,0.24162559986143806,242,109
72a05be9b979f306,0.9875518672199171,0.4840500437237224,241,73
72ac82f353e54a35,0.9916666666666667,0.49014731052262966,240,72
72accaaf7b3025b8,0.9696969696969697,0.4028606858946392,231,92
72f39ee80b26e96b,0.8287550299745421,0.48321733753806895,246,69
730d6343b787bab5,0.7469879518072289,0.46104340608802635,249,233
7332426a1421cc88,0.6846473029045643,0.2625391102080628,241,300
733a810728baf134,0.9590163934426229,0.3106640315318152,244,61
734892f7604b70b3,0.4426229508196721,-0.04114512615990638,244,121
736b02019d377349,0.9400826446280992,0.10789847133866974,242,93
7379e2f74ea0f7e9,0.9672131147540983,0.45863416172927934,244,78
738a6f5c41b491bc,0.9477911646586346,0.5290211119778735,249,206
73989bbbb51c1b2c,0.9465020576131687,0.5804866753008316,243,125
73ad0b360b4151d4,0.889344262295082,0.4691216599703824,244,89
73adc81d8b3e79cc,0.9757085020242915,0.5762224134479303,247,549
73e29bfffc901633,0.9794238683127572,0.4662427603546657,243,245
73eb5b1bd25f7fd6,0.915929203539823,0.29118316697136093,226,95
73f2a518c487ad13,0.8738328664799252,0.7186990270739909,246,70
73fc38c1f635377d,0.5532786885245902,0.24745748546535506,244,105
7408f92dbb0b32e6,0.927038626609442,0.4728215478466067,233,102
74102050786f999b,0.9193657219973009,0.6468172467842498,247,171
741707c7f5938a52,0.3770491803278688,0.13007239764158565,244,161
74175cf6d2267f38,0.631578947368421,0.11841779731924779,247,450
742899fb709514de,0.970954356846473,0.5996963238910525,241,257
742ca80512b7207f,0.8091286307053942,0.21071523532888142,241,89
742d9cff4cf5562a,0.8930041152263375,0.36641672336301306,243,80
743b9ceab8f781c6,0.2550607287449393,0.11881412826323742,247,118
743cc4e5995ca6e7,0.6638655462184874,0.15147449299772087,238,97
74473b50da375ac8,0.45121951219512196,0.3532542298705221,246,90
7458859f95e673ed,0.2571428571428571,-0.06989212045303869,245,113
749c17005db1ac68,0.7584745762711864,0.32280135541365007,236,84
74a04d7f1f0ff963,0.5186721991701245,0.40431414751673145,241,164
74a485c74c035ce8,0.4605809128630705,-0.22335674705869457,241,158
74c096126cd29f5b,0.4050632911392405,0.037346389754471444,237,109
74cb47ce7b5548de,0.9839357429718876,0.3960716134010295,249,220
74d0d4350da278c1,0.3237704918032787,0.496788362041706,244,71
74e3414889b3f909,0.9717741935483871,0.4714725004144121,248,598
74ebf0120bfc7645,0.9878542510121457,0.48184393799171915,247,255
7510453170058469,0.9714285714285714,0.43835770179189165,245,526
751308d2c6f3e672,0.972,0.4810962207561656,250,244
7527158e53130824,0.6382113821138211,0.18580503072013563,246,87
7533dd32bf3825bd,0.9262295081967213,0.1367964877187958,244,85
754d7da39e8ad607,0.8995901639344263,0.4233544180103561,244,115
7553fb86685e2bde,0.7719665271966527,0.4460791313089854,239,113
755d99ce53bba21f,0.7361702127659574,0.26173679517933784,235,131
756061e4186be29b,0.8319672131147541,0.5392561531359299,244,478
7580c23a51898e58,0.2897959183673469,0.05841377499992678,245,157
758b9fb24fdd5b2b,0.9759036144578314,0.5518329089290765,249,259
759e374f1b4846e8,0.9012345679012346,0.5206428905668253,243,88
75c33e69eae83892,0.9688346883468834,0.4194492021810806,246,106
75d45447f5e7b731,0.927710843373494,0.4688801813322746,249,116
75d503abc9dd190a,0.9017857142857143,0.41998640634000234,224,95
75f3a3921438fa58,0.9919028340080972,0.372431922481406,247,566
76145df161ea1f8d,0.9094650205761317,0.10556529409028033,243,129
7621f7c59ccf78d1,0.6653061224489796,0.14119834609757986,245,116
76559aa0d0cccb89,0.7937219730941704,0.022866552755962444,223,83
765f34513f4d9c66,0.9251012145748988,0.5231413614683692,247,96
766a788a1986be87,0.702928870292887,0.2948531840074867,239,132
76dff878ad85b245,0.8106995884773662,0.5009179044148718,243,940
77072751271dd8d0,0.48760330578512395,0.09893468755223765,242,87
771ed6d04d6c1292,0.9246861924686193,0.32659744640902616,239,164
771fb16949db0017,0.47346938775510206,0.055995754420049434,245,175
773ab8608cfbc0cc,0.4345991561181435,0.276407108844352,237,103
7751b969f895ae91,0.9836065573770492,0.4541125509113246,244,116
77597eafd059e976,0.9829317269076305,0.5455297936446364,249,125
7770d7684575b0d8,0.8016194331983806,0.41720750197746664,247,55
7774a75d4680444c,0.9796747967479674,0.6378896090316756,246,145
7775b43291f6c311,0.9375,0.37225820939478427,240,81
777c04bd7393c848,0.8571428571428571,0.22036907369297629,238,145
778e4bfd48c70fe8,0.9958677685950413,0.34075328378305847,242,119
778ff6127b998a1e,0.9549180327868853,0.599370231051932,244,152
77acdb2c58ef8608,0.9877551020408163,0.48930185366695195,245,503
77cc44c733e0e570,0.9375,0.4335585074443189,240,115
77d45f6431ca80b1,0.22040816326530613,-0.1372816055850226,245,110
77ec061d200c6097,0.9262295081967213,0.4201407583599348,244,103
77eebdd1f7bb0df1,0.4879032258064516,0.348993912169479,248,55
7800a3873839b733,0.7983193277310925,0.3101724727880223,238,168
78138e95889e6cbe,0.9590163934426229,0.4029386641144295,244,91
782790b7271689f1,0.37344398340248963,0.11632463754155897,241,136
7838815b82005a9d,0.763265306122449,0.5901008072296142,245,1791
7844d841601b1bd0,0.8951612903225806,0.40203947351566016,248,469
786c1ef841e85fc8,0.7066115702479339,0.22846103739296922,242,98
786dbfe65bc48df1,0.8701298701298701,0.2986664259546877,231,79
788fcca17dba22a3,0.7136929460580913,0.5684935516724599,241,113
78a728dec1d1b3cc,0.8658536585365854,0.5337591876981309,246,252
78dbe032b35b9c79,0.975103734439834,0.41404156010046006,241,47
78e4be26cd220674,0.4403292181069959,0.2546886133721005,243,91
790b70aaad9ab5fc,0.9958847736625515,0.2176533030947346,243,92
790c29f5b9bcc31a,0.6680327868852459,0.09764427481957311,244,153
7915ade47c2a4fb9,0.976,0.5639146740937406,250,240
791a87ae9e930100,0.6491935483870968,0.3908797908779493,248,385
792730db0379969c,0.9836065573770492,0.4282594281954181,244,94
793164aff27b50e9,0.9917355371900827,0.5104231057499731,242,95
793f8a1ad129d422,0.9595141700404858,0.4940771977959051,247,583
79466588e2a3c8fa,0.975103734439834,0.3100048329466085,241,68
795933adee2aa936,0.9793388429752066,0.5247688300204358,242,72
795bfbb0bee566fa,0.9098712446351931,0.33976080550384863,233,86
796b294bd05d87f7,0.7419354838709677,0.5849502107974387,248,248
79974f3b14d9aa8d,0.8145161290322581,0.2679020844487446,248,508
79984df00b02f52f,0.7350313958034778,0.8134250883119014,248,173
79ba19956ec40a33,0.9697278911564625,0.6777842269054869,245,98
79c78f5676aded2a,0.9473684210526315,0.4646143375894796,247,527
79dac678b533cdf6,0.046610169491525424,0.011694834564225496,236,97
79e217dbe8053052,0.6585695006747638,0.5787382839877988,247,127
79ee35474da6700d,0.6652719665271967,0.18708982697096518,239,75
79f9dbdf92b28fd3,0.9673469387755103,0.5555552629663404,245,526
7a09bab781fcf0ca,0.8333333333333334,0.2080787208762674,240,90
7a3541cc8b8e5a01,0.9789915966386554,0.5169058572013949,238,358
7a6683e3c737af44,0.983402489626556,0.3932357872258664,241,68
7a73ca97f9035773,0.8099173553719008,0.26319909555590437,242,54
7a7e9784775602a0,0.9112903225806451,0.5726292939788998,248,679
7a8785367c5d43b5,0.9578059071729957,0.6083628033717547,237,185
7aab55940c563ccc,0.5789473684210527,0.04817918821328243,247,112
7aad8294167e59c9,0.9666666666666667,0.6389106147943358,246,70
7ab291b8531edcec,0.967741935483871,0.5862952303975945,248,569
7abed4daee7e4b5a,0.8292682926829268,0.3555414323193208,246,121
7ac21ea62f804c9a,0.08906882591093117,0.16194401817706297,247,201
7ac40e7ffe87448d,0.430327868852459,0.05321567609427763,244,118
7aca0ae42335d878,0.8818565400843882,0.5485406978816441,237,121
7ae101628685ca32,0.9778761061946902,0.4148382893789863,226,87
7aec7a406ce9dea9,0.9375,0.44963549631098854,240,110
7b134ced3c5596c7,0.19574468085106383,0.3128470218498999,235,146
7b1398fde68641c3,0.31645569620253167,0.14799632358882414,237,61
7b13d7e4e16ab378,0.8780487804878049,0.40850913668723315,246,95
7b21f55d6e80585d,0.8983050847457628,0.3659788157708304,236,128
7b2f593bf0d8a6ac,0.636734693877551,0.38249863391709343,245,130
7b309686f3a35081,0.916,0.39011794276531453,250,288
7b4087afc30eb323,0.8442622950819673,0.4610765800288386,244,72
7b4db8859a42aa5a,0.9279661016949152,0.48403912614833644,236,121
7b51ee73f42bbbed,0.9753086419753086,0.10534740449417446,243,98
7b5c4395e0fa71fa,0.9510204081632653,0.5089904180913236,245,230
7b772ecbfd628e8d,0.5625,0.15769446432853812,240,93
7b8ccd0c9a36e859,0.6150627615062761,0.5172881232944888,239,148
7b8eac6a4de2b1b5,0.9875,0.5545158261134903,240,335
7b9c6899eca8a0bb,0.8170212765957446,0.4774474638411774,235,96
7bb41bc775f0b8cd,0.9717741935483871,0.5627500184207481,248,249
7bc3a8f050efd3eb,0.25,-0.10076520794876392,240,127
7c12ce22f9cb21e6,0.565108401084011,0.30541058811398075,246,94
7c1cef7e6c28d6b2,0.7117903930131004,0.19806320332270014,229,89
7c2050132a7e1bf4,0.9306122448979591,0.42070181585073435,245,315
7c24648760e5474e,0.9,0.34475589691522074,230,88
7c2aa2fb675f1ff5,0.9858870967741935,0.5953351501295167,248,136
7c3965d2551b384e,0.9836734693877551,0.5616739730489632,245,79
7c4cb4afbada7015,0.11522633744855967,0.11187643704126458,243,75
7c661f9f055cd9b4,0.6774193548387096,0.3659913090084981,248,385
7c7dc895d773f35b,0.13333333333333333,0.03770550823945604,240,126
7cc7c9b8a14704ea,0.9917695473251029,0.3862776980385787,243,397
7cd6b269ba114918,0.8477366255144033,0.40939514305345115,243,103
7ce326ed0be7e3a8,0.9917355371900827,0.2708255137193126,242,87
7ce7d9db3305711b,0.9831223628691983,0.30302464392330775,237,119
7cfeb55fa7ee3eae,0.864406779661017,0.5157536011015653,236,76
7d135364d845d2db,0.11983471074380166,-0.13150195898048764,242,84
7d3b530854c99afa,0.9734513274336283,0.4345557471964896,226,87
7d3f3c9038752773,0.9173553719008265,0.40232441854842566,242,145
7d61f60bef128b47,0.9959677419354839,0.35003724254478724,248,211
7d6bf50d86dbe2e6,0.9087136929460581,0.4087019384261437,241,172
7d6f056b19ab4b29,0.2815126050420168,0.2782869005846154,238,135
7d7beb3b6293cd88,0.9547325102880658,0.3622312284455843,243,145
7d814a185203fcf9,0.9958847736625515,0.35124130128419784,243,100
7db29f6608b72606,0.9789029535864979,0.5731612977814826,237,105
7dc60a599a79e319,0.9877551020408163,0.3499302974261931,245,299
7dcaeb1e658e4b86,0.9916317991631799,0.45367513921295627,239,79
7dce40e8dc34361f,0.538135593220339,-0.04480952615259547,236,75
7ddd1a9299fb6f06,0.9713114754098361,0.4702857910263238,244,67
7e10849eee265b55,0.9919028340080972,0.35276737774111844,247,212
7e10df0a9585c10c,0.5145228215767634,0.4433645389919233,241,68
7e2803b98ba1835c,0.8135593220338984,0.30900765080304315,236,84
7e2b309817164a61,0.8622222222222222,0.49968832410715136,225,207
7e3c793b2635cd5c,0.98,0.5734820829868609,250,245
7e40b2a88ea0d874,0.9585062240663901,0.40497244449424363,241,97
7e51db78496a4533,0.9551020408163265,0.4651857326037681,245,569
7e6db69548e0580d,0.8921161825726142,0.42734396061058655,241,102
7e7c8199a79a6e95,0.7242798353909465,0.4094054410761634,243,93
7e8029287ed33ea0,0.950207468879668,0.2990312793805863,241,83
7e8791b7bd30d56b,0.9877551020408163,0.30580148696856185,245,193
7e96293300cafd67,0.975609756097561,0.4394586453663854,246,233
7e97af948bd050f1,0.975609756097561,0.42631120645904125,246,552
7eab0b8e6ffbb89f,0.9919678714859438,0.32008683625948176,249,252
7eb9536ab32f5735,0.8677685950413223,0.3746838895670088,242,73
7ebf2c41077a73d4,0.7272727272727273,0.4023801032557715,231,77
7ec892c4dd9fb26c,0.8239130434782609,0.4575943714186317,230,91
7eeba59f9b70dcfb,0.8244897959183674,0.3647405073575541,245,70
7eec08e02145ada4,0.9914529914529915,0.5227548079393126,234,93
7eff2548dd47e365,0.9839357429718876,0.525861226883137,249,213
7f0f4d987968addd,0.8688524590163934,0.43476527325800957,244,89
7f30e9997d116a93,0.9876543209876543,0.4426692784335258,243,226
7f34540ed7c07de4,0.8648041474654378,0.5331447181897863,248,72
7f371d3227d16471,0.9852981029810298,0.5155688587274339,246,68
7f40cc0585fd1efa,0.950207468879668,0.24823720822367232,241,144
7f44663171de8367,0.9959839357429718,0.30595681397126606,249,266
7f453ec42be3d266,0.9718875502008032,0.5109792098075673,249,242
7f4a4e92890387bb,0.9370335086060892,0.7369263452514,248,151
7f4d2a0329faae09,0.6626016260162602,0.5439535127344641,246,127
7f4d9943f12f174b,0.951417004048583,0.34102382440482626,247,102
7f6977de535fe3ae,0.9382716049382716,0.3031394133325495,243,100
7f7f9b7facdae7c5,0.8326530612244898,0.5374319485242315,245,145
7f84689fe500eeb0,0.6469387755102041,0.375615670403489,245,296
7f8bda4ebb0c3dc5,0.967479674796748,0.35742416094397755,246,230
7fb7bd6d1c095437,0.9878048780487805,0.42269296820547875,246,278
7fc071abb82f75a0,0.8514056224899599,0.25939317398342454,249,253
7fe3d6f7774a2aab,0.8625,0.6026148071146268,240,100
7ff2f97ada9567d8,0.6213991769547325,0.05564673601315988,243,89
7ff86bb68c0746e8,0.8975409836065574,0.431301281622733,244,112
800ee2fd9356b3f3,0.5062240663900415,0.02812615759487542,241,173
802d23f73b2e2b3a,0.983739837398374,0.6029916970598479,246,145
803e2f738e554019,0.8884297520661157,0.29787677998900974,242,103
80548026bd9d8991,0.9087136929460581,0.4291101401632679,241,88
8063cce8c38a5577,0.8523206751054853,0.41190387839158304,237,128
807a7a29678e3cda,0.9748953974895398,0.3761873786392243,239,86
807b33ca0e15dd0b,0.8319672131147541,0.4206652176434221,244,114
807bfa47f8f058c5,0.2594142259414226,-0.08610070022917565,239,109
80a3db4c584b2626,0.9838709677419355,0.38121767618883756,248,548
80d011a45323d373,0.7100840336134454,0.44842707295694423,238,84
80d3c960ea58b635,0.9795918367346939,0.6235309684602813,245,92
80d59d9cb5774811,0.7479674796747967,0.24853569011317012,246,94
80dd8b5e3f6e7a4d,0.5654008438818565,0.1358221283677314,237,93
8138fb3ab58e7d28,0.9669421487603306,0.3825300247058028,242,125
81411d1c9572b6cc,0.5648535564853556,0.2600888872267109,239,179
815204933c7c5e6e,0.25,0.1491518828739738,240,178
816d2416266a31f7,0.5813008130081301,0.39275146681859874,246,162
818be090ce54741f,0.7004048582995951,0.5319390258274606,247,316
81acca884f615d14,0.6398305084745762,0.5638669318863726,236,113
81c2b0ef40a90216,0.987603305785124,0.5245499975904578,242,114
81c4a6bc85d89329,0.963855421686747,0.5956249187927897,249,263
81e39200b4a5b217,0.9918367346938776,0.17905667425389737,245,95
81ef0d399af63876,0.8636363636363636,0.5292105581199976,242,96
8205b156146d2546,0.8995983935742972,0.6112714991388449,249,278
8207f2f9b9ed6e4c,0.9741496598639456,0.7037850296458715,245,98
82082e550613f268,0.6680497925311203,0.5717806013197011,241,171
820f5d486c5eb254,0.028688524590163935,-0.25974312259577725,244,159
821ca990e73dac70,0.8934426229508197,0.4905765226557477,244,102
82205c6a83d1b163,0.41596638655462187,0.12224323119690295,238,71
82315f45f3a6c45e,0.9629629629629629,0.28081068585367647,243,211
82348c6c93b8b156,0.9197530864197531,0.19862185947693875,243,93
82387a40477a4173,0.7786885245901639,0.35953497283984753,244,376
823c39d4053652fc,0.984,0.42709145072268717,250,243
829ab432f8cf6829,0.9808174281858493,0.5090185223379813,247,105
82ab8ae969e1db02,0.9915611814345991,0.47584134455410565,237,86
82bd2968b46494f6,0.6208333333333333,0.28957827918944684,240,105
82c296e2fbf5c488,0.9465020576131687,0.5086956269634105,243,329
82cb33ade4c9cf9a,0.4491525423728814,0.3441343051742872,236,90
82cc5b2d32ca2ac7,0.826271186440678,0.45743896900294234,236,74
82f2a5b569238026,0.9568965517241379,0.46092696599958144,232,102
82f5b74a2afb75cc,0.9205020920502092,0.1636128514457632,239,121
830068efa53246a0,0.2,0.14498189280585433,245,85
830a3781b564963a,0.9737991266375546,0.4672916716742142,229,90
83169033a3fc1734,0.9875,0.5527992901703275,240,102
83280ae8d4cdf340,0.975609756097561,0.4153858749376523,246,525
832c2c0f1284bc43,0.5371900826446281,0.4053627898832428,242,70
836e8a5e9ca3f478,0.7941176470588235,0.1979169516439739,238,85
8373db195160eec2,0.9835390946502057,0.550099448473556,243,278
837d5bb2777fbee4,0.24686192468619247,0.33288689295496643,239,135
8386c031a88a2d92,0.8065843621399177,0.1529036786941602,243,96
83abf048acbf7a9c,0.9839357429718876,0.525861226883137,249,234
83aea8f6016bc471,0.9689701897018971,0.6678010933438415,246,98
83bb52c3769c1a79,0.9634146341463414,0.5005147112904473,246,74
83c2ae2b42689d51,0.6260162601626016,0.2601399318618471,246,112
841225d2af2f2703,0.8242677824267782,0.18224738340900987,239,96
84158c4b052e8767,0.9836065573770492,0.32753505090811447,244,151
845ed975677e8b53,0.9435483870967742,0.37173213065370647,248,211
84730cc3b271acc4,0.9917355371900827,0.4740288437516446,242,390
84840f64d0e58ee2,0.9382716049382716,0.420850653637101,243,138
84930cb94c9f6a28,0.9839357429718876,0.3371748912627945,249,249
84a59a9074754d20,0.9876543209876543,0.32299020759124797,243,110
84ba928389aacb6d,0.983739837398374,0.5959768497347097,246,145
84bdedb4995451fb,0.9957983193277311,0.3373187359183526,238,156
84dfd1800c870f19,0.8838174273858921,0.5240704759900813,241,202
84ea1fc75d18c0ee,0.8313253012048193,0.377980877858204,249,253
84ec9b96ab895adf,0.9493497421155529,0.6645267796519644,248,71
84ff5f013fca9684,0.88,0.5494159443584417,250,288
85000e16a1d4d766,0.8713692946058091,0.34412149691010546,241,704
851ec5dcf2a180f8,0.8291666666666667,0.3274256801380452,240,88
85311bb6d656c5fb,0.9790794979079498,0.5554133021152716,239,379
8541d2b7655e7d21,0.8298755186721992,0.4763641744341992,241,98
85715b3094896dd6,0.6041666666666666,0.30632710232588767,240,124
85840532ffda931e,0.902834008097166,0.620092867998277,247,109
858c65a6418e388b,0.4090909090909091,0.45262848078355905,242,90
85a8303abd9c1435,0.3375,0.32873271350777417,240,174
85e2dfa40e7d2c4d,0.8106995884773662,0.12963405555257093,243,86
85ebb84ba1e53de4,0.9718875502008032,0.5268880544093567,249,548
85f211bc033c4e24,0.9959183673469387,0.3674449589941169,245,100
85f729aa9019d41c,0.9793388429752066,0.5447215733324645,242,102
8614e7eb672b2fbc,0.7991967871485943,0.4826800951887355,249,204
861bc983b148671d,0.9798387096774194,0.3974669595637251,248,237
862c4344a1a7e279,0.9879518072289156,0.3196292342458232,249,310
863567fa779942e1,0.9799196787148594,0.4217682441116471,249,577
865574f0a58fedae,0.976,0.4478425648915538,250,250
868db4a2a929de99,0.9635627530364372,0.5511281012721742,247,520
8690338a4a0e5c84,0.9755102040816327,0.34040493983990966,245,120
86a6e7e3b8475f95,0.8340080971659919,0.5695128907854231,247,447
86b9b9c3d8b09af5,0.5557851239669421,0.5407187785504832,242,122
86bc7754c685c14d,0.8024691358024691,0.2739781928133022,243,62
86d4064bd4cdf7a2,0.8857142857142857,0.32279465126090784,245,447
86ed094ee20a66b5,0.9795081967213115,0.5960202413305843,244,95
86f7984817e5323b,0.5661157024793388,0.3515698651583782,242,509
871e1eead13d5c28,0.8148148148148148,0.48897798576753077,243,705
8749970de0750dcb,0.9799196787148594,0.22959528267700585,249,170
8752ee4a57c02515,0.37037037037037035,0.22055230253284175,243,94
8762433b2e10acfd,0.8461538461538461,0.3566704998492475,234,110
87625b0c7bf9f931,0.6652892561983471,0.4417662545905091,242,296
878b08f3ccc6b630,0.859504132231405,0.4707780952748018,242,45
8792673e25b70a80,0.6857142857142857,0.3704460956189854,245,111
8795e81da8c83a15,0.975103734439834,0.3379139204854866,241,109
87c1467dba90496c,0.941908713692946,0.3210192905019912,241,110
87c2be2dd9359836,0.9779999999999999,0.5509404419466506,250,212
87fe7bf7b1d4cfb9,0.9170212765957447,0.46930293861300254,235,82
87ff06042501d2a2,0.976,0.39440902687644397,250,259
8801299d50bae3d7,0.25738396624472576,0.04743909364616818,237,104
88223057571b5737,0.35833333333333334,0.25670766083153224,240,107
88452bbb8498f733,0.4049586776859504,0.2533488071953955,242,91
8871074a9d7e3a36,0.9835390946502057,0.4266576678062311,243,102
8878f452c2814cc6,0.3651452282157676,0.10941177753612431,241,228
88817e43970b4f9b,0.979757085020243,0.6144556862403487,247,194
88827984f0cea383,0.7613168724279835,0.2122059019318396,243,100
888bc921afe3646e,0.6166666666666667,0.4702589743915473,240,170
888fb2991534f315,0.2869198312236287,0.41442878405031897,237,146
88ad8bb56e578d1a,0.9385964912280701,0.4687805673600951,247,171
88c8338c77f1dd5a,0.2880658436213992,-0.24386867833161097,243,90
8914c7fd366d7ab6,0.7991803278688525,0.4987618630210641,244,1791
8915f943793176da,0.9117647058823529,0.5360547800352095,238,121
89220d17166b9d5d,0.7540983606557377,0.09643118166064764,244,277
892e0889e888c3dc,0.6122448979591837,0.24128911106307357,245,165
895b579cb3ba8a0e,0.036734693877551024,-0.08838696202147578,245,109
8969fd67ca8158c0,0.9916666666666667,0.001679556587262847,240,104
896f325679f6cfd9,0.12195121951219512,0.03635072229646216,246,201
898fc948ddcad9f2,0.6208333333333333,0.34970776683573485,240,111
89a11e9bd19e7e3f,0.8512396694214877,0.17067982635046408,242,259
89dac2838b0ded81,0.7338709677419355,0.2755422993138805,248,156
8a11087aa488b40f,0.9831223628691983,0.3611943433853663,237,109
8a15defb8efa2a4e,0.6125,0.3525363819645964,240,149
8a21cf11272bbabb,0.7020408163265306,0.36215861353877843,245,111
8a34fb982553c984,0.9628099173553719,0.33089191412135455,242,315
8a392aa47c0977b0,0.8215767634854771,0.38972091423515137,241,59
8a4016c95efe48a6,0.9876543209876543,0.42190674241809667,243,116
8a790c963800f17f,0.9836734693877551,0.5100935793189829,245,100
8a829e1ae231c132,0.9919028340080972,0.3212900244290945,247,170
8aa6d24bcf608cca,0.9433198380566802,0.4530254737827693,247,134
8ac7d155b12dba07,0.9959349593495935,0.3578734257380798,246,279
8ac976c8707a83b3,0.9380165289256198,0.43405072946560236,242,83
8ae4921e011539c1,0.9872881355932204,0.48650718968232765,236,119
8aece2e6ee261ab4,0.9586720867208671,0.5531497445504898,246,106
8aecf39ce830a0dd,0.46530612244897956,0.3039786083989713,245,478
8aeea873b5d45401,0.4530612244897959,0.5216507411547397,245,68
8b26dafa42ffa815,0.9879518072289156,0.35634475200567867,249,249
8b32970062f5a827,0.34285714285714286,0.41791707745861884,245,364
8b535fa613cb2700,0.5327868852459017,0.20514182232483216,244,94
8b589d36892af327,0.9516129032258065,0.577391687215187,248,224
8b603b608a7e0877,0.9917695473251029,0.31418803628668635,243,371
8b7c34a60f414990,0.44813278008298757,0.2550891899104231,241,155
8b97e3552bdc87d9,0.35772357723577236,0.4318682710959322,246,215
8baac46d5c95aaaf,0.1306122448979592,-0.06171802157549299,245,110
8bafd6c6e3141bb7,0.988,0.29297309846089875,250,343
8bbcc53b61882a93,0.8796680497925311,0.5762771165474989,241,100
8bc9a2524c9cef87,0.4530612244897959,-0.07373103710617722,245,311
8be0f88b6ebfbf6a,0.9893333333333333,0.5706803223315606,250,212
8c00295c54a2b3d9,0.5141700404858299,0.27229841924563364,247,115
8c0670c35f43981a,0.9879518072289156,0.2974491740758781,249,268
8c0cf620c48ec66d,0.9959349593495935,0.09466581342310927,246,89
8c29f0a07b83ae89,0.9142707582466618,0.776446238676248,249,151
8c6783b0fd30e991,0.987603305785124,0.5148752405422871,242,87
8c8ec09f88915d2a,0.975,0.4100171246220327,240,104
8cb13c5a0abc64be,0.8607594936708861,0.041443220018434625,237,145
8cbf2157073b404f,0.9743589743589743,0.4758783256365328,234,92
8cd38dc95bfc544e,0.6735537190082644,-0.032701862109938806,242,148
8ce2136da7d0a5e3,0.9057377049180327,0.23920046846076992,244,106
8ceb21ad1467199e,0.9590163934426229,0.5025333307786903,244,91
8d0f5d6e758e534c,0.9281842818428184,0.6175343206405113,246,96
8d2b1617283b4fb5,0.968,0.5616257838016655,250,331
8d3e7be81dfae952,0.8653061224489796,0.4570709808918338,245,109
8d3f6e50bea90222,0.9835390946502057,0.43267741241645596,243,74
8d4667466cd3525c,0.2857142857142857,0.17175977518185623,245,211
8d56902ab22a3e81,0.871900826446281,0.3293970380900409,242,121
8d62eb61dc6c3d3b,0.984,0.4324950465515089,250,97
8d703472c8205af4,0.991869918699187,0.23923715744865243,246,228
8d7257cf2cc6213c,0.9678714859437751,0.5175650594153418,249,287
8d97a989b49c0dfd,0.1950207468879668,0.24134873898849707,241,66
8db4c9230bb6a90f,0.8600823045267489,0.3298506926789626,243,121
8dbef0665d62fdfa,0.7219917012448133,0.24569538890340692,241,98
8dd7e90fb7915601,0.7051282051282051,0.4367506132429638,247,113
8ddb9febf90e9364,0.983739837398374,0.4663323566819171,246,269
8de663bd0ac51b2f,0.975609756097561,0.5767846201309402,246,187
8df1c62022a6cb99,0.9872340425531915,0.4254571400381604,235,85
8df29b187ef232b8,0.9552845528455285,0.35290282776153836,246,583
8e02434b0c964df1,0.10245901639344263,-0.28832793367222365,244,311
8e1ecefb87de2bbd,0.9665271966527197,0.4601425909067536,239,70
8e2e8d285e3144d1,1.0,,237,95
8e306257c2eb406c,0.25245901639344265,-0.05777418447678595,244,96
8e3897efb813c7ad,0.6820083682008368,0.5273363233878997,239,149
8e4613057a167f99,0.9465020576131687,0.5057695381637692,243,159
8e64e9d37dfc3764,0.9877551020408163,0.2331121792725808,245,103
8e794abf29b6f28f,0.979757085020243,0.4642840333258775,247,286
8ec1e844f49fbd2e,0.9873417721518988,0.47161097509052596,237,103
8f07daa768fdc3a6,0.19591836734693877,0.028949872569336347,245,118
8f2cb95e096e7a27,0.8467741935483871,0.4832729525910213,248,139
8f4f35ff87a36f1a,0.49176954732510286,0.34138951254623834,243,88
8f5a8d248a66c59b,0.6008771929824561,0.42462930398728516,228,213
8f5d86d3f2e433f9,0.8739495798319328,0.41883156025790597,238,71
8f66e414e1108e59,0.9793388429752066,0.4898136870837062,242,125
8f81a7b874da7def,0.19433198380566802,0.004168054989723161,247,113
8f8f0f4d4c126ce1,0.8264462809917356,0.26618374511915377,242,80
8fa5662737edce83,0.5020746887966805,-0.07906461650832723,241,78
8fa78c62d9007bf1,0.3442622950819672,0.3421046772571599,244,94
8fb422ca44026b9d,0.9917355371900827,0.31693675814088484,242,114
8fb5b316d92c10cf,0.5991735537190083,0.595448809660425,242,171
9018d4c8856e3744,0.7166666666666667,0.1334765172547779,240,383
901f96ab14cd3e9e,0.9798387096774194,0.4206454179083895,248,276
9024a001fa733778,0.98,0.502298816101556,250,263
9036b885579da328,0.9437751004016064,0.21639250231283982,249,177
90575d0330828e78,0.42616033755274263,0.19195858727954937,237,108
9089d152519119ad,0.98,0.48234145446036153,250,331
908d7ff361c96f09,0.7085048010973937,0.18664315553628022,243,109
909c4e9907918fd0,0.8629032258064516,0.5111485659253799,248,417
909cb7b348ad1f8d,0.4822404371584699,0.3780288292173182,244,100
90c01e98a015b248,0.9757085020242915,0.45994551642721265,247,598
90d16970e5f6c68b,0.9585062240663901,0.5005637064644918,241,108
90d1e903c25ce914,0.9541666666666667,0.5055946121289329,240,36
90d3228ddc23969a,0.9392712550607287,0.41521237905906394,247,73
90f7251c3fcd5f74,0.4625,0.1931073511124851,240,109
90fc7c63d8cfde21,0.8623481781376519,0.2315112482344975,247,118
910e832238bef3f5,0.6541666666666667,0.5557844676624052,240,176
911835ff63e6db7e,0.7630522088353414,0.5075027830339304,249,559
912c54acb2bdff59,0.5967078189300411,0.17929297374064762,243,761
9140e193725ae738,0.9877049180327869,0.46643842459569407,244,79
9144cb94b34ba427,0.726890756302521,0.45864578675687495,238,148
91628b30509c240c,0.1934156378600823,0.16319258344067816,243,79
91930cbdeead9c9a,0.6444444444444445,0.28277384363578406,225,89
9193c83f76710f36,0.9506172839506173,0.4659050119469862,243,113
91a6de8e86c634c6,0.9919028340080972,0.19029612065519116,247,58
91f5d7f5f0e0a73e,0.7246963562753036,0.39826887285885193,247,185
9203d43e50c6c3d9,0.8200836820083682,0.49803740560510035,239,160
922b2a54108d521f,0.9673469387755103,0.333389042032859,245,97
922efbcd94162bb2,0.8623481781376519,0.5237043382681199,247,272
9240d28152215906,0.5487804878048781,0.47477692540870964,246,450
92455741aec9091b,0.975,0.5734935597158902,240,111
924a1cb04f0f067d,0.9518072289156626,0.45516173578182495,249,224
92657c59c54249f0,0.9180327868852459,0.5494845588104837,244,145
9294999a241b293f,0.8958333333333334,0.4262655585464133,240,95
92a1562d48eac67a,0.9757085020242915,0.4780279378314955,247,521
92b1eeed1b8e54ff,0.984473803071364,0.5853025702898593,246,68
92e820c4611a27fd,0.9625,0.43834460525530256,240,122
92f190bb423d6cdd,0.3125,0.2134237432327301,240,95
930e3f911ebeba3d,0.959349593495935,0.5531744567650877,246,184
9313c17336f2ea2e,0.9156118143459916,0.37233776152486564,237,121
9327a06fcb727cf1,0.3008474576271186,0.20818850975444253,236,146
933b1bbccfcca13c,0.6108163265306122,0.4540383111372171,245,94
935538163dea4fc3,0.8669354838709677,0.48855502948182095,248,63
93575b8cdd4ac6f7,0.8861788617886179,0.4787570983772663,246,109
936686a61d523241,0.9753086419753086,0.5614224208506426,243,390
93922fb9ce0f96a8,0.5806451612903226,0.16741379065148781,248,625
9392526281a7cc8f,0.7165991902834008,0.5704173396456056,247,537
93a5a05d832d50f8,0.956140350877193,0.5965537448787183,228,93
93b9be9e05234737,0.8252032520325203,0.2798684121411346,246,118
93bb70b8c7fe1bec,0.9755102040816327,0.608047318761019,245,187
93cf416e5fa62bd9,0.9898785425101213,0.5799278860535245,247,204
93f71a76c1a9d21b,0.2809917355371901,0.10087598325914791,242,125
940a4583b939767b,0.983739837398374,0.5205856137015845,246,636
940b9adc5eb19fe1,0.9543568464730291,0.4948913974751405,241,36
94271d6ec5c75cb4,0.9796747967479674,0.5586848738734697,246,561
94364d56e2d02297,0.9754098360655737,0.28647627756302235,244,103
94430bffb4e09180,0.9588477366255144,0.4980337140811995,243,82
944d1e291828fe8e,0.9714285714285714,0.5732037736698952,245,191
94522ee438b4051d,0.8235294117647058,0.4326437259016698,238,71
946a89757196930a,0.8816326530612245,0.2765845247758591,245,187
947ad40966e79a35,0.36213991769547327,0.05205839502517619,243,87
94916ab4378ca188,0.9382716049382716,0.39028487334025475,243,91
94aed2664c5d2d42,0.9588477366255144,0.43494675862471843,243,145
94b35cc239500608,0.9959514170040485,0.017726963794656637,247,263
94cef5208f9c4dcd,0.9794238683127572,0.397459324270706,243,96
94dba4fee7d101d5,0.9087136929460581,0.5882981561526329,241,58
94e775c5c81b1dbc,0.8524590163934426,0.17422485760245823,244,90
94ef5b1e83ba898e,0.7306122448979592,0.5000299640452546,245,671
94fe3d9abeeb42b9,0.4796747967479675,0.4061455611297009,246,450
950fb3b1175ad3b7,0.99581589958159,0.1275812343962897,239,142
951c7e37feda678c,0.9798387096774194,0.5658098103138233,248,566
9532c84b6f369237,0.8237704918032787,0.10764426905321692,244,94
953ee8b442c639f3,0.9748953974895398,0.43974994543114,239,131
95ba694e8c9919e8,0.6707317073170732,0.35968042761927244,246,70
95cf6c9ecf2d6f2a,0.33195020746887965,0.3401270779395423,241,113
95d50d19b20ecb55,0.9879518072289156,0.3487221052020758,249,568
95ddc25fcc880da1,0.9838056680161943,0.48042905758028376,247,561
95e6a270b15e629b,0.9915611814345991,0.41790686741122274,237,79
95f83c586a396aa1,0.9959016393442623,0.3400085076930035,244,91
95fe482d2929a219,0.9793388429752066,0.42691574492941425,242,110
960d8e1bd90a4cab,0.8623481781376519,0.43721210485959827,247,113
961ad463366ec2c6,0.926530612244898,0.45625600067643574,245,52
9628ff01f1ae85d4,0.9759036144578314,0.32214714390987276,249,211
96382be83c0e7028,0.9518072289156626,0.21888969572573613,249,278
9639a012ad23aa83,0.7570281124497992,0.4766439438263131,249,135
963a6fa40c07b69d,0.9958333333333333,0.13424857873736773,240,104
963d2da07248777f,0.9779116465863453,0.5511760459876193,249,261
963e1c22f2c64e35,0.7673469387755102,0.50473660311828,245,619
9660e5ddfb6e84f7,0.7795918367346939,0.3054353005030046,245,376
9661764404e62083,0.205761316872428,-0.13194033968174093,243,127
9681d05c25ca72eb,0.8565573770491803,0.42680815304431385,244,108
96b4e95897d9eeb6,0.9877049180327869,0.39130310472252505,244,185
96c253fff5b1ac5d,0.9798387096774194,0.44750826040627023,248,336
96c7504bcb3a68b7,0.4066390041493776,0.2572312896294613,241,257
96df7195bf45167c,0.9552845528455285,0.41851049309821003,246,91
96f48f06fec78215,0.6401673640167364,0.47026501893457384,239,148
97027df5a321cedb,0.5454545454545454,0.26000501422348216,242,1350
97045586583a7ad1,0.9473684210526315,0.15374029541518827,228,86
9708a3065ee9cbae,0.9094650205761317,0.5086284237068791,243,58
971c234327e7ce3e,0.8594377510040161,0.19635331068977557,249,381
972064f26d35a9e1,0.97165991902834,0.21378236686796165,247,60
97273c83a4de9253,0.5120967741935484,0.34916657347317814,248,152
972e7cf1f9846868,0.9795081967213115,0.5763261908243169,244,156
973c56a169c08c92,0.19591836734693877,0.2453267784966897,245,84
97441ae420108bdf,0.98,0.5242561880467569,250,254
97468611a9aebf21,0.06666666666666667,0.020017948745216913,240,126
977177952f451760,0.8983050847457628,0.6126831144649106,236,74
9771db8559305f1a,0.5635593220338984,0.3338019187103756,236,70
97cd573fb798f302,0.9541666666666667,0.12131287833694948,240,90
980aabaac049b77a,0.6585365853658537,0.3012505545213706,246,113
9819030676745a76,0.5767634854771784,-0.06465489652110358,241,89
98210f02aac8ed58,0.3117408906882591,0.05090172084380093,247,118
98406fa56ee3ace5,0.7338709677419355,0.35956223211941213,248,156
98441e7afd7ef43c,0.9629629629629629,0.2825968724423512,243,138
98666b8647f736c8,0.23076923076923078,0.12806294742408056,247,200
986b0db04b26e971,0.3925619834710744,0.38038418035217575,242,113
986c19554ce58750,0.9718875502008032,0.5326851610827967,249,343
9872d762c9116ef1,0.8811475409836066,0.4187197718959501,244,89
9877255656c28f8d,0.7931034482758621,0.39943961570583797,232,79
989d946dfc3fe834,0.9819277108433735,0.5819886121044145,249,244
98ac8144897d977b,0.966804979253112,0.4355953735331503,241,103
98b4834a2b2c77fb,0.6804979253112033,0.1821502042799413,241,177
98c8426b950aa2cb,0.45188284518828453,0.2513059353698467,239,93
98d8c192ccadddcd,0.9628099173553719,0.4074293541294785,242,105
99166485a88d1208,0.9401709401709402,0.4869041024060345,234,89
9928897c85d968e1,0.972,0.5651471875870051,250,227
9952a399bccf1ae0,0.5,0.30418529663017047,240,147
995b23953388e36a,0.8995983935742972,0.41487253034943666,249,288
997e4ba9b4b9fcd5,0.7721518987341772,0.4136085966325317,237,180
99a3b4c653b01912,0.9673469387755103,0.5463149861021579,245,552
99b13b1e31804eb5,0.9871794871794872,0.10469959000928444,234,91
99bab4ad0359e820,0.7459016393442623,0.37731215621739733,244,108
99c7ff41e6e418c2,0.9791666666666666,0.4466738807525699,240,185
99c8039f498cd30b,0.9757085020242915,0.5216524219755488,247,490
99e0d1707222ac85,0.2928870292887029,0.06312952930460854,239,109
99fa171493a5f848,0.35833333333333334,0.04643428656225918,240,228
9a281e068cce9319,0.8099173553719008,0.5331751375142496,242,435
9a45f93ab185e5ff,0.5,0.1937826678260947,242,74
9a4c7298c0fbf22a,0.9796747967479674,0.41266709218056336,246,140
9a500b0d5e193423,0.9836065573770492,0.5728973816067507,244,100
9aa3b53692b47adc,0.5726141078838174,0.18772277940698243,241,94
9aa6351ba5b34e3b,0.3189115646258503,0.21858810561860648,245,97
9ab7cf2632b0808e,0.9568151147098515,0.6512137131859068,247,203
9ac3326e1da49801,0.6348547717842323,0.41383485706117595,241,123
9afc88cbe0f2c006,0.9757085020242915,0.49750004589781577,247,184
9b0cf1e90f487ab1,0.9207317073170732,0.4938293904758946,246,81
9b1002b3a2715bcb,0.8442622950819673,0.3094886249606504,244,107
9b31eb3a1734db8e,0.9670781893004116,0.5843175370006424,243,82
9b5b6b02b0bdf949,1.0,,249,259
9b5ee79c976af2a3,0.7206477732793523,0.2862439440840549,247,136
9b64f5993cd41a33,0.9758064516129032,0.5630520346287745,248,287
9b80b39f66455471,0.9790794979079498,0.506559408988577,239,136
9b8d4161447c9bae,0.864406779661017,0.4192156459139103,236,100
9ba817431954c33c,0.9752066115702479,0.4513019710268726,242,298
9bbf3b99f50bf5c3,0.9709851551956814,0.537552738913908,247,171
9bc3064f746e562b,0.9918032786885246,0.49242604457287537,244,93
9bca4f6a672e7ced,0.6,0.407964207444468,245,163
9bcb5d14693dadc2,0.9959839357429718,0.30633564738322944,249,213
9bebcc55b65eb657,0.8724279835390947,0.4949481959896957,243,150
9bf4e4b9c33e4f24,0.988,0.47481655803729295,250,188
9c07744b38cb3d56,0.9288702928870293,0.4447059965704194,239,120
9c0ab8ebc0d36da2,0.9793388429752066,0.41597547906597215,242,75
9c3a342335934c71,0.9879032258064516,0.4504370911104077,248,220
9c6646aabdcd1f21,0.3067226890756303,0.2300302052377159,238,92
9c6be5381b53728c,0.7745901639344263,0.4985288240262277,244,162
9ca2b732970e8713,0.996,0.329760486984594,250,286
9cb3b9bd1196620f,0.8535564853556485,0.20007286564009974,239,103
9cbb320d9e91a842,0.9045643153526971,0.39142539661001685,241,99
9cc4229aecc84baf,0.85,0.259348744084454,240,96
9cd8d57982c47380,0.9877049180327869,0.5252958078858538,244,227
9cde1d4685bd63fd,0.9917695473251029,0.24153663243316584,243,181
9cfa4af3f0478227,0.9831932773109243,0.3742821807719842,238,373
9d0a4c4e5392390a,0.9878542510121457,0.256381345820561,247,298
9d1c293b41cd72a7,0.9670781893004116,0.5446362293310635,243,149
9d2f874274241cfe,0.954954954954955,0.415428374966297,222,92
9d42b5f3e399302b,0.9713114754098361,0.5043391757639144,244,275
9d50f0235b44ec0f,0.9914893617021276,0.5037378632755318,235,69
9d5678ec65416681,0.9836065573770492,0.30688149390477776,244,185
9d5c35c4355f6e11,0.37142857142857144,0.25831385327258205,245,175
9d80d421f2192633,0.983739837398374,0.28782384136765976,246,221
9dae7f240812b39f,0.8215767634854771,0.4268353424488941,241,84
9de3ccc64d66bca3,0.9836065573770492,0.27922775438289377,244,79
9de786e3ac1a6f49,0.9748953974895398,0.39831889514087,239,77
9df4012d86c4b722,0.10638297872340426,0.01908359504607598,235,95
9e240b5bfe4c3e1e,0.7479674796747967,0.6009062282200031,246,135
9e30c40cab9e1032,0.9796747967479674,0.5346969842153121,246,83
9e46889e2ef132b1,0.9959183673469387,0.33505748194438456,245,100
9e5b1b98c0cd19c9,0.7745901639344263,0.30898168512908925,244,215
9e7126d04d9fec1b,0.12048192771084337,0.13033104002066603,249,214
9e76ffbb7022baad,0.826271186440678,0.4200862486280836,236,79
9e78ab6d53a98b15,0.21074380165289255,0.26443694333044776,242,151
9ea1bef580ea94ca,0.9695652173913043,0.5334421219927789,230,92
9ea853ffb49e43dd,0.5267489711934157,0.07798924996123298,243,95
9eac74854d735a37,0.976,0.565697113584414,250,275
9ebd570b44cb8476,0.8524590163934426,0.41715016685246853,244,143
9ecd62eea1178dee,0.8032128514056225,0.42366036843987004,249,559
9edd84ca57b3eacb,0.9759036144578314,0.5024312617772896,249,245
9f12cb38d4925dc3,0.8347107438016529,0.23933266312912355,242,259
9f338581842b2bd5,0.976,0.5206682354984431,250,273
9f4580ce724dff82,0.5815899581589958,0.059456630027593084,239,71
9f5bf82135cf7624,0.9759036144578314,0.5562738186735354,249,268
9f757c8a698219ba,0.9308943089430894,0.4977891958250433,246,339
9f95ebb0638af56e,0.608,0.5015087586305012,250,252
9f97c85ee257072c,0.639344262295082,0.5215271945227283,244,128
9f9814458959af04,0.44176706827309237,0.4888861435715935,249,384
9f993cc6b7afa5df,0.7280334728033473,0.25012026834244183,239,123
9fad5a2f992cfe83,0.976,0.5032240839040016,250,306
9fd295048def814a,0.8542589156874871,0.4324107828512923,245,69
9fd8794ba6155bb2,0.860655737704918,0.40647529813989847,244,105
a002c9c7627f1c1f,0.3941908713692946,0.3458371147330331,241,108
a0033538a5ed4ffc,0.9835390946502057,0.4906229384576009,243,94
a048b13a8a7e47d7,0.98,0.5242561880467569,250,252
a05c84da9963c5ad,0.9878048780487805,0.44884765034730645,246,204
a0a32b2447dbf879,0.31284153005464477,0.33695296106166145,244,94
a0aa0e67e2a6a363,0.43089430894308944,0.29183682512795156,246,164
a0c5613a65fdf1e3,0.9057377049180327,0.4562423154999819,244,100
a0c7674bd6b6f569,0.7611336032388664,0.5833978234371238,247,175
a0f98dd94ba2dad6,0.7615062761506276,0.4466236164140535,239,93
a11ee0a7433e0ba2,0.5604838709677419,0.4214812203344364,248,162
a130a7d6d6c6d55a,0.9482758620689655,0.31777246278457044,232,86
a13ccc1430a2527a,0.8934426229508197,0.3574508615760702,244,95
a15f52c97ae566fd,0.9715447154471545,0.6104925736105127,246,284
a1665b6124170331,0.5447154471544715,0.4416010818877207,246,163
a173f53135925cdf,0.8032786885245902,0.4098171744821624,244,107
a1779c170d738b2f,0.9739130434782609,0.410490412569929,230,95
a17e3f20e84cf5b6,0.8617886178861789,0.0472559728611724,246,110
a1bb8f033fc4b921,0.9793388429752066,0.6246519069730649,242,179
a1cfbb5bbe7a2b89,0.9008264462809917,0.3305989812241293,242,98
a1d1a5349bfc08a7,0.8085106382978723,0.3153134831409238,235,149
a20436d2a290e3c6,0.6967213114754098,0.10656749829730985,244,277
a218c51187ccb5b8,0.38333333333333336,0.06889277719578643,240,136
a23347da06c49237,0.9020408163265307,0.20185191635481056,245,112
a2338c9a3e940458,0.3347107438016529,0.329844009834363,242,151
a23b10356c6ab399,0.8395061728395061,0.5799172615547551,243,153
a25100a071ac6803,0.4979919678714859,0.4074505948520448,249,380
a274ae72bb236ba1,0.9796747967479674,0.5245032831921808,246,299
a297fa906dcdfb57,0.7413793103448276,0.4189163261262865,232,77
a2ae3c56a548ad3e,0.9795081967213115,0.3588663131519337,244,202
a2c73c8628d8c7b8,0.975103734439834,0.4396654335053882,241,96
a2ea370f645023f9,0.975609756097561,0.23898950901896512,246,73
a2ed95417ec3f5b4,0.8313253012048193,0.39177189270059476,249,223
a2f1900d3d131739,0.8943089430894309,0.41670018235967904,246,252
a3579ed7382ba723,0.7338709677419355,0.602527768719787,248,272
a36b8d3c6d1f2f0b,0.7125,0.41721030525447056,240,73
a390ce9cf6e7552d,0.890295358649789,0.3282158514515854,237,90
a3c05d1809440a48,0.9958847736625515,0.21732013822457388,243,73
a3c3038e7fd5d6a2,0.979253112033195,0.301671987328487,241,214
a3c4e6ee1f3bacd8,0.9713114754098361,0.47373047122477585,244,56
a3c6cf3ee68d5933,0.8155737704918032,0.4633922331652175,244,478
a3d35cc0cac4607c,0.9911885245901639,0.4731827070186866,244,70
a3d391e389065a85,0.325,0.2247654827042341,240,176
a3de2dbab2f4a00f,0.8688524590163934,0.369127931880834,244,215
a3e137ea5c34e332,0.9183673469387755,0.4256894070812038,245,52
a3eb079cbbcf7b62,0.9715447154471545,0.45982841867268626,246,379
a402804754edc1f4,0.7416666666666667,0.35333723434409675,240,93
a40511d7aff430b6,0.9190283400809717,0.48162607096920645,247,467
a4074b656b053e0a,0.9831932773109243,0.26999629562229877,238,72
a422cad9943796cd,0.97165991902834,0.5764712949251979,247,281
a455233af01936fd,0.9755102040816327,0.4244140659122641,245,112
a4729e4c11e3a4d3,0.9180327868852459,0.5530851125801883,244,76
a47ad30e1de434a8,0.9259259259259259,0.3960127009280349,243,76
a4827760a6a3f23d,0.9718875502008032,0.5142085775948984,249,568
a482e3437504b2e2,0.6255144032921811,0.44470382274785986,243,80
a4d75e2f7ca97d18,0.963265306122449,0.5892691894113555,245,95
a4db5d7cb67abe9f,0.983402489626556,0.5669046436565474,241,104
a4edb58ddda41c6c,0.8559670781893004,0.3309192530017643,243,157
a4fc4cf19ec14886,0.941908713692946,0.45495552291634095,241,88
a50f280030979712,0.6584362139917695,0.36383394622880166,243,109
a53244c0f53194b6,0.9669421487603306,0.2693795788980988,242,267
a5477088e30dc65d,0.4016393442622951,0.10102262412796457,244,119
a55c32111e950774,0.7905982905982906,0.2503729510165038,234,168
a55dadbdab0b0f56,0.9669421487603306,0.4673400016646928,242,90
a5610d9bf9f2e547,0.694560669456067,0.2818135784812472,239,272
a569ff23b7348938,0.8647540983606558,0.5393767748258164,244,68
a57d3e1c0c2548b3,0.8304721030042919,0.28720629017378485,233,91
a58cfa4eceb34b9a,0.6097560975609756,0.3345876866391704,246,117
a58fb38a00e28179,0.8448979591836735,-0.05546739742239314,245,110
a599f9f713ddd085,0.9799196787148594,0.49098344738698835,249,254
a5aef8e2d308749d,0.9180327868852459,0.4218123647795627,244,291
a5b3fed7c7a7b70c,0.9401709401709402,0.34278541782746347,234,86
a5c40adf857185a5,0.49193548387096775,0.3706133807873653,248,245
a5ccd0b9bed7729a,0.6329113924050633,0.5043897895560369,237,113
a5e19b616aa78771,0.9714285714285714,0.5674856879427236,245,529
a5fc724a0305d8c4,0.27385892116182575,0.3076961956398587,241,94
a61428ef54e8b51b,0.6885245901639344,0.3182666570442026,244,617
a61f3828a7088399,0.9205020920502092,0.5642056044086511,239,52
a62c7a679db80f92,0.9791666666666666,0.5451544797496998,240,152
a62ec559a2c9566c,0.8612244897959184,0.4251906547753367,245,108
a631cd68815719f5,0.44672131147540983,0.20081382029966147,244,153
a63c0243015799dc,0.9713114754098361,0.3406377219372239,244,100
a6509b6019ab46d0,0.9832635983263598,0.4674578412598641,239,111
a661e6c1aac46da2,0.9658119658119658,0.43117591740474326,234,111
a6af6ee1481bfcf4,0.936734693877551,0.48022133581594006,245,98
a6f104af46616f9d,0.8244897959183674,0.4229859287309331,245,103
a701677784f91204,0.825,0.3120220969314791,240,96
a729730e0989886f,0.9710743801652892,0.4064014193043852,242,103
a73096268ddd604d,0.7418032786885246,0.42686799488798,244,84
a76f93c47b6c3d81,0.9784552845528455,0.6751443885024538,246,98
a78d8ffa656efe3a,0.9958677685950413,0.12902700631943648,242,101
a79144eefbe2769f,0.9661016949152542,0.3941783283880479,236,77
a7d9b3b6b8142b31,0.8739837398373984,0.3585193909878356,246,59
a7de37000e907627,0.6337448559670782,0.3855738481069871,243,170
a7fa5cf6085165ad,0.5020408163265306,0.15291312718130384,245,107
a8238df16bafd2de,0.9747899159663865,0.5329073752515378,238,47
a82f8aea964e0e9c,0.9831932773109243,0.36546242169632404,238,105
a830661c270e3b58,0.9917355371900827,0.4217805589017963,242,142
a837a3891f049e7e,0.9877049180327869,0.5811028047944268,244,91
a856bfe6b5176091,0.9918367346938776,0.4631608245287068,245,220
a85974c1d42d5ac3,0.976,0.565697113584414,250,288
a8823d0528cb2ac2,0.9830409356725147,0.6212738597927189,247,68
a88bb4369f2aedcc,0.7642276422764228,0.5481555664662285,246,272
a894c26abf27a77f,0.32217573221757323,0.11154817375017627,239,95
a8a1fd83a13e0f1a,0.975103734439834,0.5941487236779194,241,136
a8de1d2157b328ed,0.8469387755102041,0.39989267370143394,245,94
a8e0f798ba932d93,0.9678714859437751,0.3875004359851223,249,287
a8ec8722eb6d5abf,0.9508196721311475,0.5873869666104815,244,741
a8f91a4ddf60c81f,0.7306122448979592,0.5149037824559127,245,537
a90ec171cbe96652,0.9795918367346939,0.5960360283886436,245,179
a9158a8ce441dc8d,0.8353413654618473,0.6048236940992925,249,71
a917ec81bf590865,0.9836734693877551,0.4466329216077164,245,90
a919e00de5ba1a85,0.9020408163265307,0.6530743004446815,245,352
a9227b780e3e7981,0.1994535519125683,-0.05347583832777344,244,108
a937cc3a63a37a8a,0.39669421487603307,0.4696565161764872,242,116
a95914362d28be71,0.9876543209876543,0.3828860075082871,243,140
a96231600c764185,0.9918367346938776,0.47278497391041513,245,155
a979ac000084dd45,0.6936572199730094,0.42489407778306587,247,132
a9837bd26c930ecc,0.7918367346938775,0.2677377956572523,245,86
a98b0afa0022e742,0.7510373443983402,0.4148392844816317,241,94
a9b2ad67d57a23f3,0.975103734439834,0.4612023190538986,241,193
a9bea84efd7ad24c,0.7206477732793523,0.3520621692375272,247,430
a9d1e4db6fa35c57,0.9917695473251029,0.521987796006885,243,79
a9e0efd82e4789bb,0.15767634854771784,0.17668715746221111,241,92
aa1409dfca413428,0.8081632653061225,0.46756819024894986,245,121
aa1445a281593927,0.9159663865546218,0.5339405470074484,238,120
aa162564dda5d44b,0.9271255060728745,0.40903762521518905,247,191
aa1f86faf4feb824,0.4777327935222672,-0.013589553592821539,247,112
aa3e4b4ce95d15d1,0.9727891156462585,0.6383458164779923,245,167
aa3e693319be2f63,0.9057377049180327,0.5752507073156691,244,352
aa4377f7c474b2d0,0.6890756302521008,0.2522215353769473,238,110
aa4b13506796b180,0.890295358649789,0.4045193466958374,237,73
aa50c3b90efd322c,0.33056708160442605,0.16902084351262314,241,97
aa5398d9fb17346a,0.8776824034334764,0.42631849476532774,233,76
aa89fd998ac0d2a6,0.78099173553719,0.2337801371491757,242,121
aaaaa5f4c1396a0c,0.75,0.5276223049845353,248,245
aab801c24020ed8b,0.34274193548387094,0.06923616145974094,248,187
aac61562646f296c,0.9585062240663901,0.41883535983810166,241,70
aad12ff954612444,0.29508196721311475,0.2489565739680134,244,84
aad6a176fef204be,0.8081632653061225,0.5249446146418206,245,430
aaeb3e94e44d1bb4,0.7958333333333333,0.5862074634381359,240,150
ab11a86bef462023,0.988,0.47481655803729295,250,317
ab34e14aecf3be2f,0.8589211618257261,0.4884262890958638,241,202
ab4e8efa81430dfb,0.966804979253112,0.6375461438496707,241,81
ab54f20221ec0912,0.659919028340081,0.25686604001897534,247,537
ab557955764d2da3,0.987603305785124,0.5382846705694718,242,95
ab6abe004fce43ac,0.9871794871794872,0.5666040448208206,234,69
ab7d7bc9dabe443e,0.9838709677419355,0.34986701824815164,248,287
ab802a6ec6ceb99a,0.8649789029535865,0.4058147893083928,237,98
ab804914c58c5879,0.23236514522821577,0.30880123978550583,241,86
abba1b682f232e84,0.9663865546218487,0.3337207228131577,238,335
abca1936f3ea0867,0.5755102040816327,0.33211830430135475,245,205
abf71f6485128edf,0.9918032786885246,0.2523608757806283,244,90
abff4e9e74122f81,0.991701244813278,0.36073509646703594,241,143
ac05227a512d764d,0.8097165991902834,0.4085829968885561,247,153
ac19acb386b54ad0,0.42616033755274263,0.13952521782932878,237,75
ac278b8f28b8bc1c,0.45161290322580644,0.37841377795974684,248,55
ac2c532e6d4ee1f6,0.058823529411764705,-0.2450449282048912,238,58
ac2e0be931a4dca7,0.7782258064516129,0.33684786688225965,248,136
ac30c2bed97d9cb5,0.7235140110725821,0.8263865390505696,248,173
ac6700753275b8a4,0.7875,0.36896423928230626,240,107
ac7bb80f6146b786,0.987603305785124,0.3310292823019319,242,47
ac7ea4e869b69e10,0.9598393574297188,0.5464748007626813,249,288
ac80496f792905e6,0.9717741935483871,0.5398935527009384,248,287
ac833eb26ed00e44,0.9838709677419355,0.41709895246445833,248,83
ac86f30797308514,0.9833333333333333,0.5317138727860058,240,70
ac8bbbb2f6666312,0.9879032258064516,0.5797060630589524,248,136
ac8c7c6f25bfc72c,0.9877049180327869,0.42710486030710754,244,227
aca2c2e4bc38bd4a,0.6394849785407726,0.3405851926505525,233,110
acbb2faaf515c59b,0.9159663865546218,0.3585427619436544,238,104
accdfe70cbda3488,0.4297520661157025,0.176871069857852,242,176
ace2876b3ba983e7,0.3148936170212766,0.02267502375128521,235,121
acf076a5da36bc89,0.9065040650406504,0.4642750318770708,246,98
acf6e464d66102b9,0.9547325102880658,0.4251979270178516,243,67
ad088576268d8927,0.9588477366255144,0.6185045694400514,243,75
ad124d6db142b2a2,0.976,0.5369280547848129,250,274
ad215bb4af228175,0.6558704453441295,0.26088652282403146,247,384
ad2910b0144e7eb9,0.3943089430894309,0.2884034973639238,246,108
ad477be07b062fb2,0.9798387096774194,0.47055768292317063,248,529
ad4dbc0bfc41137d,0.8040816326530612,0.47216137792536544,245,107
ad55c58ab6f52ae6,0.7255689424364121,0.4870726936556941,249,137
ad6e37db99254ec1,0.30243902439024395,0.20790190880871035,246,90
ad89d0f81a870157,0.9713114754098361,0.6105893631707454,244,95
ad8d690685a076e1,0.9879518072289156,0.48140835986158087,249,279
ad96da3311f0fc9f,0.7732793522267206,0.6287420262483459,247,232
ad983ba5a9e1c37d,0.9833333333333333,0.43884263198974033,240,114
adaab9da4d29d136,0.9836065573770492,0.3347712964514476,244,96
addbc42153ba1b3e,0.972,0.5298853861088879,250,220
adf9e0bb1f133bbd,0.9554655870445344,0.5480578035401177,247,103
adfe5bd6c854f065,0.8666666666666667,0.49922416338386383,240,74
ae179070086d0a2e,0.972,0.5671164623545624,250,249
ae209eb14b93ef54,0.978448275862069,0.17478478807710363,232,108
ae2fb6e52d18b5c7,0.9397590361445783,0.4032873003691495,249,288
ae37ace54ef227c2,0.984,0.4959761768906155,250,231
ae3e6f5453ddfacb,0.8211382113821138,0.1917765245840738,246,279
ae58531142b879be,0.9717741935483871,0.5919718462877114,248,340
ae5c4ad05c8c25f4,0.9311740890688259,0.49501407912155615,247,72
ae63e563f4cd8d76,0.976,0.565697113584414,250,242
ae6a1516c89c2643,0.9537815126050421,0.3399413553316244,238,111
ae7ae0ff5514412e,0.98,0.4446426386397987,250,287
ae7f7e04b2b2a116,0.27235772357723576,0.3853778684057178,246,364
ae7f8c965215e44e,0.8884297520661157,0.2604119933610197,242,162
ae842c0388a90226,0.9467213114754098,0.4808200955297002,244,275
ae87fad014e59d3d,0.5823293172690763,0.41616877673337543,249,65
ae9a56b298c17e7d,0.9142857142857143,0.3019577845799586,245,97
aeb172a845cade0b,0.4048582995951417,0.3497416383295998,247,237
aeb87ebc346b87f8,0.2892561983471074,0.3576021832202629,242,107
aebccdcd18c64f31,0.889795918367347,0.5239547787868001,245,126
aefb990a9b083f47,0.9897959183673469,0.4649221984925216,245,95
af1dbae12a0a7241,0.9836065573770492,0.5093957657960274,244,204
af306f58124d1e8d,0.2975206611570248,0.11761134621633282,242,257
af319b94b0789ac1,0.9635627530364372,0.5927071145348708,247,525
af3a7824a1a01e9a,0.9094650205761317,0.40631734643969974,243,104
af404b7ad529756a,0.7306122448979592,0.2282378564100714,245,292
af489f26e6f7ac5e,0.975103734439834,0.47089921804225926,241,99
af5bd2c12dfc7c8f,0.8032786885245902,0.41379085810672434,244,151
af660df55fb18260,0.9834710743801653,0.4445491232271714,242,143
af74c188bdc529da,0.9676113360323887,0.5274052037039751,247,184
af92b055b1d812e6,0.860655737704918,0.33335258267629847,244,229
af992331d681e10b,0.9414225941422594,0.5786224039081302,239,111
afc02bf6139be8b6,0.9836065573770492,0.6123715250095381,244,101
afc3fb284dcc5209,0.9871794871794872,0.5696261899624298,234,82
afd062cfeaeba616,0.9357429718875502,0.4529231649375264,249,268
afda48aa8261a7dd,0.9836065573770492,0.23022042089936404,244,189
affc8a3a8a5b3bcd,0.950207468879668,0.5284435888376888,241,159
b0027839de2a11c6,0.6465863453815262,0.3969696024024728,249,136
b01beaa669ffe9bd,0.9595141700404858,0.4639457807692764,247,86
b020fb73102db434,0.47540983606557374,0.39098999327655176,244,119
b04b3fbdb5f00dd5,0.2786885245901639,-0.2077691422042021,244,90
b0698263afb6dec9,0.9715447154471545,0.509271766109498,246,301
b06adcf587f9225a,0.9919028340080972,0.5360397995067516,247,125
b0729062dc974c40,0.448559670781893,0.41916504274353245,243,86
b09c4d78db751d54,0.9497907949790795,0.5618410411282495,239,88
b0af2830497e9549,0.966804979253112,0.5568585519568064,241,114
b0b6e7b2fd25f471,0.9758064516129032,0.4900915050657685,248,298
b0ba943e93831726,0.7166666666666667,0.14790696844860235,240,91
b0da8e4d3496b071,0.13934426229508196,-0.05247038551717762,244,82
b0e32cf8e0b18d0c,0.9816408491107286,0.5708954748192184,249,105
b0e8f385369b391b,0.7786885245901639,0.5598127368252751,244,705
b0f91a29b2dd3067,0.9957081545064378,0.3859588305931859,233,93
b104a8207726c7a3,0.8830645161290323,0.3080200643836876,248,116
b106e25aae58ce1c,0.6348547717842323,0.2573185419592858,241,179
b16d704bd53cb872,0.8114754098360656,0.4820708283892427,244,154
b1774220652253c5,0.10245901639344263,-0.12366174686658697,244,82
b1907eeff1a4aa69,0.9795918367346939,0.3924427912957894,245,189
b1989758b15539e6,0.7137096774193549,0.5175733488396341,248,205
b1b251a7eeb434e1,0.688034188034188,0.28659836138817746,234,118
b1bcf3f9f6866217,0.9793388429752066,0.6471404668137265,242,390
b1eb1e2066cd7d2e,0.981,0.5378289996849331,250,197
b1fbd7cc80d8da95,0.9631147540983607,0.4923303077158337,244,217
b1fc0e6f2a1933be,0.757201646090535,0.31117894996805523,243,106
b2049352bef19155,0.9838709677419355,0.5793756461910561,248,236
b2076fefa68be6af,0.5265306122448979,0.40024798358103447,245,86
b2109c788e065831,0.522633744855967,0.4770642035709833,243,67
b222c42c7f50a02d,0.5203252032520326,0.5584023031098518,246,128
b23388ac8f579cde,0.8958333333333334,0.38132760298043267,240,71
b2367d016f68effa,0.6219512195121951,0.469013888943108,246,109
b23ce04fa9bfa94e,0.9958677685950413,0.2413947896081535,242,104
b24fb2e456c3a9ef,0.7911646586345381,0.3365863581645627,249,185
b293c1021b63dc51,0.6882591093117408,0.3926412422042904,247,237
b2c0aec79d8ef881,0.7907949790794979,0.47986185891558913,239,145
b2d637be3d4ff7a2,0.983739837398374,0.5962339119490146,246,202
b2e7842ee8ce5311,0.9139344262295082,0.33931877985779046,244,103
b2f9341c1fa27cd9,0.9666666666666667,0.4653383107323863,240,202
b2fabfb8934081c8,0.8493723849372385,0.42840067661140996,239,89
b31f3d32f5118a5b,0.9916666666666667,0.29177235277067787,240,109
b323fd8b9f18f10d,0.6141078838174274,0.518367032598317,241,263
b32f26f2120fdc57,0.5102880658436214,0.30255367026459923,243,105
b33068d69d4d8a91,0.9635627530364372,0.5547521312889111,247,549
b331a1e81c4d1935,0.9673469387755103,0.45042843932672844,245,149
b34c2c92c6fd757d,0.5677966101694916,0.28084922676451707,236,105
b358e83009e23158,0.8137651821862348,0.2562628277855933,247,209
b36a3f6d3d03abb7,0.9549180327868853,0.5600750806062677,244,245
b370295f1d858853,0.8135593220338984,0.5506967507903667,236,74
b38df4fcff4e1a1e,0.9333333333333333,0.33368421075187676,240,89
b3973255ee295d5f,0.639344262295082,0.34309559854993465,244,113
b3ab09988121ac95,0.8436213991769548,0.499955060543324,243,154
b3c24924cf6aa691,0.6983471074380165,0.43081488311799027,242,132
b3cdf2b6b27962c4,0.9205020920502092,0.34109634126311633,239,81
b3dfc43eb859eba2,0.988,0.4756610921753858,250,275
b3e8284fb0597ce3,0.8395061728395061,0.3344583493909176,243,143
b3f7d34780031b9e,0.982,0.5477825381956946,250,197
b40ab5d8890834b0,0.9790794979079498,0.476946063724879,239,68
b410fa7f68676e0a,0.9405241935483871,0.5838364838961967,248,173
b41316583ca8cfc6,0.9094650205761317,0.32819953297677795,243,71
b41a98ce6ae1946c,0.9878542510121457,0.4764271748518031,247,197
b4204bdf360818a7,0.9421487603305785,0.49505680776512884,242,121
b42a1418b7949a94,0.8983739837398373,0.43710440276355805,246,272
b468de583e842888,0.9759036144578314,0.5296027337349093,249,276
b4786a3e7ba2f992,0.992,0.44750582129578637,250,280
b488806eb42c39c7,0.9838056680161943,0.5723612586651852,247,379
b49e57a72e4c6483,0.842741935483871,0.42060102659599374,248,253
b4a409411121cfb5,0.9377777777777778,0.372274412856954,225,96
b4b2219ee952e918,0.9662447257383966,0.5123202024024098,237,70
b4b53b19477c2042,0.975609756097561,0.5125855508913536,246,111
b4c701e62b7b6b27,0.7520325203252033,0.34343945432567485,246,130
b4d9938120c1b93e,0.3925619834710744,0.24070437796531288,242,74
b508fa753407ce65,0.9306122448979591,0.3080188694402135,245,433
b51759c83cb1c8a0,0.9758064516129032,0.5588750555278671,248,538
b52c9d6468d82c42,0.972,0.5985191761210227,250,270
b53ffb4356d414f0,0.9098360655737705,0.22108780621797255,244,535
b555616cb8ccdae8,0.48497267759562845,0.4952752061396567,244,100
b556642d987fd0b3,0.9917695473251029,0.485656073084501,243,185
b558e59b4740df34,0.8319444444444445,0.696059900538843,248,83
b55b5bb8d8dc240b,0.9875518672199171,0.5393537214475977,241,104
b57b86bbba619307,0.5933609958506224,0.23856290804992947,241,147
b58ed417fa22818a,0.6172839506172839,0.14160267943163066,243,277
b59af87cbcf5bbdb,0.4323770491803279,0.3702030064513036,244,116
b59d041e0520bbf8,0.7666666666666667,0.44024210278308507,240,136
b5afde9800c31c5d,0.6708333333333333,0.3448534035407835,240,176
b5b0c5e981c4741a,0.9262295081967213,0.4292577025868181,244,93
b5ff2fe9c3135427,0.9673469387755103,0.48750315573389796,245,76
b612e73b1500bd22,0.5061728395061729,0.11503019528670134,243,91
b614f1119f9092aa,0.3235294117647059,0.29335913390770285,238,108
b6162828e8ed674d,0.8135593220338984,0.5098135255246171,236,90
b63015b98953536a,0.058823529411764705,-0.0038396369944257032,238,126
b646f8165d88b159,0.5443037974683544,0.4037534241053709,237,70
b664f436a7586544,0.9342818428184281,0.6792386500827027,246,96
b66b44bee55d931f,0.3305785123966942,0.2335254508416035,242,178
b67020ad7c38d8fa,0.3895582329317269,-0.20149857971588706,249,217
b6733ad9b0251af1,0.8734177215189873,0.2012871510424375,237,90
b673a83d6aad494e,0.9109311740890689,0.5555044970424838,247,206
b67b432d0a922b5b,0.9917695473251029,0.34345245088296533,243,93
b67cec72b0104bc8,0.889795918367347,0.493182140980321,245,252
b68bbc712913bad5,0.7137096774193549,0.5186884771542113,248,469
b6a5aac8b432595c,0.9819277108433735,0.5594226132735616,249,244
b6b0936f45bf3908,0.8319672131147541,0.43000602159095397,244,103
b7093ba250c57bf5,0.7325102880658436,0.3621812107243172,243,72
b7116a2ed0003cb6,0.9791666666666666,0.48784755186272244,240,71
b721644ec7c3e77a,0.8729508196721312,0.3979751115173339,244,106
b72cb627dffeb245,0.9715447154471545,0.3447452524137748,246,189
b736b36a46479aa4,0.974025974025974,0.5021305982265363,231,92
b73b3336b0605108,0.8524590163934426,0.4356820514217081,244,94
b73bdb0ca9a82a0e,0.924119241192412,0.6122871279716934,246,113
b73c6c8d136e782c,0.345679012345679,0.29494029354257456,243,91
b73d3e6ccea21388,0.19008264462809918,-0.12814627743356166,242,311
b74d88a4a85f2b1d,0.8847736625514403,0.5118621719431907,243,68
b75030ba22320caf,0.9433198380566802,0.5175784662186615,247,110
b76d0c6ac4fa23be,0.8943089430894309,0.2647936128680059,246,112
b76e6d5c1b9c04dc,0.885593220338983,0.6253621042427923,236,74
b7747bc8dec4f3b2,0.9798387096774194,0.4700722700511784,248,242
b788610b1851f7d7,0.9243697478991597,0.467747359570534,238,52
b79b7c324d4ec2db,0.8024193548387096,0.5483210327655235,248,469
b7bc1e3dcd26290e,0.7551020408163265,0.4505564334293285,245,569
b7c7ce84206d2c05,0.991869918699187,0.40112706012916755,246,83
b7c97986d05f41e6,0.9759036144578314,0.5520457609384455,249,213
b7caee63638c2a1e,0.9218106995884774,0.5916652599947443,243,104
b7d8187fbc0e1bac,0.3096707818930041,0.23668796082608648,243,97
b7db249c4f1682d8,0.7883817427385892,0.35961001824057387,241,107
b7ff0f362e45ccb0,0.9835390946502057,0.5217977091195319,243,94
b813c08355f12859,0.1950207468879668,0.13428587264097108,241,95
b81890063a995cbe,0.4419642857142857,-0.06581162884490303,224,188
b8295e65870bbd9d,0.375,0.1399846330610336,240,153
b840a5f9e01b5b6e,0.7125,0.44289759172229043,240,700
b8808f9bc212f5bf,0.9183673469387755,0.4884511786466914,245,291
b8a28914a4f33531,0.752,0.6396998823730549,250,478
b8ae8a207ecc002a,0.9327731092436975,0.30006883916098215,238,179
b8d6580af6134d6d,0.8411016949152542,0.3723422957214827,236,81
b8d8aa14b831628d,0.9839357429718876,0.5526471560955212,249,261
b8e0a50a54bfe229,0.6541666666666667,0.1860242838316386,240,272
b8f266ca8d0c2176,0.4146341463414634,0.33682291269771736,246,93
b8ffd4bd91efaf3e,0.8044354838709677,0.59715903790076,248,175
b9077ba7b5dd4921,0.8638297872340426,0.4125592844822547,235,112
b908431e38db3fb4,0.9180327868852459,0.4821962568770555,244,302
b92d1a0ec07f066c,0.5857740585774058,0.43262868682290223,239,123
b94060a16edbbfb8,0.6530612244897959,0.3603531734422696,245,84
b96c5584b96c38ce,0.8427519602218396,0.5493984726674028,249,72
b9993e58091c7273,0.5918367346938775,0.3695805891480241,245,669
b99cfed74ea05ee0,0.9794238683127572,0.44626464714814945,243,181
b9a3363dd8fc8468,0.936,0.48278230924740717,250,268
b9a5e1c2546a8409,0.08502024291497975,-0.32696355519864445,247,311
b9a93fe411e4edc5,0.9794238683127572,0.3788503637455556,243,151
b9abeeb2dc07c3fa,0.7008196721311475,0.3427630534678366,244,94
b9b96897a860d573,0.9708333333333333,0.43114325322386815,240,111
b9c72ede3577de91,0.45132743362831856,-0.014573264819880282,226,188
b9d1e6ab28774d4e,0.8257261410788381,0.5350657872541573,241,45
b9d84d9a27f1405f,0.6257513661202186,0.4570033315951253,244,94
b9ecf69eac712483,0.9876543209876543,0.5465905709345367,243,104
ba0b6043ecdfd376,0.9795918367346939,0.41490242874325284,245,140
ba23d70df1a31360,0.7692307692307693,0.2471573208210841,247,625
ba27524805a73564,0.7958333333333333,0.11052016313441872,240,96
ba27a3039468b01a,0.6822033898305084,0.3830659359354377,236,61
ba43fb058b2970fd,0.9346938775510204,0.2242521549286533,245,187
ba47104b1134a9aa,0.9551020408163265,0.2858698551388928,245,113
ba87356dc78298ff,0.975,0.5782864691356658,240,109
baa35cf5fc046f5e,0.963265306122449,0.6747263775546265,245,540
baa672e0ca2ca313,0.8401639344262295,0.438671960097882,244,95
badf1bea3e0d0481,0.4857142857142857,0.378398797084789,245,119
bae73c909ae93663,0.974025974025974,0.48099738845436024,231,91
bb0e696f62ad880b,1.0,,240,108
bb21dd2c0f0dba57,0.9426229508196722,0.4744847378814124,244,87
bb4b2e0d4b02208d,0.9957983193277311,0.3748312253133585,238,106
bb624620880e6cb1,0.9806910569105691,0.6007133372359345,246,70
bb6da1d3b63138e3,0.9873949579831933,0.369824606956004,238,71
bb76ed664c364c89,0.8404255319148937,0.4457504688221201,235,81
bb7724641f99721a,0.8081632653061225,0.29164035499098767,245,114
bb79df2b293b8a90,0.5614754098360656,0.01188589553199448,244,222
bb8ec690d9506cac,0.8947368421052632,0.4113137539082476,247,152
bbcc09fb27f6fe22,0.9545454545454546,0.49686810641136137,242,67
bbd3e2bb7a7a99b3,0.9711934156378601,0.31271062348547385,243,114
bbd6345fbb4e6a5e,0.9068825910931174,0.6189374503243378,247,124
bbf664314cd70ffc,0.8375,0.47558817948483034,240,59
bc07f6dcc3008693,0.6390041493775933,0.4296068327772832,241,170
bc125acf35a77174,0.9549180327868853,0.5430843659132436,244,583
bc3ab2e5704d4bd7,0.9918367346938776,0.3985850604584232,245,100
bc3d2510ef7b46bf,0.7195121951219512,0.37870986931674905,246,128
bc57def60f7619fe,0.9583333333333334,0.3236825778903871,240,111
bc5ce931f6539d08,0.5311203319502075,0.3595590330525349,241,95
bc600074eb5ed209,0.78099173553719,0.34120794548405803,242,95
bc624a59855583b5,0.6244897959183674,0.5147193681902282,245,116
bc76341e355a2f60,0.9753086419753086,0.2944689407352308,243,214
bc7ba5eac398ba1a,0.8360323886639676,0.4541461763243491,247,91
bca92c0e706c3879,0.6569037656903766,0.017021091873504347,239,88
bcaaa342be168f92,0.5643153526970954,0.4194673118658981,241,95
bccf9ed21e1475b6,0.6907630522088354,0.4956273469392641,249,559
bcf215573ba35795,0.32786885245901637,0.441246337001281,244,93
bcfd4fd964ae0170,0.8623481781376519,0.08353058293385386,247,110
bd013fee49cd5f8e,0.6197278911564627,0.5371802567572411,245,102
bd2ebf23f735be13,0.9838709677419355,0.45443215060301584,248,286
bd316ca122e57e66,0.8666666666666667,0.4825805130117011,240,95
bd32046a0fc69918,0.9128630705394191,0.5030697642657709,241,77
bd4fe6e34fa26c95,0.9708333333333333,0.29531770974988625,240,74
bd60b3e622e448e7,0.9915966386554622,0.16621266504858453,238,82
bd78d921268655ac,0.9670781893004116,0.4655487348718233,243,373
bd8377348dd068bd,0.0653061224489796,-0.395536412920744,245,109
bdbb3a5e4be526c4,0.9718875502008032,0.47898379478207487,249,247
bdc148d7e0c329fb,0.9959349593495935,0.011122970808292802,246,274
bdd5e9ba1a701291,0.9875518672199171,0.34839151152125025,241,226
bdf0b91499e8ee13,0.9799196787148594,0.3194593511120652,249,331
bdf2158e04c1889f,0.9919678714859438,0.4532552176241319,249,234
bdfe5ba47c636cf3,0.9665271966527197,0.38492767789510507,239,136
be268bf56a204251,0.9551020408163265,0.5295612219506038,245,298
be3930d0feba50fd,0.8902439024390244,0.3867048806826054,246,68
be3ec49a14393d65,0.921161825726141,0.4788693677883669,241,88
be8bee4c05a7318e,0.9873417721518988,0.38371225869171305,237,96
be914754da3a6493,0.8041666666666667,0.22261321571907391,240,91
bec5c0734a706f2c,0.5991561181434599,0.2774716404136149,237,61
bec86320d409be25,0.9221311475409836,0.08735760332406507,244,162
bef9050bc09601a7,0.8806584362139918,0.4135568704394701,243,71
bf2285cc12ca1672,0.8599137931034483,0.49001083237865706,232,84
bf23d92986ff9c7a,0.9083333333333333,0.22882131828103486,240,121
bf2dfdd6e2ed832a,0.7049180327868853,0.28141813645883634,244,277
bf37a0accf153e36,0.9701897018970188,0.6404522523920197,246,161
bf45888adb5d129f,0.7959183673469388,0.3818875474210596,245,269
bf55d7ee1addca61,0.9918032786885246,0.33173437417130386,244,102
bf622d2b7582e477,0.9435483870967742,0.4901469559540044,248,230
bf688aa3456e6eb3,0.756198347107438,0.26281502882168206,242,259
bf7591cd398c643b,0.5,-0.0904863373600982,244,107
bf7675481efed070,0.9297880165350045,0.7674966285009496,249,151
bfae740fcfc8100a,0.972,0.567927931159783,250,310
bfb7081be18242e2,0.9349593495934959,0.3838810523412255,246,55
bfc812175d3bd5e7,0.6963562753036437,0.3453693008207533,247,569
bfccb5342af4a7b6,0.9631147540983607,0.31171722200534513,244,283
bffa3fff80500eff,0.2880658436213992,0.03515445559415264,243,125
bffffcf26ce60436,0.8436213991769548,0.47187020713168026,243,121
c0027971bb0ba251,0.9835390946502057,0.3793343410437552,243,140
c0028d6443c44e8b,0.982,0.5990399197620891,250,227
c008aaa2e41f9a82,0.8559670781893004,0.4854866126046247,243,153
c01cd82456548ca7,0.08898305084745763,-0.20292305658895207,236,97
c02c810f2b50e865,0.98,0.4697518094897069,250,276
c0411baaa5421b78,0.4896265560165975,0.025926499180169614,241,153
c0476c45fcb3e022,0.9426229508196722,0.3428657779151838,244,104
c0625d44db72c157,0.888,0.49954740558990435,250,212
c06f46f3580ef850,0.7715053763440859,0.3846674805719192,248,64
c08bbcdee0d88b0c,0.8724279835390947,0.43680675311852263,243,45
c09404127c97ca18,0.9795918367346939,0.3996156851780474,245,242
c0b574eed7d38761,0.6,0.37519411560702276,245,135
c0b71afdd54ede46,0.8252032520325203,0.6669148398071639,246,149
c0bfac49932a171b,0.8257261410788381,0.39940899724598883,241,199
c0e507b6c8797e3e,0.987603305785124,0.46064811567810626,242,92
c10a78dc1395615c,0.9331317204301075,0.6237202060333258,248,173
c12ebbf66f66a74a,0.9758064516129032,0.4311950220767459,248,248
c131704c82bb18e2,0.9628099173553719,0.5565801680862296,242,96
c141c403225eb1d5,0.9665271966527197,0.46634883314969955,239,122
c143294c68560572,0.9799196787148594,0.4585707551922724,249,284
c150c5de2f313e95,0.3054393305439331,0.04734497571766436,239,121
c155409b5c1603a3,0.9793388429752066,0.40485151793008334,242,278
c16a1f68b883cf14,0.9919354838709677,0.3674975274213552,248,255
c1850d5ed3ca371f,0.6213991769547325,0.196605255774395,243,73
c187e757ba9c323f,0.9404255319148936,0.44789620797875435,235,102
c18da90945971a65,0.6585365853658537,0.2354964750065021,246,165
c192971407b3a246,0.8902439024390244,0.41742359135676527,246,118
c1a43f16efc94a74,0.36929460580912865,0.439583102514223,241,174
c1a7a921612d8f74,0.8072289156626506,0.49834675715876053,249,135
c1c9eafa1afa1b06,0.7161402548996946,0.8363155889830696,249,173
c1ce9c4abe7f3fed,0.968,0.6084924166709488,250,228
c1d160d4aab2c649,0.6244897959183674,0.41766847318881717,245,80
c1dbab4cbfa42da6,0.9634146341463414,0.35814286498808706,246,587
c1e3a2e422531663,0.5774058577405857,0.3045295461475634,239,143
c1f388191bb4b00a,0.9338842975206612,0.41725975834598245,242,315
c201d851eccd2f06,0.7925311203319502,0.5684263738776579,241,202
c20ec5c0f3ca0b5a,0.7154471544715447,0.15022146063243552,246,287
c2350c99692566bd,0.9253112033195021,0.5937784706580623,241,58
c2716e0dbbec9b4d,0.9506172839506173,0.35993171080996567,243,315
c2800a5d7cdfbf85,0.28659863945578234,0.2940156839277071,245,90
c298bdb7ed0db260,0.9590163934426229,0.36427692282857094,244,113
c2a1932fd2921309,0.9836734693877551,0.4118975161496711,245,202
c2db91306447af31,0.970954356846473,0.5612205833061416,241,82
c2e0e3f81378f4bd,0.9755102040816327,0.4663841730532786,245,115
c2f62c68c841c46f,0.9836734693877551,0.535871138715605,245,194
c2f63d793523ecf3,0.9755102040816327,0.5815226444697194,245,371
c2f951736cb48b56,0.9707112970711297,0.5549841072718393,239,108
c32ed821897bed39,0.7479674796747967,0.31052533515697034,246,385
c33bac2bf7dbad20,0.9798387096774194,0.4600572989246304,248,276
c342c5adbb5e2703,0.6893004115226338,0.5842190069690361,243,112
c36b5e0e06df2d02,0.7333333333333333,0.332580804103267,240,104
c36d2f10cbfcb6d7,0.625,0.43452966012320626,248,98
c38b5234134edb22,0.9710743801652892,0.34650064093325833,242,145
c393a1b8e11e4716,0.8801652892561983,0.5204432736121632,242,107
c399439f9ef7552e,0.6370967741935484,0.35312045470102615,248,226
c3a1fa1712b3bd32,0.6926229508196722,0.2584852166077256,244,151
c3a645888b62497c,0.6090534979423868,0.5129682074252369,243,109
c3b4e2f6c2be5eed,0.8936170212765957,0.3870446396688458,235,96
c3b6963ddc373974,0.9423868312757202,0.17434718235404412,243,106
c3b8fd967bd4a83b,0.9836734693877551,0.4754198076224547,245,269
c3ba4dd8de008b37,0.6653225806451613,0.5350627456557373,248,766
c3cd69a7bee1ea2d,0.5795918367346938,0.15872136136518505,245,116
c3d34c5eb906c182,0.9666666666666667,0.6217629743114315,240,159
c3dcd412a9b4b716,0.8502024291497976,0.41711583214085624,247,157
c3e34ee839843fd6,0.6510638297872341,0.10838893803048588,235,163
c3e96e110373156e,0.33127572016460904,0.09350756239195421,243,98
c3eac621b1535dda,0.9626556016597511,0.41353277028483354,241,149
c3fc9b53c9e8c6e2,0.8477366255144033,0.38985534751482104,243,105
c4027f199811f4cd,0.9737991266375546,0.6606351320301138,229,91
c4037402a5f84ac4,0.7242798353909465,0.3276565937203502,243,98
c41aced1de533a68,0.5284552845528455,0.3723744118449555,246,340
c41d0c4d2c97654d,0.9917695473251029,0.5011505337282691,243,95
c42d695478baacb2,0.7389558232931727,0.4603595735424664,249,98
c45a54ef8362a51c,0.9426229508196722,0.638031421946486,244,61
c4640034124f9574,0.9008264462809917,0.33104830868495755,242,252
c47681b2550b979f,0.979757085020243,0.6071591917948591,247,193
c47f98f8dd747159,0.9874476987447699,0.2742000064267779,239,111
c4862a57212b758d,0.16666666666666666,-0.2966713236095726,240,84
c48a49e5cc418d9e,0.573469387755102,0.5302961576432522,245,122
c494645f00fa2e3b,0.8811475409836066,0.49374960018555974,244,112
c4a55eb2b0916287,0.9839357429718876,0.5452948349336507,249,259
c4a7801736222677,0.7458333333333333,0.4749365327483345,240,150
c4b28a38d3fa8a63,0.6034013605442176,0.5797627489326977,245,102
c4d7da25a37d9920,0.9798387096774194,0.49708099975349773,248,569
c4e5cdff77a21cdf,0.98,0.48234145446036153,250,275
c4f1dd6300d9ef61,0.8906882591093117,0.29161435148898623,247,52
c4f7e7766bbbf9b2,0.9959839357429718,0.33396807585478966,249,237
c508a1d8505ddb6c,0.6942148760330579,0.3995540815297078,242,296
c51d33f5a994b60d,0.9672131147540983,0.4858466028483431,244,245
c52d6d9a48b1a69e,0.744,0.6194054671550404,250,204
c53417e0dd8079d7,0.9836065573770492,0.4623972452873302,244,92
c54e3ae4a024c210,0.992,0.44750582129578637,250,252
c55ca5fb0c7cbc9a,0.9799196787148594,0.575628352619105,249,293
c55dca22b1ca2596,0.9670781893004116,0.583725660527436,243,275
c592cc24999d7267,0.6163265306122448,0.523694528315375,245,122
c5934197d1198b9e,0.8553719008264463,0.20068828813756082,242,70
c59653bc829e8f1a,0.9493670886075949,0.2105346700674794,237,159
c5ab115d37a843ba,0.6722689075630253,0.4389301992236382,238,148
c615e110218fc8ef,0.9836734693877551,0.5077268466423996,245,204
c627c3a9fbb2b949,0.7083333333333334,0.4827325631606762,240,176
c63279ed2875f6e0,0.7061224489795919,0.4379403293804888,245,72
c638b47bc9049d8b,0.8744769874476988,0.5305030959204403,239,96
c641f84581dff0fc,0.9695652173913043,0.44329465263695417,230,90
c6489ca243cf573d,0.995850622406639,0.3689487536589395,241,94
c66691c511fd8344,0.43388429752066116,0.08535156467333906,242,153
c67b142bfe727bf0,0.8200836820083682,0.1502387683544135,239,91
c67b53079f894234,0.9230769230769231,0.31016547455827265,247,52
c68ed79d3c383fa5,0.9132231404958677,0.3794363688352649,242,89
c6ab73d21dfa0009,0.9471544715447154,0.6000279675536697,246,77
c6d4916b9154880d,0.2886178861788618,0.28541321922636875,246,95
c6e260d896f9804b,0.5802469135802469,0.22151327437743357,243,704
c72f5c902bd476f1,0.8559670781893004,0.5450999841495692,243,84
c74bea4d9ff1a52c,1.0,,243,95
c754d44c55c730cd,0.38427947598253276,-0.0776160534128983,229,188
c77161d2acf650be,0.974025974025974,0.5475247432892294,231,92
c79d5f193d5dd2a5,0.6543715846994537,0.5521873068610924,244,112
c7a3a276b23654e6,1.0,,243,78
c7ee1d048d37dd2a,0.9634146341463414,0.6020742981958656,246,569
c7f6abaaba20b2ce,0.556910569105691,0.25194148178385467,246,211
c80024ea05bc370e,0.9672131147540983,0.5347392171399129,244,61
c80becd353213e34,0.9956896551724138,0.3897208142781625,232,88
c818773d50645aa9,0.9789029535864979,0.34162682899504176,237,88
c81ff3f65a26eb06,0.988,0.45285413401892216,250,247
c84057b7d62e81f5,0.9789029535864979,0.5329627729185339,237,82
c8566238b233eda4,0.6979591836734694,0.40052452253067683,245,120
c8677b384e862cab,0.9218106995884774,0.5482877258066705,243,91
c87aecc97be43cfa,0.8791666666666667,0.31342117485870813,240,143
c87ba2e182a496db,0.7295081967213115,0.5253207747153323,244,162
c88f9b1c9bc7adda,0.975609756097561,0.5656901548699795,246,197
c89fa65d23c3618f,0.8381742738589212,0.3626425351235985,241,86
c8a189c906b7eed8,0.946058091286307,0.37104220541831084,241,102
c8b244032079b57b,0.6463414634146342,0.3185679828887788,246,114
c8bda271e413b127,0.8866396761133604,0.53233955391176,247,301
c8c1048af8336fe5,0.979757085020243,0.4367748534689989,247,266
c8e4c9771b383529,0.9506172839506173,0.38620777180670723,243,121
c8f73cf5de28de22,0.9874476987447699,0.5283961219490984,239,73
c904cfb1069190d4,0.970954356846473,0.27831157084483954,241,74
c906cd94e5058c2d,0.6919831223628692,0.330812867406976,237,105
c90f0ddbfcd6faab,0.9799196787148594,0.5935267625622295,249,212
c92ee859b8f748d6,0.970954356846473,0.36475851845722884,241,77
c9484251009c1494,0.6049382716049383,0.14610915877145583,243,121
c95a0865d00aad60,0.9380165289256198,0.4768245965154408,242,111
c963c5d531f9e020,0.9079497907949791,0.5891047522507163,239,179
c969fce5de706a79,0.9516129032258065,0.5106109228639565,248,587
c97ff7a904baf9d2,0.29098360655737704,0.07596741357729152,244,95
c9834a78afa1ba44,0.15546218487394958,0.2292134067723162,238,99
c985d7da5722caf6,0.9508196721311475,0.5519299209870062,244,98
c9b1d3f0bb0a1153,0.12955465587044535,-0.012222266001566404,247,106
c9bf15ad3a818e77,0.9759036144578314,0.4677430077924668,249,340
c9c733e4eec83b59,0.9590163934426229,0.5158332206347044,244,379
c9c7e0f370805712,0.5641025641025641,0.39744281496819883,234,84
c9f4058294976576,0.8247863247863247,0.5261907521341891,234,74
ca0dfc9371d1ee23,0.9424119241192411,0.5672799378268412,246,92
ca1cc107487f87b7,0.7346938775510204,0.1421950421591838,245,300
ca498c510ed55060,0.6761517615176152,0.46899848255550364,246,113
ca4ddc18b5799b56,0.823045267489712,0.4870594733879146,243,98
ca52c3ccc8bcc4c5,0.9789915966386554,0.6155861045591967,238,79
ca9baf8c6bb6dd8e,0.1506276150627615,0.22201099879949723,239,88
caa04fa67e3520e4,0.9451476793248945,0.45706915644691803,237,61
cab1dc226c4d52d5,0.3048780487804878,0.32286527694450096,246,135
cac2c3218c2dae8f,0.9240506329113924,0.4791578930105918,237,77
cad66040e7f47b00,0.6995884773662552,0.4614383511791718,243,940
cad74f88811fc7c6,0.9387755102040817,0.37137458161752457,245,152
cad77a7b8094cee5,0.8319327731092437,0.45311827151443324,238,98
cae152d35c64c6ea,0.98,0.46493698661649896,250,278
cae21f3c40f4d5fc,0.8285714285714286,0.3225296508631183,245,381
cae82e479d9d0fdb,0.7613168724279835,0.42737670695638524,243,93
cb081f2830ee168d,0.4008097165991903,0.16429821320276586,247,119
cb24e1c216d7c432,0.710204081632653,0.19006374346021576,245,277
cb293ae1d16a9003,0.9831932773109243,0.633546209414786,238,73
cb4fdadf21341585,0.9588477366255144,0.4130408280830987,243,113
cb8274008f1bdfbe,0.2217573221757322,0.05336582751641074,239,99
cb8c9fb1f13659a9,0.5836734693877551,0.376777947046818,245,163
cb91e44ac86dcf3e,0.9746835443037974,0.38496835921592093,237,72
cba42babb7a86df4,0.7416666666666667,0.5199821130561753,240,74
cba9e0df4defab29,0.3614457831325301,0.4171593602729919,249,215
cbb2ceb665cdb8ff,0.5473251028806584,-0.1522016351409844,243,92
cbc1336a14863959,0.9714285714285714,0.5109351040500428,245,525
cbd61df3b8bb419c,0.9565217391304348,0.4438897185944214,230,85
cbf11eef609f021a,0.979911316753422,0.5456138928986416,247,98
cbf140c710c86741,0.970954356846473,0.5380657817813815,241,104
cc0d81bdb0e31cd9,0.7736625514403292,0.12768868660399557,243,89
cc1ebe5ab1020c55,0.6887966804979253,0.19405734143094064,241,98
cc266313c83a5e3f,0.9836065573770492,0.5253075942021437,244,233
cc2933b021dbf8d3,0.9838056680161943,0.3246390190423842,247,540
cc3c931e1181e407,0.3135593220338983,0.10289706141775742,236,121
cc485ba823c10c74,0.9715447154471545,0.40795987589879107,246,80
cc541e6b31ed5eaf,0.8729508196721312,0.4381041300803264,244,95
cc570bbe40d0f58b,0.925,0.36506038941606384,240,77
cc7db2939d989feb,0.1950207468879668,0.10567725546405707,241,92
cc9b28f82a9b3ce8,0.9879518072289156,0.5268536856051845,249,125
ccbdcb354ea15099,0.9892037786774629,0.3988306429827272,247,204
ccbef73d5e70ae66,0.9676113360323887,0.22766939048326224,247,231
ccce25c756d37fd4,0.08936170212765958,0.08061290923471809,235,153
cd006588d544c27d,0.9591836734693877,0.5433023620968411,245,112
cd0c9e5352848a1d,0.7375,0.3226286770346955,240,132
cd0e8e45aa5afe93,0.9742489270386266,0.3979887725046213,233,108
cd173ce9c95b1d17,0.9795918367346939,0.6301042158207218,245,226
cd25c7c683cd82b4,0.7634854771784232,0.15419691791368925,241,91
cd55931e07723ea8,0.3902439024390244,0.1997400652610454,246,175
cd644d2abe457db6,0.9838709677419355,0.3667715726947192,248,307
cd65207b685582db,0.9877049180327869,0.5039051706329681,244,237
cd88e7d0977a0acf,0.9834710743801653,0.3176777434209207,242,151
cdadd0038d6b454a,0.8734693877551021,0.3819938822815903,245,229
cdbada388a1a009f,0.884,0.4588233357336724,250,206
cdc552e3fe757efe,0.831275720164609,0.2605883552195584,243,114
cdc68a5cf8a6ed66,0.34297520661157027,0.22309410025684534,242,175
cde3d0a33668694d,0.5301204819277109,0.43313392069722545,249,380
cdf5832071858ac9,0.9755102040816327,0.4071302163310299,245,193
cdfada68f69893a3,0.9637096774193549,0.6136202116950317,248,587
ce16996322a90b8a,0.3795918367346939,-0.39670087778984314,245,127
ce2b460bd846e7af,0.7366255144032922,0.4571705410903608,243,84
ce2fb7506f12b390,0.9862348178137652,0.5314919370115079,247,70
ce3fe28500525e50,0.9755398110661267,0.6654496507749172,247,122
ce477a456d8a3cb5,0.9176954732510288,0.575263743982355,243,88
ce4a3c9b674ca75b,0.9915966386554622,0.44090272809606645,238,96
ce50a3d423db5961,0.8106995884773662,0.4214295687125771,243,107
ce51a610191e39b8,0.3140495867768595,0.25834021877285884,242,94
ce5a650f7264b4ee,0.8955823293172691,0.4870842340484941,249,391
ce69f04569815499,0.5150214592274678,0.3787840623168206,233,94
ce6ad7dd0bf3990c,0.7666666666666667,0.47974984060234077,240,84
ce734fb6e952b778,0.7815126050420168,0.32201393223100366,238,199
ce736eb4916d09a8,0.9834710743801653,0.5497326790945721,242,93
ce866de9d904b199,0.9838709677419355,0.49263055924479365,248,280
ce8c6c8cfae38f66,0.9291666666666667,0.35826095810171793,240,110
ce8ffae6fffb9007,0.9554655870445344,0.5602045868066151,247,89
ce947f926c34d19e,0.9753086419753086,0.2715632905206166,243,79
cebed78722dcfecf,0.6779661016949152,0.5101445525790321,236,113
ced7f4eb9646fd73,0.9224137931034483,0.4353534501218479,232,84
ceead7e44200716f,0.7215189873417721,0.4381538872876129,237,136
cefd6f755c1389f2,0.9518072289156626,0.4731989128067721,249,224
cf04898a634b9ea6,0.7160493827160493,0.4997573061892068,243,1791
cf11836a1317b0f8,0.2757201646090535,0.33982676237975473,243,93
cf1551d11e070d0c,0.963855421686747,0.5439015433970963,249,569
cf53e738652b79b3,0.9555555555555556,0.5504199792420598,225,92
cf705600e9600a16,0.98,0.5312843784131372,250,240
cf988c05f50662ac,0.9734513274336283,0.4945932083208697,226,89
cf98b292948715ba,0.978,0.5805925565498359,250,239
cf9c414ff4403eee,0.27983539094650206,0.0771489809345099,243,228
cfa299e3ef6a2a4d,0.9758064516129032,0.5883385904647084,248,379
cfa7d8cbe517552e,0.6219512195121951,0.2903720380191387,246,535
cfaba461d0fb6a02,0.9183673469387755,0.1359756751480038,245,77
cfaecbfcd8962ef2,0.8024691358024691,-0.06928789822249996,243,129
cfb308f4f30019bf,0.6693877551020408,0.5345157372971424,245,245
cfbdab7b40d63616,0.9456066945606695,0.4698819084351454,239,83
cfe56cfb9447620c,0.9753086419753086,0.5653072494649348,243,185
cfe57ebc435861f8,0.8770491803278688,0.2946488260800702,244,127
cfeefac7c24f8e3e,0.8663967611336032,0.30265012924127277,247,92
cff13e21cce37814,0.9795918367346939,0.4686062574781863,245,108
d00f193ab0a16905,0.5446808510638298,0.3889248703331812,235,84
d01199d024a73255,0.9678714859437751,0.4355607390691342,249,274
d04555458c3a5647,0.944672131147541,0.3274252513946262,244,115
d0488147d97220dd,0.9596774193548387,0.3551425522729001,248,288
d0503fae1671bb5b,0.97165991902834,0.4660124578784464,247,603
d059ad9cec7d0d61,0.98,0.45150081084238086,250,343
d0914eb46882bfb5,0.5846774193548387,0.41601292994966627,248,55
d0abadc29fd04ef9,0.9874476987447699,0.20706742969250497,239,72
d0ae528e02d68443,0.9176954732510288,0.19845064536885368,243,252
d0bf5459c56b1182,0.926829268292683,0.24312785262009073,246,433
d0d2d4f0792235ad,0.782258064516129,0.44070496111753404,248,209
d0d8039277a8d960,0.5394190871369294,0.16250888606000613,241,93
d0e4e7d589a6ab9d,0.8326530612244898,0.29005514365290114,245,86
d0fdaebadf1aafb5,0.9791666666666666,0.3543052844054881,240,159
d10263b810b4f83d,0.9836734693877551,0.3115288029978016,245,284
d10d8a32743a29d8,0.9773521505376344,0.6362093805765683,248,122
d122ec6814b2a704,0.9836065573770492,0.5754482585154537,244,104
d1392db0d231c835,0.26337448559670784,0.17013489077028254,243,225
d13a8273e9cd8ab1,0.9919678714859438,0.2253002890831459,249,247
d140d3fa3d2f5eea,0.9916317991631799,0.5242128058137572,239,72
d1413f2c391b7783,0.34710743801652894,0.022555460338039568,242,157
d14f32b12a82b2ee,0.7831325301204819,0.44888031821833657,249,135
d150c6414b06737b,0.946058091286307,0.2702734741820351,241,159
d16f7342909dec4c,0.9551020408163265,0.3679642091948052,245,120
d175deb8ce6bc17f,0.9718875502008032,0.42846648446067304,249,286
d178d1038d295a48,0.6458333333333334,0.4317571318007537,240,170
d187a8c8e0b0a0f2,0.8714859437751004,0.508878265500794,249,116
d1b7615720f15630,0.891566265060241,0.3378334072925154,249,253
d1bc286849722f1d,0.16260162601626016,0.025841244271837194,246,201
d1daacb48ddc0e43,0.966804979253112,0.5781729336712258,241,242
d1dcd57bce409cd1,0.979757085020243,0.5289703142136125,247,236
d1eebb531deb06c7,0.9742547425474254,0.5689881239157021,246,161
d22059e66a606fc9,0.9836065573770492,0.5933302939961643,244,227
d228eb2f7b38486e,0.3183673469387755,-0.15294197359013637,245,88
d2537fe028a2d89b,0.8421052631578947,0.49803822382524326,247,595
d28265b89570e6fa,0.926530612244898,0.20968166005451236,245,106
d293043e6f8a035c,0.9834710743801653,0.535980822639513,242,95
d2a7fae706068fae,0.983739837398374,0.3012412292184589,246,100
d2b65c2b917ae8eb,0.9874476987447699,0.5359539082332835,239,79
d2b7bb9e612120e8,0.8185483870967742,0.6350261168870481,248,595
d2cdca85688cf594,0.5183673469387755,0.35067956805121,245,100
d2d53a82933b3426,0.8477366255144033,0.5811313247907269,243,153
d2e5202a4d782f5d,0.9354838709677419,0.6241000497556747,248,212
d2e8d66cbae8d067,0.5909090909090909,0.3374768407608457,242,124
d2effb72f9a27d94,0.9586776859504132,0.19751407850106378,242,70
d30ecb699012d606,0.07916666666666666,-0.11889077168422028,240,97
d31326ae4864d6ae,0.8875,0.5373784384867607,240,95
d364651b0e5e7e23,0.9738955823293173,0.6642128387395728,249,261
d36498d7ab537a0c,0.9628099173553719,0.4325787759593867,242,159
d379b906f6688165,0.7302904564315352,0.1662777082754864,241,97
d386092e161225ba,0.9834710743801653,0.47311246559430864,242,81
d39bf328e22b73f4,0.9839357429718876,0.4868605888782137,249,248
d39d5c7dcb8c80b1,0.9493670886075949,0.3768106466507134,237,52
d3b5cef880d3102a,0.7583333333333333,0.10690388469465027,240,85
d3c1418fbda2ebdb,0.9053497942386831,0.5115255430039314,243,88
d3d34b5351c95c8b,0.9659574468085106,0.5848158543645814,235,92
d3e9cf8639579128,0.8765432098765432,0.4899256427062761,243,252
d40e9b181d253015,0.6735537190082644,0.2761621381801158,242,158
d4217ea624526e83,0.9409282700421941,0.38294257901229156,237,91
d47651875e54d2c5,0.9836065573770492,0.5535688556685275,244,158
d48d409a4a19484d,0.9690265486725663,0.23610738544598175,226,93
d49acc837d0a46b8,0.9576271186440678,0.5236367924288026,236,120
d49f55f0721c455a,0.8109243697478992,0.30465564516827276,238,132
d4b3c469370b2373,0.23628691983122363,-0.027985629113889573,237,98
d4c4292f6716a5e9,0.9833333333333333,0.3864043575864073,240,397
d4c6b0383e594744,0.9839357429718876,0.46437949865931677,249,255
d4d845f0b0b2d56e,0.1306122448979592,0.025752235036650584,245,201
d4dae78d45456682,0.8016528925619835,0.5366476057660627,242,435
d4e9ea54a342885c,0.9166666666666666,0.5274307708371286,240,143
d4ecfb0a44debe34,0.8559670781893004,0.3580335758590934,243,143
d4f2494aaed5eda5,0.860655737704918,0.448992740285888,244,145
d51b05658ac83210,0.9830508474576272,0.14285600094388137,236,72
d51bc38be488c520,0.9796747967479674,0.4572980146517663,246,538
d52669d78fc49d4f,0.9635627530364372,0.26517263189008095,247,283
d5342a8b36165c71,0.6516393442622951,0.5261572633686877,244,116
d53c33b699f67d3c,0.7540983606557377,0.3820683844007537,244,63
d53cbb20abe8788b,0.4057377049180328,0.34431918281747753,244,90
d54e2cf5fdf4200b,0.9789029535864979,0.6661351780377484,237,158
d57febd3a12e83b4,0.7623318385650224,0.1963972998723414,223,83
d5a83efcef7b1a12,0.9959349593495935,0.3301019814331791,246,220
d5bb676c9168d2b4,0.9793388429752066,0.35391204031297385,242,125
d5e8af3354a5775c,0.9798387096774194,0.5675139316869504,248,636
d61a00f7791ddc80,0.9879518072289156,0.34968598436750487,249,240
d6299b561b826919,0.9838056680161943,0.6269164111652168,247,167
d6329b6472c8f6cc,0.2869198312236287,0.18316769359481716,237,135
d65381662fea5ab9,0.9877049180327869,0.40476445980609643,244,87
d66525b95aa28b2e,0.967741935483871,0.5513499887061277,248,540
d66b6787487926b6,0.6975806451612904,0.3454043545392745,248,120
d674ba616a0dfa83,0.2773109243697479,0.06172479969963601,238,70
d67583de82801425,0.6234817813765182,0.38580706451531255,247,252
d686576f1e53a808,0.9735772357723578,0.47466144108389774,246,88
d6a3cdc7b015f9b1,0.9799196787148594,0.4193002568358391,249,275
d6a9a774d8401292,0.6923076923076923,0.20252724814890924,247,121
d6b738f40394d90e,0.9799196787148594,0.3615274640039372,249,261
d6bee86d4c7da1a4,0.9877049180327869,0.427432968251389,244,96
d6e4c2d051d2630a,0.8296943231441049,0.3119810964410226,229,91
d6f051aa58c1aa00,0.9793388429752066,0.4363829068986952,242,267
d716744a87d3c309,0.23236514522821577,0.06913375314914501,241,158
d72b3b642796a160,0.9757085020242915,0.5331434709029219,247,598
d72e614e43b95149,0.907258064516129,0.5156960199524215,248,391
d75231cd2fa64901,1.0,,250,275
d754dd500971d427,0.9836734693877551,0.4887271066018217,245,193
d76947ef492eacf9,0.8422131147540983,0.5016225848556611,244,82
d76b1e87252c0c92,0.32931726907630515,0.1924670302520921,249,286
d7717ef55c39448d,0.6646341463414634,0.5208339341897303,246,114
d7deb621eb1b181c,0.31666666666666665,0.23695757191830652,240,98
d7f828d3b87103fd,0.9876543209876543,0.4006355202591136,243,61
d80af1d005fd56ad,0.9718875502008032,0.5843304738368623,249,213
d81ae3b629b3c9f1,0.9808943089430895,0.5872647964592707,246,70
d81bc4a7eb733c5e,0.7272727272727273,0.3264489137488313,242,272
d82febff36e42e55,0.7877551020408163,0.4297095873522064,245,269
d83461eebf8802fa,0.9285714285714286,0.5786927867382003,245,113
d8590f3ffcf54a02,0.39669421487603307,0.06814584633882832,242,158
d86bde610717d665,0.9504132231404959,0.540287420740764,242,76
d86f860f406f77ae,0.9799196787148594,0.5315197076242365,249,234
d875e1c7c0235362,0.3312586445366529,0.2915016629141661,241,92
d8868fbc31c2124d,0.34146341463414637,0.2338127563910086,246,153
d8aa01f3af90ae43,0.717741935483871,0.5480642539190905,248,245
d8b20f11a65b5457,0.7242302543507362,0.49467130292833267,249,137
d8dbdddcf75357e0,0.967741935483871,0.49934427863521913,248,299
d9115b95888a9738,0.44398340248962653,0.10325951416891418,241,103
d942a0f8fb3ed888,0.9838056680161943,0.426817216907018,247,250
d96e8e7565455e2f,0.8553719008264463,0.3588207541605351,242,199
d9806f0c79558bef,0.9817813765182186,0.5889144531392118,247,185
d9816d757ae8d888,0.9835390946502057,0.5049569754295921,243,95
d98209da6f09ba5b,0.7689075630252101,0.336766076476348,238,88
d9832f334b08e576,0.6570247933884298,-0.06610164046102293,242,45
d9997475708c0f9e,0.9715447154471545,0.49045661779237,246,329
d9b2b101e82ffcfc,0.9917355371900827,0.4461050010119911,242,98
d9b5943aeb9d3c39,0.907258064516129,0.2326125941501373,248,433
d9b7852e08b0c0f9,0.9676113360323887,0.609180150735911,247,185
d9b9c87c9ebc020d,0.9876543209876543,0.3850415154556752,243,91
d9caa0cdd289ef59,0.9838709677419355,0.4754084195830337,248,83
d9d47c3ee5a89bc2,0.925,0.5483113338704266,240,172
d9e055464a59d0c9,0.6708333333333333,0.4994471596144249,240,263
d9e1c12062c098cd,0.6434782608695652,0.24140797990466056,230,213
d9f914c4643995ab,0.9407327319540127,0.7317471875143748,247,71
d9fe54d5961710f4,0.979757085020243,0.423543520221476,247,112
da0fe9d9a98831fb,0.9918032786885246,0.23777000809833201,244,94
da15248ff18b3088,0.36885245901639346,-0.1291219172354383,244,173
da38d5f887babbfc,0.9959183673469387,0.3406366770745504,245,89
da3f4ca4fdac4cbb,0.6276150627615062,0.21124349176785473,239,287
da4a2a869d191b7d,0.9387755102040817,0.5806393772457683,245,103
da7035d68703af82,0.972,0.4469319867816251,250,280
da843a14eaa67326,0.9878048780487805,0.29581491582924796,246,56
da89552f1c61ab9e,0.9700854700854701,0.51695019766352,234,67
daa205cfb321f8ce,0.678714859437751,0.4384638268977854,249,447
daaaa8db16960012,0.6882591093117408,0.43236133337024013,247,478
daaf4f906ae62941,0.8647540983606558,0.43493581380080965,244,112
dac87ae9d08cdd0d,0.8024193548387096,0.5552574771500463,248,248
dad0ac2e4dac421c,0.3459383753501401,0.23954436247158845,238,98
dada27122033afc2,0.6099585062240664,0.4113714921661877,241,91
daf92e9c84823d79,0.948936170212766,0.33294752953500384,235,121
db1321b1d6f7bc6b,0.9875518672199171,0.45484397735159277,241,118
db15c797e5082dd1,0.9959016393442623,0.21603248230692204,244,131
db306042544b3674,0.19327731092436976,0.014811539955576136,238,69
db3fc449ed0a45fe,0.9836065573770492,0.6012188311194394,244,108
db857e869dda5f3b,0.9344262295081968,0.6299085051501336,244,741
db8d0d10f6459a64,0.995850622406639,0.37469491967303514,241,108
dba110350c43984e,0.31870748299319734,0.13143445175509086,245,99
dbba8f47672d5bf3,0.45,0.5030882871639814,240,116
dbd6f79e2195112f,0.9549180327868853,0.581944595335223,244,97
dbf6869493f38528,0.6172839506172839,0.24119201636085025,243,462
dbfac6e4e82b6b67,0.987603305785124,0.5435826662731172,242,95
dc098b3b58ef38dc,0.8367408906882592,0.5572367104788256,247,101
dc09c33d3455fd54,0.9246861924686193,0.40127976406227306,239,58
dc1948d85f41fea0,0.9835390946502057,0.396472586763119,243,390
dc1f4711b030961c,0.02032520325203252,-0.16057708579016913,246,166
dc213089905d3320,0.8032128514056225,0.44957332169947056,249,135
dc3fa6f39ec7382c,0.7336065573770492,0.4501974159781898,244,478
dc765a3587c74e16,1.0,,241,95
dc7d425cdaecb990,0.7226890756302521,0.3227098602894338,238,54
dc85b620c7f357f3,0.9695121951219512,0.6021634255367069,246,106
dca8e755cdca7e22,0.33877551020408164,0.19894147970263398,245,176
dcdbf58c8228524d,0.8582995951417004,0.4409679994454287,247,508
dd0b8751f2e2f260,0.9959016393442623,0.3431942774701598,244,70
dd14f5e0bd3d4150,0.8658536585365854,0.08631404001939595,246,364
dd84c68fd8b316ad,0.12396694214876033,0.10432252024017713,242,225
dd8752fd97475f74,0.976,0.447546965249676,250,243
dd88115aa1acca84,0.548,0.4185482708153919,250,65
dd91d9ff33d39a41,0.9718875502008032,0.5982983993268889,249,336
dd97ac0e9efabbf9,0.9076305220883534,0.43079817688232325,249,206
ddcb554d1eef6fba,0.9753086419753086,0.4665462831858625,243,96
ddff3e30a696ac74,0.9865470852017937,0.24772680469941835,223,87
de4821294a9e4b05,0.6842105263157895,0.296477708273588,228,83
de48810befa1b35c,0.9799196787148594,0.46928091605331895,249,266
de4a855a388a0e2a,0.5755102040816327,0.01580593263173067,245,94
de53aa9afa1cdf6c,0.9795918367346939,0.3987158168130824,245,131
de59a7433c3acde2,0.941908713692946,0.5219623599097208,241,111
deb0ddaa7a97436c,0.911504424778761,0.4151081761896326,226,207
deb4655a325a9b85,0.9541666666666667,0.4047859685083481,240,82
debb2559a7909935,0.7246963562753036,0.37290863120096923,247,139
dec1d24df5b36ab1,0.983402489626556,0.4265785812676324,241,103
ded38776e1085c85,0.493801652892562,0.35225776018328164,242,88
dedb41787cdfe2f0,0.9711934156378601,0.5396832356070131,243,90
df094bc709ba0a15,0.8739495798319328,0.2382275224303642,238,156
df136c93950415d6,0.9875,0.21722691332010086,240,94
df191af6063d6dae,0.8156689801426644,0.6589093880535386,247,101
df3b6fbb9d604e7c,0.6130434782608696,0.3229253573318211,230,213
df3c9234b5b07999,0.8106995884773662,0.1756765047596558,243,217
df4c805ce3230528,0.6138211382113821,0.21083443856808873,246,211
df712545ec983b9c,0.6979591836734694,0.5380825944031311,245,158
df9370b433c04800,0.9573170731707317,0.555980654086818,246,162
df98ced49063026b,0.9865047233468286,0.5693815049910195,247,204
df9a6360967624b5,0.9718875502008032,0.5109654665991235,249,166
dfa5b89665b883ad,0.06276150627615062,-0.10587372448737624,239,153
dfb9fdaba76e7454,0.42570281124497994,0.38283050652683503,249,215
dfbe1cbb5a151757,0.9349593495934959,0.40502940189750136,246,113
dfd06273bc84a257,0.9832635983263598,0.4021904671275402,239,71
dfe5fd8d994205ed,0.9875518672199171,0.5136293827217284,241,95
dfea242943aa11fc,0.9718875502008032,0.5312462708330136,249,276
dff3fd65eda895ee,0.991304347826087,0.2410028714696775,230,85
dff428c6a91501b9,0.6680327868852459,0.43320909462027485,244,158
dff4fa4baed03326,0.98,0.5734820829868609,250,273
e01d4b2b954b7b9e,0.979757085020243,0.46550139256623846,247,538
e02ffb1a248a2930,0.9899598393574297,0.5133283754130115,249,136
e03ba2287308a225,0.9759036144578314,0.44799838500345857,249,243
e03c6e1bf99eef0a,0.9171178955453149,0.6079511496408758,248,85
e04093a7e63391cb,0.9877049180327869,0.4791314602694625,244,116
e041bdd0473e7967,0.9832635983263598,0.5727776734441684,239,105
e0711eec317b4084,0.8518518518518519,0.09041459675063862,243,84
e072736f08b01eb5,0.7429718875502008,0.46749235348397633,249,135
e09abe650439dc81,0.6275303643724697,0.43743755202385093,247,446
e0aad9210d26387d,0.987603305785124,0.298146920607493,242,79
e0c35d6becb6a7ba,0.9958847736625515,0.3576904805367575,243,189
e0ce7f2bb2594857,0.9253112033195021,0.3031548078826593,241,99
e0dcc2361e535ab7,0.9875,0.46790306122943437,240,104
e0fcfd416cf805e4,0.976,0.565697113584414,250,286
e10ab6e550a73a8c,0.966804979253112,0.49400682211568214,241,86
e15640e4a50de847,0.9323770491803278,0.4254466860282308,244,81
e172a67b2ec4c27c,0.44672131147540983,0.3209586586341081,244,1350
e178d73a5baa8c81,0.8155737704918032,0.42343596801686184,244,88
e1ed78a05beda76c,0.9348882410106899,0.7341128753554688,245,108
e2080f7344aeb1a6,0.979757085020243,0.4262236793066137,247,285
e208eb67673df326,0.33884297520661155,0.2517097764260084,242,74
e2094d8dee3feded,0.9793388429752066,0.5958407744396325,242,110
e212e154a4d2268c,0.6686909581646423,0.5903289215877139,247,127
e2134fe9ef398e8a,0.8104838709677419,0.4415216435383337,248,272
e21a774d29345483,0.5860655737704918,0.19762745995274064,244,133
e21cebc987ee3de9,0.6544715447154471,0.4775721287710737,246,766
e2300198ee90b72c,0.968,0.5717508864322914,250,287
e235fd38034d8180,0.8375,0.4266587919579652,240,160
e245d3cc51057598,0.4493927125506073,0.49494067599324754,247,447
e24e4d5b27baa62d,0.907563025210084,0.4352588547899287,238,70
e29f91d4bae55432,0.8416666666666667,0.25285398138754134,240,288
e2a7c2d1e15c0a79,0.9959016393442623,0.3592025114966551,244,122
e2e4b77396231b7b,0.5282258064516129,0.527655430531096,248,316
e31ff19d03a7febe,0.9793388429752066,0.6328525102633231,242,143
e323f798658d2330,1.0,,241,95
e335e2f2cc5ef2b8,0.9914529914529915,0.35165776135591675,234,108
e3435731efdd6cd1,0.9688888888888889,0.17222894314364184,225,207
e344e1039bdc3636,0.762114537444934,0.26223771017493225,227,130
e351d9f234fe5225,0.9508196721311475,0.6040103435872141,244,329
e354724d1372e50d,0.9795081967213115,0.29969860248499164,244,185
e364f7333481ab8c,0.2916666666666667,0.2819361555582921,240,86
e374e7b28cad9bcb,0.952,0.5627364693374655,250,97
e377738e32f5ca2c,0.9598393574297188,0.5487428251900618,249,521
e3a4d4ef14ef0d5b,0.6523224043715846,0.6616267317676964,244,102
e3ba2694abf9e6cc,0.7375,0.4135015574599156,240,85
e3cdfbcc2b7aeb33,0.9876543209876543,0.16548251776300726,243,100
e3eb8e066e55af3e,0.8995983935742972,0.40946214861278885,249,133
e3fd3d58a3a8d39f,0.9832635983263598,0.5729641250188917,239,47
e3fdcd56de321ae2,0.34959349593495936,0.43338489967169863,246,93
e413b32c54c79a2e,0.9631147540983607,0.5336566201059755,244,214
e41ddb275298c34f,0.47580645161290325,0.44084744873619014,248,212
e425006e22b53348,0.9755102040816327,0.6099403915750649,245,220
e45765bb0f4d8b61,0.6578947368421053,0.33575679163036437,228,89
e46e1cd88b019938,0.8870292887029289,0.056112592489227606,239,90
e46e331b1ca9ace1,0.7389558232931727,0.4278865453235415,249,136
e476c2e57be5e365,0.25799457994579944,-0.19176768049864332,246,96
e4783c018995c2e8,0.5245901639344263,0.47042470622881566,244,130
e47bd0d5dad9b1f5,0.9775784753363229,0.34228566290837065,223,92
e482807f05d82837,0.983,0.5638551670480202,250,200
e487a949fa26c763,0.49173553719008267,0.10126178162163745,242,149
e48808e9da4f9edc,0.7184873949579832,0.06214114608486568,238,90
e48f9264f0e8d19d,0.8285714285714286,0.14166010773327628,245,92
e495b7ab723e460f,0.8632478632478633,0.565771850595571,234,84
e4a1de3ecccbe2b4,0.3884297520661157,0.426297446426186,242,116
e4f2010621884d10,0.9713114754098361,0.5191237013405329,244,136
e4f65c40d5e0218b,0.9473684210526315,0.5386744879589758,247,467
e4f6a3194b036ecb,0.9669421487603306,0.3168906357584144,242,97
e4fe518d5478ebde,0.9911894273127754,0.26417408099155126,227,88
e507177f25753727,0.9897959183673469,0.30135021566599557,245,88
e50a63987bf6a8ac,0.9747899159663865,0.34853271827303306,238,121
e52239f1d08a4e85,0.689795918367347,0.5463061333490509,245,700
e53163621afce0e1,1.0,,240,93
e5566808825bc6f8,0.9020408163265307,0.5009541197951607,245,291
e5614fcb047f4f3c,0.6129032258064516,0.584608043549715,248,116
e569da4765db3c20,0.9799196787148594,0.40888111920373515,249,261
e56b037ee5216a28,0.4713114754098361,0.041823613638132834,244,222
e572023368248edc,0.9876543209876543,0.37462978653401585,243,75
e574189cdcbb42fe,0.9318488529014844,0.6303261058336326,247,171
e5796a5b5d6b1368,0.9333333333333333,0.4039776661040741,240,91
e5804bd03af7693c,0.275,0.3625433264087814,240,107
e58295f6436ffd08,0.9919354838709677,0.45365479142080467,248,577
e584b6632cad3e44,0.610655737704918,-0.24107146928406176,244,93
e597e39af5822594,0.9755102040816327,0.47267864257695497,245,181
e59e8e26a5a81531,0.8983739837398373,0.4446774198440825,246,279
e5a13dde4ee3f021,0.5909090909090909,0.3438945109352946,242,158
e5a83d7e626de07f,0.8016194331983806,0.5816297692832573,247,232
e5cd97811925c2c7,0.975,0.6188170527559038,240,82
e609677993c33611,0.983402489626556,0.4032127714175159,241,177
e62842f30c74eaba,0.6907630522088354,0.37251773389872445,249,136
e63a01a9970bc6bf,0.5901639344262295,0.1967637976490596,244,669
e64be74e56d98ee7,0.966804979253112,0.5704230111206078,241,68
e668966ea1ef05c5,0.9718875502008032,0.5040739232276119,249,583
e6753fca59416bae,0.3574468085106383,-0.018194322762458217,235,150
e6a48c2b834671df,0.975103734439834,0.5143871846987281,241,103
e6b1f72ba3af43e6,0.9758064516129032,0.5856598613240078,248,249
e6b8ac6c436755cd,0.9390243902439024,0.5748247797073845,246,110
e73db131ebaba1dd,0.9163265306122449,0.5934932139632324,245,115
e747be9dc699884d,0.32231404958677684,0.24516822272122743,242,178
e755abb6479eb1d2,0.8785425101214575,0.5066160559398721,247,417
e78fff3afd5d33b1,0.9673469387755103,0.4107962170535917,245,106
e796d2d58e99c47d,0.9917695473251029,0.3179656779326742,243,111
e79ed74ff12f0e53,0.41975308641975306,0.27133174166706864,243,257
e79f32e2db57660c,0.9666666666666667,0.5016605624247423,240,108
e7b3420c770a20fe,0.805668016194332,0.47544674152372285,247,186
e7c79b87e3059557,0.6776859504132231,0.038839628566501416,242,45
e7ee80bdfe7d72aa,0.8187102371312898,0.604415375827034,247,101
e80a64bc082b656e,0.9634146341463414,0.46232081416118675,246,569
e81133a7bcd2efc7,0.7192982456140351,0.2472756154478911,228,178
e83c7be8cd30931b,0.6638655462184874,0.17673597205745117,238,70
e8612c6125301052,0.5306122448979592,0.30367000635680375,245,334
e867a84765dfbed6,0.8257261410788381,0.0034190632451959095,241,109
e8760c08dc8e334e,0.9590163934426229,0.5339657252679701,244,245
e87f31ced0032048,0.7004048582995951,0.3569165764740054,247,316
e89e2cfd81394694,0.9753086419753086,0.5554707572336751,243,73
e89eebf32cc9efb1,0.854251012145749,0.6144582176711956,247,397
e8ca3d7144499ff5,0.9798387096774194,0.5602482348870511,248,255
e8d52958b319b874,0.8582995951417004,0.5950351575237126,247,339
e90427951bc576e3,0.9798387096774194,0.4231103134961922,248,288
e937fdbc27a92ab4,0.9795918367346939,0.5573142429542093,245,242
e94e142fcb1d33ae,0.6266094420600858,0.2879089701844596,233,70
e95219cb3d5b1f7e,0.9958333333333333,0.3793081668175503,240,94
e989d8b28c345d86,0.9785407725321889,0.6116404390873676,233,91
e99693a88eb693d9,0.9300411522633745,0.536097575075081,243,105
e9a38c36a7360115,0.9715447154471545,0.4961936819066274,246,549
e9a777ef9414bb61,0.987603305785124,0.4372384141605001,242,102
e9b48c2c92c5a8b4,0.3004201680672269,0.04540851219817309,238,104
e9b55821f04e738c,0.9711934156378601,0.4874118821004576,243,103
e9c34152c5565735,0.9789915966386554,0.38440598680774285,238,61
e9d190525d656d73,0.7860082304526749,0.43562660484691695,243,149
e9f790bd0f7ae1ed,0.7959183673469388,0.31483434736975885,245,151
e9fa72b93f4c21d1,0.6788617886178862,0.3424400361492231,246,237
ea2b1981a70222c2,0.9834710743801653,0.384532055912811,242,101
ea2fdddb3a182039,0.983402489626556,0.4387182331246685,241,267
ea3e9cc91d3dd4c9,0.979757085020243,0.6148226902873617,247,538
ea41c1d2bb50acb8,0.5166666666666667,0.45228730502259995,240,90
ea4b85dee9f291b5,0.8938775510204081,0.49209318114234246,245,302
ea65c6882bdda477,0.5800865800865801,0.16536280046917964,231,136
ea67c443a5ff13e0,0.9836065573770492,0.43723785354990474,244,136
ea6c6c1ad4281e74,0.8713692946058091,0.3337192344176537,241,73
ea86f89223db2716,0.9839357429718876,0.37758015855253313,249,237
ea9d2748f62fe6c1,0.928763440860215,0.6334916385724766,248,173
eac3c6558ba969f0,0.5761316872427984,-0.07663721043650328,243,133
eaec75b0606c6469,0.988,0.4756610921753858,250,254
eaee842f486219e9,0.9717741935483871,0.5369185534692343,248,520
eaf088b434b42f45,0.3699186991869919,0.17920840237399907,246,119
eaf8a4aa16ff71f5,0.9713114754098361,0.42987173553027985,244,217
eaf8ce1c645d0ae5,0.8347107438016529,0.25228029097430504,242,89
eb10e28208f95e3e,0.9877551020408163,0.526601969401187,245,119
eb2c3d2667f5e64d,0.09205020920502092,-0.15549784386686796,239,153
eb506ff0c5d45262,0.9126344086021505,0.4331018410326283,248,89
eb679f0c515c72bf,0.963265306122449,0.3132130159225586,245,159
eb697b93d002807b,0.975609756097561,0.5900166285482352,246,226
eb779457e15045ae,0.983402489626556,0.37085569796606194,241,335
eb779b7ff381ed67,0.9390243902439024,0.3760065342367756,246,381
eb8d30b3d52afbe2,0.9831389698736637,0.540740470728434,245,98
ebc2b518e4048678,0.6980431848852903,0.5088611905344348,247,123
ebc7e1788f0a39e5,0.975609756097561,0.5374019429461975,246,191
ebd3b4a7054d1841,0.771551724137931,0.39850932683449525,232,77
ebdfede52077bba3,0.8955823293172691,0.6423348573371039,249,593
ebedd87703255d65,0.020491803278688523,-0.12367007673235623,244,166
ec083475e6493b50,0.9773755656108597,0.4758600701345235,221,87
ec174f5e029c03bc,0.9872340425531915,0.2828567435711501,235,91
ec31689ec7700870,0.8483606557377049,0.18500897155747123,244,191
ec46433fd175da3a,0.9958847736625515,0.12786142925578275,243,155
ec466bedaf185bf5,0.9793388429752066,0.534719731041535,242,257
ec9e48b0f635aea3,0.6434426229508197,0.45277137977787757,244,109
eca999102bffdc64,0.9795918367346939,0.5015464026043035,245,115
ecb87520f28a5958,0.45,0.3158439316099113,240,101
ecb8a8eafa0f186a,0.5103734439834025,0.22958805170080857,241,296
ecc16509a1d6c8b3,0.5427350427350427,-0.05788830686689281,234,130
ecd01d2b6a2a2552,0.987603305785124,0.5468010937160814,242,102
ecde190b93c991af,0.9428571428571428,0.590148576155629,245,74
ecf4689d7eedd823,0.9790794979079498,0.37675197703871777,239,82
ed14cad6bd45a63a,0.9610655737704918,0.5905366985532211,244,162
ed1627b98f4b8ea9,0.9959016393442623,0.32238616946772936,244,104
ed1857ade27f0fbd,0.9755102040816327,0.45174972208801406,245,525
ed1e50f277e044f8,0.9755102040816327,0.45657199981623203,245,80
ed26064b24b0147d,0.9919678714859438,0.37304771298052475,249,133
ed3522f0a6a0d2e8,0.8340080971659919,0.3850434179382028,247,153
ed3db7a269447397,0.9670781893004116,0.20622054984768678,243,106
ed3e3d33ecaa0b55,0.976,0.4199034467315559,250,278
ed3eec801191f3a8,0.8050847457627118,0.40986284654414396,236,145
ed71ed6341b05b97,0.4609053497942387,0.08802230421817334,243,95
ed8337d204a3a5ff,0.5967741935483871,0.28615910345394957,248,212
ed8fa37904352e89,0.6926229508196722,0.3400341616644105,244,84
ed9a4bd6355f94e9,0.9959839357429718,0.3020214473634363,249,243
eda61e85079ae584,0.9647577092511013,0.46542892643133943,227,93
edb20bb47fda57c8,0.5491803278688525,0.4378734106004204,244,86
ede146f03bc336ba,0.973170731707317,0.5997752589510265,246,70
edeb7a46a8452f2c,0.9598393574297188,0.4875703665985115,249,603
edf62dc7d0a5e7fa,0.9361702127659575,0.05196911294100362,235,90
edfb12373b5f9df6,0.8811475409836066,0.4521694586976444,244,97
ee06e9c5c7e85e81,0.9916317991631799,0.36624344412404625,239,104
ee25abc05b561311,0.9746835443037974,0.5215456969384364,237,90
ee33c41567ca0043,0.9693333333333333,0.5836138099132295,250,218
ee3418ab45ff5745,0.2926829268292683,0.2055291156948679,246,85
ee3fda3993ededc2,0.8204081632653061,0.32274786525694427,245,700
ee7cb121575b6fb8,0.9180327868852459,0.4205876212365212,244,113
eea7a9a97911373c,0.9519650655021834,0.6043042370196906,229,85
eed4c0480a11209a,0.9918032786885246,0.22501005915534827,244,95
eed79666992ee967,0.8346774193548387,0.44526867817691307,248,619
eef93422383bad25,0.8448979591836735,0.4394234709187825,245,95
ef1dd921b094e8c0,0.4567901234567901,0.30520197368116203,243,246
ef1e3299dc5b3f40,0.7428571428571429,0.5104375578552989,245,617
ef201cc7001db4cc,0.8911290322580645,0.3933902947117372,248,279
ef35c59c1f2c2aff,0.9068825910931174,0.5343749451211881,247,109
ef368c133ec8521e,0.9426229508196722,0.5356800267120136,244,76
ef54d0f357ada988,0.7426160337552743,0.30116588227263236,237,130
ef5a99ea5d3f94b1,0.9748953974895398,0.5093060310078072,239,159
ef7d0ff4544d1340,0.9260162601626016,0.6360459555287493,246,85
ef7f142837cca50c,0.7541666666666667,0.0683621747555199,240,89
ef922daab0bd113d,0.7069672131147541,-0.02135380400544643,244,87
efb3f01b6e7189f1,0.9596774193548387,0.6410711299497404,248,277
eff1df6057e7e892,0.4344262295081967,0.30968625017395623,244,101
eff579f5f86ec142,0.24390243902439024,0.06500333186123536,246,118
f003e7f90102a716,0.9673469387755103,0.4714227882135777,245,120
f017e94e09c6af7d,0.9163090128755365,0.35616395291672154,233,84
f031cc14764bcdba,0.5061728395061729,0.334650575992476,243,296
f034b25d77fb819b,0.38016528925619836,0.11377006275846568,242,88
f039cda22067dc49,0.975609756097561,0.4090179006937097,246,185
f05e14ee60d58834,0.7090163934426229,0.25204487225521227,244,191
f05e67b71b15818d,0.9958677685950413,0.2312972135404793,242,100
f06929ff449ce8fb,0.8373983739837398,0.548775610939633,246,339
f06fcde585f12a83,0.6024590163934426,0.270668560317721,244,272
f07da6cb2500eb34,0.9772727272727273,0.40090263446827756,220,90
f08497bb71c34c39,0.9708333333333333,0.3663155126515595,240,358
f09c22613cb46ec8,0.976,0.48920857405852614,250,263
f09f5c5e880d0104,0.6336206896551724,-0.032394864208343185,232,136
f0bba9c587441ff7,0.97165991902834,0.44537636201194386,247,340
f0d7afa6cb27f29e,0.9416666666666667,0.4462599938037766,240,60
f0de0fe31ce424d6,0.6118143459915611,0.2993125190963742,237,131
f0ebf54db88dd05e,0.4291497975708502,0.5047388476525179,247,245
f1069658118c666b,0.9004149377593361,0.3343471259814855,241,179
f11ddf700c2aecea,0.9789029535864979,0.2021279656376413,237,88
f126465f1ad3001f,0.536,0.2187935667364307,250,65
f12805cab910a8eb,0.9875518672199171,0.42334874443326265,241,95
f12d1b2cd785277c,0.986111111111111,0.568897103114862,240,70
f133de86dd6d7a74,0.8298755186721992,0.41977628414383283,241,217
f152b6e7eddc85cb,0.8375,0.5817879395156373,240,94
f16cb58e78f21521,0.7199730094466936,0.3212343648487026,247,132
f170c11e20da2f74,0.8319327731092437,0.35797963910348873,238,96
f1778fc87efb43ef,0.8857142857142857,0.5234598937507093,245,433
f1a58bf971fc0972,0.99581589958159,0.3875690623494581,239,92
f1aca3059cd9fc2a,0.9227642276422764,0.415827936524571,246,106
f1adc6102457a934,0.7071129707112971,0.3184801405105767,239,97
f1ba6c42766bf113,0.45041322314049587,0.24122770966114146,242,94
f1e5995d7d46292d,0.9221311475409836,0.4780584123837061,244,106
f1eeb81db887309f,0.8638904954694427,0.5674449359748693,247,92
f1ef1a130c3f20eb,0.8860759493670886,0.21523550570728886,237,110
f201ec3e62927970,0.9050632911392406,0.45742715559234115,237,82
f21503575122a04a,0.725,0.37295305996647715,240,85
f21806c476825ce8,0.9836065573770492,0.34441275751514633,244,95
f2184d3656738182,0.529251700680272,0.4407992758231374,245,100
f224cf73b33c9276,0.8313008130081301,0.519301381857815,246,88
f248fc6ab4c77bde,0.5714285714285714,0.3159458155289619,238,87
f2658ecd11f05d33,0.5809128630705395,0.12613612667605476,241,177
f28cf41243409d64,0.9637096774193549,0.5895049594691919,248,336
f2a44130301ffe16,0.975609756097561,0.3436523633876125,246,598
f2b9cc8af9f0093f,0.9628099173553719,0.5704679368046287,242,103
f2c6269fe48af1f0,0.9875518672199171,0.5291864247676146,241,95
f2fed741687a7b91,0.5564853556485355,0.2269933557103508,239,130
f2fef6e49bf8d219,0.5333333333333333,0.4174842586511068,240,88
f324e570fa1c2dce,0.957983193277311,0.36009264636262395,238,79
f32a554cb1a7d342,0.9877049180327869,0.40822447969648484,244,220
f32d81b29316915a,0.9629629629629629,0.5154624604682773,243,149
f3344436af2a6c9e,0.6049382716049383,0.323566047107974,243,84
f340d85139565d59,0.21138211382113822,0.020398506608589613,246,110
f34dea67a4cec650,0.9877049180327869,0.5165975291159949,244,79
f3755b84ccb0b2eb,0.9758064516129032,0.587699894505069,248,266
f37b407cf66985a4,0.6806136680613669,0.5709824180110603,239,112
f3912b73b7e9cb7c,0.8282179808495598,0.7530962847652534,247,83
f3a5be14728b75b9,0.6008230452674898,0.21062756097866658,243,300
f3bb45531227250a,0.9333333333333333,0.486042486824019,240,53
f3ce237a06b36584,0.2033195020746888,-0.05820594430231941,241,127
f444b35698be3b4f,0.9364406779661016,0.5205232094575902,236,77
f457e55121f23cb4,0.9132231404958677,0.4421641114280202,242,152
f4616ffd0e88aa22,0.3048780487804878,0.27289720242335175,246,135
f468123fd25c1227,0.4637096774193548,0.2633804264193501,248,258
f470e4ab77b6ad03,0.9917695473251029,0.4976184447771672,243,122
f476eaabb44ceb11,0.9876543209876543,0.593678752254598,243,93
f480ce3344a56221,0.9759036144578314,0.4868026417408991,249,266
f4992752692c8c6a,0.6411290322580645,0.4503135099239142,248,245
f4db361e5ec52984,0.9916666666666667,0.4879178568848174,240,106
f4ddbc11f4289680,0.5867768595041323,0.2044002019622984,242,296
f4f346b3264754ca,0.9551020408163265,0.4856573914536631,245,108
f4f9f72e08910d48,0.9759036144578314,0.565655078789864,249,249
f50729c16def8eb5,0.978448275862069,0.3285107218060372,232,85
f511b221ec6f1485,0.9141630901287554,0.557079192920872,233,88
f53d05d54934a2ad,0.7551867219917012,0.40727360725655015,241,149
f543f970a34d2703,0.9109311740890689,0.39357461627992446,247,110
f5955f17a0378804,0.9832635983263598,0.5009838803557556,239,397
f595d1249fc8c9de,0.25311203319502074,0.2510951058646414,241,151
f59adffc8fa1aea3,0.9919354838709677,0.45261071162239014,248,569
f5a3d7c5afad9bf3,0.987603305785124,0.40919919994359033,242,119
f5a75b0bd848e327,0.7758620689655172,0.3875838678310196,232,84
f5b203a3b841cfde,0.5619834710743802,0.07626624449267069,242,148
f5c3c796c2a7f4db,0.7489539748953975,0.2422757373191606,239,96
f5e013f60c2716e0,0.9873417721518988,0.2735122617577803,237,136
f5f281b5b5383d1b,0.6831275720164609,0.27436843460140603,243,194
f5fb7bf6302a1384,0.38114754098360654,0.12353516197420637,244,153
f60470f53594e0cf,0.8313253012048193,0.4117535031516315,249,508
f6379429cb31dca1,0.9838709677419355,0.28442939865506456,248,583
f63bf764b4b59d5c,0.8048780487804879,0.3146558962447304,246,100
f6449f99af23c0b5,0.42016806722689076,0.4579726549961855,238,86
f64f64a26b086e0c,0.8925619834710744,0.5412828398195688,242,100
f65f4362306ecd72,0.9703389830508474,0.35938081500219293,236,111
f662fcd58950f0a0,0.8565573770491803,0.45909113678884145,244,84
f66372c9eb36bfb8,0.8962655601659751,0.4800039611650251,241,202
f66706ac674b0576,0.6987951807228916,0.3454235816286658,249,98
f66de72ff0232c4e,0.9914893617021276,0.5406386142244273,235,111
f670a2bb9cda8597,0.8724279835390947,0.41777056583281097,243,113
f688568be131c6bf,0.9390243902439024,0.5024270231247362,246,134
f68c7497c21f1445,0.964,0.6039915250217429,250,218
f6ab371f311703a8,0.983402489626556,0.4885156533570036,241,94
f6b3ada2a9384b37,0.991701244813278,0.5267497197441302,241,82
f6e8b493c2c70680,0.9663865546218487,0.4768350291167001,238,92
f6f68631fa71b5ba,0.6408163265306123,0.16066999648785224,245,107
f711c65cabb7e2d4,0.8211382113821138,0.43627949576457437,246,95
f713e3c1701904c2,0.9545454545454546,0.4297361708461707,242,88
f7167edb291a6832,0.6572199730094466,0.48177214513729444,247,132
f7378cd429ac2ea8,0.691358024691358,0.4042154817569967,243,1350
f74fb26bd804e35d,0.976,0.4478425648915538,250,250
f7566dc3031a1c55,0.968,0.45691203307980516,250,259
f75b37f89ff813e5,0.8106995884773662,0.13179957922988658,243,83
f7762b6f348b1c6c,0.8326530612244898,0.20394859819139377,245,158
f7a60473d6f2598b,0.9798387096774194,0.41694072378640495,248,112
f7af997107737ea2,0.8781512605042017,0.4233858893392338,238,100
f7e1aeb1d74ace9b,0.9745762711864406,0.5924621185940188,236,105
f7e29f5e50cfa5f7,0.8934426229508197,0.6112452469666058,244,126
f7ef618251371a87,0.743801652892562,0.31267143106690265,242,85
f7fc62dce835b064,0.9142053445850914,0.496233605549053,237,88
f81d31eddf758b99,0.3125,0.1749380500454438,240,99
f83571baa00a3b16,0.4854771784232365,0.576441192760962,241,73
f835b8b756d31cb5,0.9051724137931034,0.40870944775617674,232,102
f8424d86ad46bb63,0.6694560669456067,0.22003849935596198,239,110
f849d75dfe30e1b0,0.44534412955465585,0.25631245739382535,247,376
f851ae4eaa1aa7c3,0.31983805668016196,-0.018293408483228288,247,187
f87b19c588d1374f,0.058823529411764705,-0.2103657232169789,238,58
f87cd9dfff0bccce,0.9871794871794872,0.3034977002474826,234,109
f87de5d2013f2414,0.9757085020242915,0.3968095521928464,247,679
f8849912aac5cc3f,0.6848739495798319,0.37225109269035284,238,103
f895d8b6d1b2572a,0.6835443037974683,0.3013792430843847,237,103
f8af2098553b3b31,0.8979591836734694,0.3188467416313813,245,52
f8b7d05837d4e7d1,0.9877049180327869,0.36556692551538555,244,226
f8c8eb39e7ee437a,0.9919354838709677,0.2404132470988529,248,170
f8e6229e5e5d7c6a,0.9306122448979591,0.3908229394698661,245,81
f8ea0db7846f3d2b,0.9585062240663901,0.42028360757380306,241,76
f8ee83a632241991,0.9754098360655737,0.4258254391687463,244,242
f8f130d7033e7d31,0.9838866305329721,0.5708028605573194,246,68
f8feb51809fd3416,0.9759036144578314,0.5174856868595953,249,307
f90ad0369b61a009,0.8847736625514403,0.4927999091311259,243,352
f90d1c62f1873be5,0.7530864197530864,0.35671320607859264,243,54
f93a269b649a3760,0.9798387096774194,0.59414467079682,248,277
f93d91ecc9758e96,0.9918367346938776,0.45904965486387184,245,185
f9531db41e5f7b57,0.9957805907172996,0.030908322767294157,237,79
f9641096a76a9ed6,0.7942386831275721,0.47861165539303946,243,705
f9663a1876f7f9e5,0.8653061224489796,0.2229356809725464,245,70
f97a3029fa0fb142,0.978448275862069,0.19766640276535358,232,108
f97db055c36085eb,0.8755186721991701,0.2008632986525045,241,84
f98362b3a82b6371,0.8418803418803419,0.26831109216811205,234,110
f9a97b541f7dee89,0.6032388663967612,0.5145143570834849,247,205
f9aad2ab99e948b8,0.7161016949152542,0.3513649349342741,236,103
f9bba25318198f5d,0.9672131147540983,0.6133868883153936,244,204
f9bfe89c0908b675,0.982,0.5945988773880692,250,200
f9c78335d350c1ea,0.8041666666666667,0.3974412211151628,240,175
f9e434e092595163,0.97165991902834,0.3760831109894952,247,569
f9eba96f5ae64ac1,0.2892561983471074,0.003710990237652878,242,70
fa1781a524a3abd3,0.9918032786885246,0.4711324711426013,244,111
fa219ba5a84e1730,0.9049586776859504,0.5906721514287121,242,145
fa30f0f241e40bab,0.8170212765957446,0.3573743243047903,235,180
fa6167482fe0139c,0.8155737704918032,0.2614603592769816,244,209
fa63256a1a114755,0.9781659388646288,0.5086423238126183,229,89
fabbbe40dfb8c901,0.8346938775510204,0.006261819169806748,245,94
fabc345daded5a04,0.9669421487603306,0.5201451674799582,242,94
fabed180590c732f,0.9836734693877551,0.5601387815993936,245,145
fadcc1b0515c186c,0.9515418502202643,0.4909338280745679,227,118
fae7d162f59d5201,0.9919678714859438,0.4535785238731703,249,307
faf43db82e3b33dd,0.9094650205761317,0.49718032639239557,243,88
fb282e85f0f16839,0.4090909090909091,-0.009049855336263833,242,136
fb609bfe5d38c540,0.8281490015360982,0.5618263598933168,248,72
fb7fe79d8c2a67ba,0.9475806451612904,0.41508092942083513,248,467
fbb60cd870292720,0.2674897119341564,0.12085615651195274,243,79
fbebe92d2e89121c,0.8934426229508197,0.31090641148303744,244,106
fc05b8a51f2dca8e,0.5294117647058824,0.41431136841198896,238,86
fc0cec17f44e05c6,0.9790794979079498,0.49942723655086846,239,103
fc0e5eb1d365f578,0.7385892116182573,0.3281795135119543,241,96
fc169a1a31b6f252,0.963265306122449,0.3751658124133171,245,99
fc202ada675a08d0,0.7134146341463414,0.5487155661535172,246,123
fc2eac982d234438,0.8360655737704918,0.3881482907853048,244,45
fc3137dd227ce6d9,0.5502008032128514,0.2778958129394197,249,237
fc511d5339d34885,0.8453773041474654,0.4921132998174472,248,92
fc56d8ac0366a89b,0.2833333333333333,0.13474982948137568,240,150
fc8d1406f4017abe,0.9596412556053812,0.3936225913027592,223,92
fc90421b428ca349,0.48367346938775513,-0.16301030222179771,245,88
fc95e8930b7ba7b1,0.9879518072289156,0.48442920004559764,249,248
fc9d9aef6c93355c,0.985,0.578847840026435,250,248
fcae560179d012ee,0.35918367346938773,0.22010489963217314,245,462
fce5734795e45ea5,0.7552742616033755,0.35959610003766435,237,90
fcf387c7c588c3b8,0.35763888888888895,0.24026254493035915,240,98
fd0688ca01dceba5,0.9917355371900827,0.40757622329706683,242,110
fd222c21d6264a69,0.8810572687224669,0.4229151046683516,227,95
fd237732547ffda0,0.2742616033755274,0.27080742968556887,237,135
fd692cef3e32b251,0.9817073170731707,0.4390136131320048,246,185
fd77876880eb85c5,0.9670781893004116,0.4216345989068616,243,741
fd93b7ed9f6c55f3,0.4349593495934959,0.3079757892313257,246,135
fda809e1011bd48f,0.992,0.3503598325341122,250,293
fdae0181228f3a04,0.5502008032128514,0.5528146732652014,249,252
fdb93fd01e1a4e7f,0.9875518672199171,0.33679635769995886,241,81
fdc366a6f4e0c34a,0.15767634854771784,0.11742747379242525,241,88
fdd192f4c705a4f0,0.6979591836734694,0.3177507686331827,245,56
fde59aaea0eb815f,0.967741935483871,0.5189637296132014,248,548
fdf5550a7b0a56a3,0.8353909465020576,0.49199594145702835,243,121
fe19a0f9f69373e8,0.9110169491525424,0.18502728568517676,236,288
fe2bd6dc5f7c2da6,0.9139344262295082,0.4956899693308407,244,352
fe4ec144e780eed7,0.9959839357429718,0.3020214473634363,249,188
fe5dbf68a2f68393,0.8888888888888888,0.5369945050311365,249,89
fe72b4a1b548a949,0.9711934156378601,0.3500092860675558,243,257
fe765c23b14075be,0.8780487804878049,0.4665289206562033,246,301
fe8a3ef77dc78019,0.9421378017144145,0.7475124839079582,248,151
fe93766c4772a2c7,0.847457627118644,0.400070587081477,236,86
fea9fa2c0cdc3eef,0.5286885245901639,-0.1667002115112283,244,92
feb43d908531b2c7,0.9795918367346939,0.46242182962994244,245,284
febe17f15719661f,0.9421487603305785,0.5341709686040348,242,87
fecc31959019c6c0,0.5941422594142259,0.11514818009368041,239,118
fed47970fd375722,0.9958677685950413,0.20715436481264,242,116
feebcbf60ec95328,0.9799196787148594,0.5736081937213101,249,263
feed61ccc02f5580,0.8395061728395061,0.4526184609701836,243,72
ff1b6c304546ee2d,0.957983193277311,0.47256289208809504,238,257
ff284a18ae19973e,0.9795081967213115,0.3772009682942792,244,80
ff2f8d96269cd47b,0.5447154471544715,0.22402125647329893,246,447
ff400c087281e635,0.6229508196721312,0.20745576447201797,244,130
ff456c8f6b84b6bc,0.864406779661017,0.4730221857678269,236,86
ff6685af70f94897,0.8785425101214575,0.45082835470060956,247,245
ff75c21dc2e20bee,0.8299731182795698,0.6557656114241699,248,130
ff7c2e96685dd508,0.967741935483871,0.6313973516200798,248,228
ff91ccedeaa465ba,0.16666666666666666,0.0213614089195441,246,161
ff9ddb1b011529ca,0.17012448132780084,0.05443338611173111,241,79
ffa2febd95a1979d,0.9853333333333333,0.5422350773352579,250,212
ffb1a20737362f33,0.5587044534412956,0.4813763867730486,247,212
ffb84fbe5932bfd1,0.5166666666666667,0.007669088236189479,240,135
ffbdec33ee38f0ff,0.9426229508196722,0.4868500595411533,244,113
ffc329d614d82d69,0.48132780082987553,0.10126087364820276,241,71
ffdeee9e368c304a,0.975609756097561,0.572930354889626,246,155
ffed47f4892f8712,0.9414225941422594,0.37200079145061204,239,103
fff2f1991cede41c,0.47950819672131145,-0.2778469748661874,244,78
