item_id,item_difficulty,item_discrimination,n_models_observed,content_length
0013cb25d2ee3d0f,0.6413043478260869,0.2913748196954953,92,52
0019dc73ac067478,0.782608695652174,0.3350224768935847,92,33
003f3f97f0e60f49,0.3870967741935484,0.26860725342877545,93,410
00440d5c7b1f465c,0.17921146953405015,0.49631873211745337,93,1141
0045a833e4c45236,0.6774193548387096,0.46026719462153026,93,67
005508a39cd55e08,0.15053763440860216,0.2926839353893653,93,151
0055223dafbebe7f,0.4838709677419355,0.4931145986579649,93,2623
006563e2cab6b605,0.0,,93,315
0087488832bb8e3c,0.9247311827956989,0.4000112080768668,93,70
00922ff695fb514f,0.8494623655913979,0.4040153657727655,93,94
009ff9ff8823346f,0.956989247311828,0.3675905362052611,93,105
00a0d3e8c169dfae,0.6129032258064516,0.25862131519280657,93,93
00aee70ed2731094,0.3870967741935484,0.29707434910340785,93,43
00c067aad9344902,0.6881720430107527,0.5611339805634173,93,576
00e405fbd5104a85,0.5652173913043478,0.18754825635417285,92,94
00ef688f30b552ae,0.0,,93,676
0119f56b617479c1,0.8172043010752689,0.2244188178379757,93,91
012a52d07e6ba4b5,0.4946236559139785,0.4359482110119555,93,41
013d38a1c18e7518,0.7849462365591398,0.25428808475888337,93,119
0147dea5fc8ef17b,0.8817204301075269,0.6138132029395845,93,133
014d8e75678a5d8a,0.2826086956521739,-0.012104397647765372,92,41
01558555e47e848f,0.017921146953405017,0.18950744450648632,93,439
015e87450cf4e8a2,0.021505376344086023,0.09392572672227727,93,648
016454d1433f286e,0.4891304347826087,0.2631214158498826,92,59
016527b1766c7986,0.6344086021505376,0.5010792116867796,93,874
016d9390ef8cca47,0.8172043010752689,0.37109808302931685,93,118
017b5e3094dbeb1f,0.8387096774193549,0.5067529425444035,93,237
017c8ae6805539b2,0.7634408602150538,0.3876852035365707,93,78
0194ece4d96cbd84,0.9139784946236559,0.5439208099008873,93,114
0195e003df9997c5,0.6739130434782609,0.4382004557649031,92,37
01a57c8c50498afe,0.8924731182795699,0.6196793743563886,93,101
01c1e1f0a3ba05b7,0.8172043010752689,0.3725078836279785,93,135
01c55c4eaaf0f032,0.5698924731182796,0.26187999041786614,93,87
01cc8043fb5ea1a7,0.9354838709677419,0.4967440332074402,93,90
01ce23b113c3e411,0.010752688172043012,0.07449851572422277,93,938
01eb88c48f74f87c,0.9247311827956989,0.5522435822400467,93,61
01f3890156fb5f76,0.8817204301075269,0.5419374924531606,93,102
01f9aaa7f65ea3ff,0.5376344086021505,0.2718395871252389,93,105
0205612f1df05c00,0.8172043010752689,0.397761874117843,93,141
02299c3aa70eb4af,0.2258064516129032,0.39800968178657226,93,525
022a04634295c364,0.7096774193548387,0.6032839170712673,93,394
023d5b64bbe6588b,0.8709677419354839,0.593272490221424,93,91
02411d07351f925d,0.8172043010752689,0.46696148335134785,93,104
026056b7af8e14f1,0.7096774193548387,0.34889836006348396,93,121
026205054cb2092c,0.946236559139785,0.5327516899018445,93,89
027c8220075c1ad2,0.7849462365591398,0.36633722889984904,93,89
028b3b7bc2b57321,0.9032258064516129,0.41859739964543513,93,35
02e0708d3af22440,0.6989247311827957,0.06612320845759258,93,158
02f15d20754ac3dd,0.11827956989247312,-0.06866634954217114,93,100
02f3b41efd1eb283,0.6129032258064516,0.45855271676831233,93,188
0302410621a3b444,0.8494623655913979,0.5969094034022718,93,143
031c3e2279fd230c,0.9139784946236559,0.6035382328768387,93,122
031f4eee1e4be68e,0.9354838709677419,0.47417584578684396,93,127
0342e0604f86d389,0.2903225806451613,0.24907994284359494,93,68
0348012346691263,0.717391304347826,0.3400038535330942,92,82
034bfd46ec351663,0.8924731182795699,0.6819059484534844,93,179
034f0cfa1181c789,0.010752688172043012,-0.03228342271189196,93,59
0354c6c21c6b9012,0.6666666666666666,0.43443052434564094,93,27
0358f8f1178f0fd7,0.17204301075268819,0.0442770382479405,93,82
035e03cf8ac9afb5,0.8602150537634409,0.27213050107639,93,15
0364d66249baff8c,0.5760869565217391,0.30342755695700097,92,34
036939ab59e4f8fc,0.8602150537634409,0.46229954648831645,93,87
0373a30e7f5ab271,0.7526881720430108,0.4199519852585931,93,108
03781474ea3608ef,0.6451612903225806,0.4607478886832246,93,94
03820fc79fd9af1f,0.6141304347826086,0.0672155445642791,92,522
03a40e9fa4ba4821,0.6129032258064516,0.05362260426419629,93,932
03ae40098e2250a7,0.9032258064516129,0.6972618987211389,93,93
03bda7984cbbf4d3,0.9247311827956989,0.6663206811785161,93,86
03c68d1978aea8fa,0.11827956989247312,0.28844298999302537,93,1486
03cf453062ed500b,0.6451612903225806,0.3493104997816573,93,89
03d5b884bbd82e12,0.7634408602150538,0.5181655846014753,93,764
03e0fca55fc712d1,0.8709677419354839,0.5625731009120469,93,237
03f341604b57d50d,0.8817204301075269,0.5281092924164199,93,85
040664e970c41091,0.12903225806451613,0.37508078177217635,93,534
04086c9df3f24b57,0.4838709677419355,0.3107617330909237,93,40
040d980377efe2d9,0.1971326164874552,0.42464797363893997,93,357
042fe30afa7f273a,0.7849462365591398,0.3147030356543234,93,80
043f06c5f367da90,0.946236559139785,0.491091215016705,93,60
044c42c527c2a438,0.7849462365591398,0.21462025964970932,93,82
0455a08f9b9defc1,0.8279569892473119,0.20897125300913685,93,184
045e1966d63fa8d6,0.6847826086956522,0.41177061780230817,92,57
046087f73014f8b0,0.27956989247311825,0.29200262651220243,93,860
0470164f6ae988b4,0.7096774193548387,0.4652116833450213,93,432
0487817e94241626,0.6344086021505376,0.08568806381653592,93,1131
04bd59921c3c8f37,0.8172043010752689,0.49139939821637424,93,111
04ead27039529103,0.2826086956521739,-0.2072732736930867,92,365
050d60890259cff6,0.1935483870967742,0.3555648251383453,93,507
050e9eeacf84f66a,0.7419354838709677,0.34491245080655003,93,277
0549a0babd06d7ff,0.10752688172043011,-0.02825795632687656,93,93
054d9ca52f98908f,0.8709677419354839,0.370751829797801,93,116
0591a5c68880bef4,0.2903225806451613,0.2716421570642727,93,841
05979aa89424533b,0.9247311827956989,0.4553843638819423,93,107
059ac5ef650461e0,0.021505376344086023,0.16985856125124288,93,586
05d574a26e725a0e,0.8924731182795699,0.1650640962880657,93,193
0602237b208a9753,0.6129032258064516,0.14224091956692028,93,125
060b30b37a26c5b8,0.6666666666666666,0.3336620681422443,93,76
0612448ea7b31f42,0.7526881720430108,0.4186309474353533,93,601
06196376f13a2eb9,0.053763440860215055,-0.11649623926657597,93,67
061f9edc8e79292c,0.8709677419354839,0.4131592786635839,93,270
062c2b018ace12e6,0.8172043010752689,0.5065890372503485,93,353
0639945554d8a653,0.8804347826086957,0.4699003575902987,92,17
063fdf5ce0bf1d3b,0.8602150537634409,0.538777944657956,93,62
0641c7d72db1d547,0.7526881720430108,0.18660224120194988,93,83
066b0eaa48d9adde,0.6774193548387096,0.3483640018225415,93,82
0673a030db1d5016,0.8172043010752689,0.33809025631417383,93,247
06821010efc1fd2f,0.6451612903225806,0.27535538142931765,93,487
06977710b563cc1f,0.8817204301075269,0.22977650536523356,93,48
069b1b12156ffd3e,0.7849462365591398,0.5999062587078041,93,188
069e633fd5bb49aa,0.7204301075268817,0.42162915512426324,93,29
069fa540c4ec2e38,0.956989247311828,0.416532313031162,93,313
06ad09535fff9dfd,0.7419354838709677,0.2922996954845166,93,106
06b8f694bddec92c,0.5108695652173914,0.36004831869730897,92,48
06be6a1e9a52a90e,0.9139784946236559,0.585620538957748,93,134
06c2c6918f783520,0.1935483870967742,0.21314849902332111,93,168
06cd13ed97f4dff6,0.03225806451612903,0.06292894461951737,93,155
06d8fc30c4d2dcf8,0.9247311827956989,0.44451192354805624,93,271
06eed6e6dacb3770,0.956989247311828,0.37754423863401143,93,65
06f58ce3f81aa2c5,0.7419354838709677,0.4811469601806257,93,154
074499de346dc519,0.8387096774193549,0.23196248168310837,93,123
075fe68b7f88124e,0.8602150537634409,0.2737854718607965,93,116
076058b4bae45700,0.8064516129032258,0.6974857287671095,93,150
0797bfd23abff897,0.8387096774193549,0.29773847033447703,93,336
07a767d61fca7fad,0.5913978494623656,0.1746854602118786,93,1753
07b4947ef04522eb,0.7311827956989247,0.4266883189056532,93,49
07c79800a01710c9,0.8279569892473119,0.4315036716997376,93,365
07ef8182c87219c7,0.8494623655913979,0.4612856058977398,93,52
07ff740d571ea90e,0.07168458781362007,0.23012365762471282,93,616
080464331a77efdb,0.8913043478260869,0.4057585566256061,92,36
080a1903eacb6138,0.8602150537634409,0.5431026764969634,93,93
08184f0c9aa5f58a,0.12544802867383512,0.3752351922920531,93,581
0823065b5a85be6f,0.2903225806451613,0.21613801591313445,93,142
082c1daea0e3bf15,0.11827956989247312,0.19161048612643788,93,55
0830c9f8c9511a2f,0.06810035842293906,0.2523511635162203,93,1069
083fa070bc081e89,0.8924731182795699,0.649546205369407,93,111
084477d7d824210e,0.23655913978494625,0.3086395339036949,93,333
0847908db7776c62,0.8924731182795699,0.4811188174775772,93,113
085735c807e571f1,0.967741935483871,0.3900122812252622,93,89
085b1ea7b45ebb48,0.17204301075268819,-0.07823306497391735,93,70
0871c8dd4c41d0b0,0.9247311827956989,0.5441988528064948,93,261
087538e3b074941b,0.956989247311828,0.5650810450837754,93,97
0883a84f030d229d,0.6304347826086957,0.3484150421876238,92,66
0886fed1962ab238,0.09782608695652174,-0.20018645692899753,92,23
088d344ac68af801,0.43010752688172044,0.24784617374589615,93,129
08b2d4a4fe92bf59,0.7956989247311828,0.3344638203904467,93,275
08c6be35fd24b2d3,0.6451612903225806,0.15366377899545616,93,248
08e635539f2d97e4,0.9408602150537635,0.6144436540764954,93,112
08f382345065e294,0.7741935483870968,0.3814926683996955,93,554
08f79011a4c85b1c,0.22580645161290322,0.2869802299727341,93,377
090eec6a7dc3d675,0.9139784946236559,0.4084091244496828,93,38
091ed78d41363e97,0.6521739130434783,-0.05031554964635668,92,983
092be69cdb430027,0.7419354838709677,0.45148757594592637,93,531
093454f6b21bdd08,0.5053763440860215,0.22059417681790008,93,24
09368a2cecf46bac,0.3870967741935484,0.42465292183062686,93,183
0938b5c3d87adb5f,0.967741935483871,0.38736464949846877,93,56
093ee40997092fa2,0.9354838709677419,0.6140683347148447,93,122
0949d8b303353246,0.9139784946236559,0.4534117632896458,93,127
094f5c4c2e73df9d,0.6344086021505376,0.3556437732363329,93,105
09689326bfb1696d,0.9139784946236559,0.3550300791059369,93,104
097496cda715e0aa,0.7526881720430108,0.2831386663663768,93,105
097f897b1fde5566,0.7204301075268817,0.5386426916373298,93,108
099e2d099276350a,0.22826086956521738,-0.03592124627677591,92,38
09a194244b44db56,0.6739130434782609,0.27777591020126513,92,27
09a3906a609d6811,0.8064516129032258,0.5354884607331396,93,84
09a44ae367836181,0.16304347826086957,-0.30261982437287666,92,74
09a9acf615594d17,0.7311827956989247,0.5625454931560444,93,617
09c2a3c92100d7bd,0.25,-0.1783723660190688,92,133
09c64b415cf7aef7,0.043010752688172046,0.19400694924748393,93,401
09d02596179bba80,0.956989247311828,0.2535207384038672,93,139
09dca10c9b99dce2,0.8494623655913979,0.3139790951977141,93,130
09e300bfea4b81c3,0.5268817204301075,0.42085203866310444,93,641
09f1fb75e2a7be15,0.5053763440860215,0.31566584460896274,93,395
09faf1bc0272d597,0.967741935483871,0.41160725367528594,93,70
09fb568a21e7ec46,0.9032258064516129,0.6596294166358672,93,368
0a00e06403d377c1,0.6881720430107527,0.3648991034795926,93,350
0a1f222a76d9d788,0.9139784946236559,0.3787741497634419,93,169
0a21bb614c897680,0.9247311827956989,0.36346607414635523,93,75
0a3afd426f2702fe,0.8064516129032258,0.3833740655873429,93,82
0a444b5e6b7d2c22,0.5434782608695652,0.29934320716524077,92,52
0a60e11167c88420,0.03225806451612903,-0.5241001082547636,93,42
0a6499e4768ac53c,0.8709677419354839,0.5472140501607008,93,100
0a934129fe297b62,0.8602150537634409,0.34567341792817363,93,114
0aabd2c1c0793ac6,0.9354838709677419,0.537987054531363,93,117
0abed0961a0356d9,0.7634408602150538,0.13461416275999474,93,493
0ad841e01e04a698,0.5978260869565217,0.253959640491488,92,160
0adfc4b264cb47c0,0.41935483870967744,0.18063971486689656,93,326
0ae5f2d0b7bcf68c,0.8695652173913043,0.4622989405241253,92,26
0aea8b946ce229b8,0.8387096774193549,0.4937293870964028,93,331
0af3839a9c359a75,0.8172043010752689,0.46372038615822436,93,76
0af388097464fda6,0.8387096774193549,0.29667604786079427,93,67
0afac5152f234493,0.7777777777777777,0.592821179145986,93,36
0b1eb7b942723447,0.7526881720430108,0.4564063728551064,93,134
0b269083a6af4bb3,0.27956989247311825,0.42937500513616844,93,849
0b2aea22943d3d8d,0.9247311827956989,0.5901947114097449,93,120
0b373239d678bbbd,0.2903225806451613,0.290241570965669,93,726
0b44270b7b10b720,0.0,,93,1058
0b52819b7b9ecb32,0.3118279569892473,0.06905708005042999,93,168
0b56026d3ec29c4e,0.11827956989247312,0.33901375270928175,93,547
0b60a31a2dde67cb,0.8279569892473119,0.4318983131784434,93,37
0b708b551ca29ca2,0.8494623655913979,0.3013773333922735,93,1164
0b7260fbec612c49,0.9032258064516129,0.559849669604419,93,68
0b86f30ecb9c6ea2,0.8279569892473119,0.061025570132658975,93,65
0b8e44877e9074f7,0.7956989247311828,0.08404725096106862,93,259
0b92b0c6b301e061,0.06451612903225806,0.22212014468812014,93,89
0ba5647a0077aaa5,0.9354838709677419,0.4010625140779948,93,55
0ba934518baeb773,0.946236559139785,0.35550511621027236,93,57
0bc2ad8fcebd8698,0.8172043010752689,0.5157640755253258,93,355
0bd7ded40fa6dbfd,0.9032258064516129,0.5340422477611158,93,45
0be49bcb891d736f,0.9354838709677419,0.585186038129179,93,51
0becb959c1a3306e,0.7956989247311828,0.5155695233514994,93,123
0c20d7dda5a29618,0.5268817204301075,0.3530045030376297,93,427
0c2c3ce9b4dc4e17,0.5698924731182796,0.6370294749679398,93,208
0c7b9209745750f6,0.8817204301075269,0.4944607704316175,93,425
0c80128d79106615,0.946236559139785,0.4656713274685172,93,109
0c959adb11cf3989,0.043010752688172046,-0.23813056557929455,93,53
0cb09679f4cf9568,0.8387096774193549,0.4480022765328913,93,165
0cb2dc648e03b076,0.34408602150537637,0.04806704425164579,93,41
0cb33db134e118e7,0.0,,93,1072
0cb3da84327b4055,0.8494623655913979,0.2352890011413414,93,88
0cce874c36792770,0.8043478260869565,0.29623254984716646,92,25
0cdad96a7617e5bd,0.03225806451612903,-0.29113062064753786,93,107
0cdee26e76b029b3,0.13978494623655913,0.36234453991540777,93,644
0cf666e1ac80c141,0.8494623655913979,0.5592070989822582,93,148
0cfa202c9cd1a16e,0.09318996415770608,0.33063303881220074,93,605
0d2ca1188e15b282,0.7634408602150538,0.5258319006643392,93,91
0d2e0f23fd16d0de,0.8064516129032258,0.3423465157305923,93,46
0d31635c7ae2b7a2,0.967741935483871,0.29510539367100114,93,51
0d450d6a5dfd7857,0.7741935483870968,0.3966965035289639,93,347
0d4a48b25e469863,0.8279569892473119,0.4288815196864514,93,75
0d526159a1f8f998,0.7634408602150538,0.40203095364245167,93,351
0d61fcde9000e4f6,0.6847826086956522,0.35370291650357294,92,62
0d6fa77c8d74ad2e,0.5108695652173914,0.40367395981298126,92,79
0d803a28033e0f6b,0.5161290322580645,0.15103351078626348,93,78
0d8227e17c684cd4,0.25806451612903225,0.07623696694993522,93,240
0dae46f93423ec3f,0.8260869565217391,0.4851567279757245,92,22
0dc7c273202ec1a1,0.8279569892473119,0.5105721684163625,93,480
0dcacea1177b443d,0.7096774193548387,0.4869204158571837,93,304
0dcb223f0460c49b,0.9247311827956989,0.5522763331191332,93,69
0de094d3e5438f40,0.8387096774193549,0.7253053017052892,93,108
0deafebbc093bac4,0.7934782608695652,0.4482355059945392,92,43
0dec1a33f0c48759,0.021505376344086023,0.1721951467653543,93,410
0df513f30dfab673,0.5268817204301075,0.2317553773150053,93,98
0df86fabe31da96b,0.9139784946236559,0.5629193205251997,93,82
0e02d57e2f6e5115,0.7419354838709677,0.6349583400107899,93,115
0e1401e079a6760a,0.9139784946236559,0.34266358107398576,93,33
0e34ce8c10ec28a7,0.9032258064516129,0.3937987798006499,93,113
0e4d9b4905eddcd6,0.8494623655913979,0.1418608332645987,93,191
0e4ff1455a5a6522,0.5376344086021505,0.27631808436634736,93,123
0e528fdf7f690b3e,0.6304347826086957,0.2567942225166892,92,10
0e68b90e9658f756,0.7419354838709677,0.17208057036842572,93,246
0e6cc30a72ebd392,0.7419354838709677,0.5092209340958879,93,138
0e887346e5182a11,0.9139784946236559,0.5024491758788684,93,18
0e8961a274213364,0.7741935483870968,0.570275880679626,93,160
0e8c8ce5ebbd13bc,0.8387096774193549,0.5572572543204288,93,89
0e90147dd105e053,0.7419354838709677,0.4598506016773323,93,95
0ea681aed82a5d9c,0.8279569892473119,0.587304638493925,93,115
0ea7eb88fa905488,0.8924731182795699,0.43980522774446695,93,106
0eace639c9c8800b,0.5869565217391305,0.11495496213076105,92,84
0ec3d4bfe2b740ee,0.6739130434782609,0.4437527077021067,92,58
0eca25aa33e86e72,0.9354838709677419,0.5954946876434944,93,79
0ee50ebaa0f7ef18,0.5434782608695652,0.06405565463392646,92,291
0ef4f6882dd18ad0,0.24193548387096775,0.4792890371105972,93,297
0ef8702b632c031f,0.06451612903225806,0.2388455935673664,93,817
0f012249177ca5e1,0.967741935483871,0.30989271517606776,93,137
0f07fe2df933705e,0.7096774193548387,0.573927656469342,93,559
0f0b6b7f6ceaa9a5,0.8602150537634409,0.18337405261805095,93,153
0f27fd55faebb555,0.44086021505376344,0.28393348119377626,93,77
0f44c4243ee5be23,0.9239130434782609,0.29059600436060606,92,17
0f49f89fc201d0b3,0.7634408602150538,0.4095037464358584,93,123
0f66a4c0c166cf03,0.7096774193548387,0.32788926326179485,93,80
0f6ef69e840d3b73,0.7634408602150538,0.47200557881486416,93,119
0f907c9c1226579c,0.9032258064516129,0.5486293995750154,93,118
0f92b5698dbc608f,0.3695652173913043,0.006490688202980505,92,59
0fb793b5a164e971,0.4838709677419355,0.3382025119697841,93,66
0fc540af65340890,0.956989247311828,0.5698831967167667,93,88
0fc55fe16b34acea,0.2903225806451613,0.24608735074359298,93,100
0fe067103f01ed19,0.2186379928315412,0.4167922007561642,93,700
0fe42d7a6cbb0faf,0.8494623655913979,0.5141324957012149,93,51
0fefd3d875e5465d,0.3261648745519713,0.43971915806551165,93,452
1002401e0b3d549b,0.8494623655913979,0.4504934777707451,93,126
1003dc6c549ecb27,0.5376344086021505,0.36759383241226684,93,46
101d89957e81c620,0.8817204301075269,0.45202526919470853,93,108
1024d8165c91e627,0.5913978494623656,0.03538287640125791,93,246
102be7b22b1ea050,0.6827956989247311,0.44478846527024374,93,58
102f15eac1bde3de,0.8602150537634409,0.5735027291356773,93,125
103cf413f0bacaa9,0.5217391304347826,0.037925534856045044,92,20
105f81e186e48c6d,0.9139784946236559,0.5965613351682986,93,150
107420672e19d633,0.978494623655914,0.13306973195024152,93,197
1076102e0c8170f4,0.7956989247311828,0.5519701556868165,93,115
1077cf64c8cd180f,0.010752688172043012,-0.23894721876324918,93,107
1080532188e7cfa5,0.946236559139785,0.5472063970987466,93,77
108325e0f8eebd53,0.3978494623655914,0.022821913237120257,93,123
10844ce6f0c85a1f,0.8369565217391305,0.2158960896143144,92,75
1084524cf41ce1d6,0.8602150537634409,0.29255473129617604,93,28
10bd6a8eb76190c9,0.7096774193548387,0.43300968116012895,93,37
10cfe394824885ca,0.9032258064516129,0.5206686510253332,93,42
10e21ea8742d42fd,0.7282608695652174,0.3857942061232084,92,71
11078d37e2af583b,0.8494623655913979,0.43755812712554926,93,152
1113d2bdcac23b75,0.9032258064516129,0.5504141941184272,93,83
11143aff9e069874,0.0,,93,94
111b8ba7d290a392,0.8924731182795699,0.6765544469036809,93,268
1121a8d177dee5cc,0.7526881720430108,0.4580013752260073,93,29
112295e9db74c3cb,0.9032258064516129,0.07825037776911507,93,217
112c3729fd7f1589,0.9139784946236559,0.3723570432468697,93,47
1139da1de6836ba2,0.11827956989247312,0.25526296206360566,93,643
1157430bd011c2a0,0.5108695652173914,0.33055334322832663,92,273
1165f2ab829b46a8,0.9247311827956989,0.428476765638479,93,77
116a7d7112473166,0.946236559139785,0.3571768214626772,93,71
1176c54f652df5f0,0.946236559139785,0.5214389672457497,93,100
1196a7945568fb64,0.23655913978494625,0.4174938757074879,93,307
11bdf9a85666fb5d,0.8494623655913979,0.2504294911098553,93,169
11d45aef21ef3679,0.956989247311828,0.4411108661300556,93,101
11e13a509351774e,0.6086956521739131,0.2789016455626474,92,49
11ebbd012f92e89c,0.40860215053763443,0.527855699265157,93,1395
11ee79c86d00f50a,0.8152173913043478,0.26536964461649254,92,286
11f386a9c13863a6,0.06451612903225806,0.1481390012490897,93,380
11f5507aa1f28f58,0.8369565217391305,0.4053883803151264,92,9
120b50792d4b4164,0.7741935483870968,0.3736248275519787,93,152
1215f34f91c1a8a0,0.8387096774193549,0.42186053805587176,93,82
1217a75a9cb52671,0.08695652173913043,-0.38950034788357674,92,136
1227772f64b21299,0.8387096774193549,0.2661811117626372,93,57
1258c077228b6b4f,0.15217391304347827,-0.21565808270276524,92,85
128685071422a3de,0.0,,93,521
129d102c732694e8,0.03763440860215054,0.19918675014874945,93,1026
12a174b7647be8e3,0.0,,93,1022
12cffd0276c212e6,0.30465949820788535,0.5456289532684828,93,761
12d640ca1480fed1,0.8279569892473119,0.4405727334291436,93,50
12ed058b82ed98c1,0.8387096774193549,0.1448278169915185,93,110
131c7cfc203899d9,0.1827956989247312,0.30430035813600187,93,839
132fa773edbab77f,0.7634408602150538,0.5263124654409418,93,435
1332927fa0c599b3,0.4838709677419355,0.4002911619379398,93,116
1333db01f3a1c4d7,0.6630434782608695,0.30765175147203866,92,40
13866b08ca5937c7,0.06093189964157705,0.2254796722690022,93,648
13a3a85ee489f4e9,0.21505376344086022,0.19829233872508628,93,447
13a4bc505406c103,0.053763440860215055,0.24201378162007856,93,681
13a59f6d34b0d262,0.7419354838709677,0.1326555340627132,93,466
13ba2b6820fb1dee,0.946236559139785,0.3412395762652236,93,134
13d3177ca700767c,0.8602150537634409,0.46273196485370816,93,131
13dda2cf00d8d54d,0.7849462365591398,0.3931823967586696,93,580
13e285b10b831ecc,0.8817204301075269,0.5407034614524552,93,138
13ef0e6c696877ed,0.8709677419354839,0.4551043868631229,93,41
13f11bda452d7695,0.1039426523297491,0.35521618607107547,93,774
1401e89faa5e3228,0.5543478260869565,0.2060916698338015,92,200
14021f0234a01276,0.5161290322580645,0.1720300656725948,93,82
1417027d628ae28e,0.0,,93,492
14239c2bb2037478,0.6774193548387096,0.5959007248738891,93,244
1424b5aaaddcf039,0.07526881720430108,0.1943760467385575,93,766
142a851b705d37a8,0.8602150537634409,0.49175452803318553,93,44
14366d2e75314105,0.7608695652173914,0.3594146346452283,92,34
1465b0e50060587d,0.8586956521739131,0.43844876742391997,92,42
146640878f977c82,0.5,0.07380505367722595,93,56
1479481b5dedb15e,0.16129032258064516,0.2678699391920492,93,197
1485ed53d648b15f,0.717391304347826,0.41218404211928705,92,81
148e41628de98f6a,0.8172043010752689,0.4928621373171072,93,196
14916ba714373253,0.9139784946236559,0.5706149548714938,93,164
1491901d47d57ac1,0.4946236559139785,0.32303373398236634,93,124
14ddffab95615014,0.043010752688172046,0.21528511976232864,93,691
14e90eb723a59ef4,0.9247311827956989,0.45920128233420815,93,78
14eca1bd6341ff0e,0.2826086956521739,0.1474796176907925,92,58
150c04c31f20c817,0.7903225806451613,0.21370436198152593,93,59
1513d98db29ed8fb,0.5217391304347826,0.14340838997026617,92,52
152f1bd491873c4f,0.5053763440860215,0.17818826387948683,93,65
15439d7629ac6c04,0.8924731182795699,0.43195324975855864,93,84
154a8f7ed1ce5b8b,0.9139784946236559,0.4340046414572805,93,51
15509b121542df88,0.34408602150537637,0.030364012157139172,93,83
1568f7c1670913d2,0.8172043010752689,0.3875354545234979,93,362
1591f36f370b7747,0.7956989247311828,0.3850511066991087,93,61
15ae8b72fd92ae92,0.8924731182795699,0.43349423586133734,93,80
15d08e16b561964a,0.9139784946236559,0.3925511884769474,93,18
15ebe9abfc8e3840,0.7526881720430108,0.366602236050454,93,128
15f126433b9094f6,0.0,,93,1084
15f7b33d233e4aa0,0.967741935483871,0.4136470157610733,93,82
1607f42f2d308910,0.3763440860215054,0.23107093788663843,93,265
160d92efaa55aa6e,0.5483870967741935,0.2195134662276049,93,184
161cc4ce916c39cd,0.9247311827956989,0.2909721342917402,93,44
1625a58a0f07cc47,0.9032258064516129,0.4956117956379638,93,87
16310bdb89195503,0.5652173913043478,0.2594045349764853,92,19
163525207b32e15a,0.4336917562724015,0.42208062008902064,93,337
1635b6910f6cdf56,0.021505376344086023,0.0480849781541333,93,323
1642ebb2e9242386,0.592391304347826,0.2589005930575725,92,14
16a8814ccd8801b9,0.0,,93,720
16af8ab94ad9fb18,0.532608695652174,0.2777824622065673,92,50
16dc872f3ef70e8d,0.7204301075268817,0.29916561093807487,93,71
16e5d69c4a57418a,0.8064516129032258,0.41135048272087843,93,120
16f71ee4b8c4e793,0.32608695652173914,0.07801858388017309,92,139
170d5ae16fd330c7,0.7634408602150538,0.5191585297942775,93,83
1719158d64a28745,0.0,,93,176
17297f29649309d6,0.9032258064516129,0.30886821942633413,93,73
1730d02058b87ae8,0.8043478260869565,0.049909109755993365,92,2767
17420eec3ec641b2,0.8064516129032258,0.26310651458712836,93,84
17569418e43af512,0.9247311827956989,0.4178310923913879,93,46
176f00615c4fd5d4,0.017921146953405017,0.09093658957993589,93,1573
17a58b7d55e81e00,0.7634408602150538,0.5920564022914604,93,361
17ad3ee4e4d87e6d,0.44565217391304346,0.1785009723376385,92,161
17afc466ae6762dc,0.7204301075268817,0.22979222168144295,93,503
17b403d4a3d17a3d,0.1290322580645161,0.33843376519190616,93,509
17c9f6151b8295e2,0.8924731182795699,0.6274458907614447,93,75
17d9f06bda1f0b5c,0.8602150537634409,0.44563676301084254,93,72
18172549838342c9,0.8494623655913979,0.42894855822768696,93,78
181772ea6aee60e3,0.6956521739130435,0.2822388871103836,92,14
182fc95bddfde503,0.7526881720430108,0.48128996390906237,93,614
1831a8a54a69ab9a,0.8602150537634409,0.7171038997319892,93,159
1836a48e6773a247,0.9032258064516129,0.5844772188071855,93,96
18662e3b8c5a3e45,0.8152173913043478,0.0704713752515106,92,553
18785970373b729c,0.08602150537634409,0.2561059153478349,93,684
1889195dd62ce925,0.8172043010752689,0.6308982531022562,93,108
18b667a97480fcc7,0.8064516129032258,0.3962863220390207,93,117
18b772930e34a810,0.3118279569892473,0.3884235377243528,93,160
18d09991fe8ff241,0.6989247311827957,0.35253926288345255,93,73
18dc98d2a5f55542,0.946236559139785,0.4917990868417516,93,357
18fcd2c9f6fb0194,0.12544802867383512,0.32298086199489007,93,594
1915ee34653aa7f4,0.9032258064516129,0.27833487673094454,93,28
1921c7b552e689bb,0.7956989247311828,0.3496281253166215,93,413
1935d72a29d6bbf0,0.3763440860215054,0.42054754922478177,93,411
1965b06b18e52e6f,0.946236559139785,0.26198455047780633,93,81
19891b19fb5edd1d,0.6344086021505376,0.2481742054821121,93,92
198a431426e45ffd,0.8924731182795699,0.1145368890605498,93,395
198f802250bdd0e5,0.8602150537634409,0.4415185474454532,93,83
19be465ea9736d3c,0.6344086021505376,0.17723125169005263,93,231
19d489cb758e625e,0.9130434782608695,0.25356839898285494,92,174
19d6c5d7881cbc6d,0.9247311827956989,0.47396157952446155,93,86
19da32781f9da5de,0.10869565217391304,-0.25119004752528,92,195
19de1e4510d2c51b,0.03225806451612903,-0.26518236262204886,93,104
19f4de5ef5507237,0.9247311827956989,0.6058634524841016,93,246
1a0cccdf6bb8f290,0.946236559139785,0.5204782672980022,93,93
1a1d11eb0671150c,0.03225806451612903,-0.33903827948707044,93,71
1a49307c6483aae1,0.6451612903225806,0.20436116420142214,93,216
1a5b65c39d075b6d,0.8817204301075269,0.32901927870555464,93,244
1a60f16c1e94bd3b,0.946236559139785,0.4779927889005947,93,69
1a676ee42f43f7ca,0.7391304347826086,0.3025403450548156,92,96
1a6f5fcfe6dbcd27,0.946236559139785,0.5228651151704146,93,197
1a7fd1b81aca7b52,0.6956521739130435,0.37924606495806507,92,70
1a84d4d77d3d8ceb,0.45161290322580644,0.06353931572129604,93,72
1aa39d8b43617310,0.13978494623655913,0.3398660236382953,93,869
1aa4d9225d9379d8,0.956989247311828,0.249801621962147,93,135
1aaca3e670ad2152,0.3333333333333333,0.4481851117617414,93,335
1ac08225f3325049,0.3870967741935484,0.24367701372703068,93,621
1acbf0a0e4448d83,0.043010752688172046,0.10083082956192593,93,242
1adabf72b504293e,0.43478260869565216,0.11049112346533702,92,53
1adba9cfa3bd4a65,0.8709677419354839,0.46528552113523597,93,92
1ae3c4e902571582,0.946236559139785,0.5759008243282328,93,84
1ae4428185d07ac6,0.8279569892473119,0.2031295151718957,93,161
1ae48ee77334d47b,0.7311827956989247,0.495659813736065,93,669
1ae4cc3dc4087b81,0.9139784946236559,0.1244790012393365,93,71
1b38c2100ede70bf,0.9139784946236559,0.27759313983599776,93,78
1b3ad0953ab27fab,0.8709677419354839,0.3924533862057458,93,181
1b5592a85095d85f,0.12903225806451613,0.26496612234944716,93,1299
1b583edc09ab10e2,0.7526881720430108,0.39775966543311325,93,89
1b5c84150665ae43,0.3333333333333333,0.25699161081392036,93,111
1b5f0dd3016bf49c,0.22826086956521738,-0.05041652523436458,92,112
1b8017c3d9cb3f56,0.043010752688172046,-0.054343709919598214,93,160
1b843d832f6a0505,0.8279569892473119,0.5374997300391486,93,237
1b87012147e7d61d,0.9516129032258065,0.4957651809507807,93,112
1b99ec5a2b73ba62,0.3763440860215054,0.4051580461095607,93,130
1ba1f16cebc8e88f,0.5434782608695652,0.26574116968923067,92,81
1baf33ed1f86f342,0.7526881720430108,0.5625698780584018,93,474
1bb1dd12cf35f217,0.8709677419354839,0.6296384265346555,93,104
1bba788d48f35c70,0.21505376344086022,0.17035312474794054,93,120
1bbd9785cc8c9b09,0.8494623655913979,0.5474005246562121,93,52
1be833c2a5e8dda5,0.9139784946236559,0.2903745970329292,93,252
1bed022f4a6feb48,0.967741935483871,0.38728679523712695,93,132
1bf2a6dedccb214c,0.8494623655913979,0.5506946637317826,93,102
1c343a5bc4e2c354,0.8279569892473119,0.5128601640876614,93,119
1c703f607f0dc4f4,0.8709677419354839,0.2216256495292291,93,125
1c71c95c4e6fb9d4,0.10752688172043011,0.12748835546120107,93,193
1c8224f6cab72f39,0.6666666666666666,0.28634216872494306,93,219
1c8a6eff82603c60,0.9032258064516129,0.34500582283311426,93,104
1c93a081d41f66b1,0.7956989247311828,0.6072484092832643,93,115
1c9505cdf0156266,0.956989247311828,0.4378863769282656,93,63
1c99b94c41b39923,0.967741935483871,0.28625592669617533,93,337
1c9c0f980b79a298,0.6451612903225806,0.21980506712268985,93,34
1ca8b6578d8ea01b,0.8494623655913979,0.40749912927529336,93,219
1cb187c8ac06b0e8,0.6666666666666666,0.36162856964555923,93,146
1cb6574edb9d303c,0.4945652173913043,0.1873487355004213,92,27
1cbca3aecf1f0a1b,0.7956989247311828,0.565645782377803,93,170
1cca1f73693259f1,0.9139784946236559,0.46891772662147785,93,60
1ccd7cad2b46b955,0.9032258064516129,0.5966188336806457,93,68
1ccf1a2caa7bf93a,0.7526881720430108,0.4639459252706967,93,114
1cd4780a51d00688,0.946236559139785,0.5494546449069215,93,85
1cee517a91261075,0.0,,93,1450
1cf35e2f6901e427,0.33695652173913043,-0.20738134437298406,92,9
1d01f3d35659b247,0.946236559139785,0.46516427648724323,93,116
1d07424eff97e964,0.14130434782608695,-0.09870780187757346,92,206
1d161bfa641ba3a9,0.9139784946236559,0.5421278666307343,93,103
1d31866b98693702,0.9247311827956989,0.4082175958495896,93,93
1d3d7350259e9ab4,0.9301075268817204,0.673214739660795,93,86
1d918c03ced7bd75,0.8709677419354839,0.5622913870374765,93,120
1d93703ac008bd49,0.021505376344086023,0.09399077085864431,93,225
1d9ea93c86e4749e,0.08602150537634409,0.1546534224081022,93,76
1db79eee1f2b2e91,0.6451612903225806,0.6478489287807789,93,119
1db94e215551e2b3,0.946236559139785,0.4499664614832432,93,142
1dc45384ec5b223f,0.946236559139785,0.4853143813486931,93,120
1dd3cd86258889cc,0.4891304347826087,0.1564710902648232,92,26
1dd519f6871573ad,0.956989247311828,0.2681998473057711,93,86
1dd77d800cb19a68,0.13978494623655913,0.3177347450506252,93,699
1ddbbeab9feb659d,0.07608695652173914,-0.17470587329715612,92,113
1dfb7a875d77a92f,0.010752688172043012,-0.2441392443186353,93,184
1e1b063c3bb71558,0.7311827956989247,0.3476102262792738,93,82
1e1f097cbeac33a0,0.5591397849462365,0.19766398736359778,93,94
1e34f148bb35afce,0.44565217391304346,0.14945499161463502,92,174
1e374ea33bc64ba2,0.8913043478260869,0.22283975492682193,92,47
1e43663a3634f031,0.2903225806451613,0.502743049200686,93,564
1e747a8543366861,0.8494623655913979,0.3990675543074349,93,60
1e92987c7261f079,0.22580645161290322,0.3963703804513129,93,790
1e9ad869c7489853,0.7526881720430108,0.2819183524497214,93,293
1e9e37e186f62c09,0.8494623655913979,0.4771906849174794,93,116
1ea421a58e3cdf5b,0.7311827956989247,0.41846997349073317,93,139
1eb8a650da3d0361,0.021505376344086023,0.10741761988026052,93,959
1ebb0a7c3d8b9e5e,0.8494623655913979,0.5198442924439156,93,225
1ec579f4ece250d0,0.7634408602150538,0.2372458977775261,93,110
1edac532f4c040b1,0.8279569892473119,0.5084590347716541,93,23
1ef4f3bb51d612cd,0.41935483870967744,0.07429062516073594,93,233
1f1888fab156e9e7,0.043010752688172046,0.1469249435868377,93,281
1f266e755ec48632,0.9247311827956989,0.49066786844828114,93,80
1f37820c7e54dd62,0.5376344086021505,0.10158507924656815,93,78
1f3aa210e756ab03,0.8387096774193549,0.6807334557704224,93,144
1f3d340c3b92e655,0.0,,93,273
1f482914cbf40f22,0.4838709677419355,0.11623863671221835,93,212
1f505c0a3066ada3,0.7849462365591398,0.6002790939168798,93,86
1f85253472285417,0.946236559139785,0.43401534861767094,93,116
1f89fd3dcf60a225,0.9408602150537635,0.5833833406867747,93,75
1f91090d67dbdd0c,0.4086021505376343,0.5284360101170685,93,607
1fa77ddac92b1721,0.07526881720430108,0.33289915873118064,93,454
1fa77fe076b50912,0.3763440860215054,0.302918248976097,93,414
1fb4242b5e90394b,0.9247311827956989,0.42941036219772055,93,44
1fb8167b3143d831,0.6989247311827957,0.29422686046698393,93,179
1ff13d1ee43dbdcb,0.0967741935483871,-0.18893348949379993,93,399
1ff93480d8d52e9d,0.7204301075268817,0.4518824986219054,93,386
20174e4216ff850c,0.946236559139785,0.5053563030754256,93,116
2027e834363e8b7a,0.9139784946236559,0.4294204920958662,93,61
20301204da4d4810,0.8064516129032258,0.22883338169125544,93,135
2037a805fb465393,0.7849462365591398,0.45709846644678126,93,99
2044fdc11395dcf8,0.08602150537634409,0.2850119843391075,93,462
204bb801dd9ba8d6,0.8279569892473119,0.5117583822217727,93,127
20513298f4932741,0.956989247311828,0.5473922652854203,93,169
205a30973dff9503,0.5978260869565217,0.36878106305513353,92,72
20737a1d7e283c59,0.9139784946236559,0.4732202855440394,93,235
20787e326fc2fad3,0.021505376344086023,0.11382756465224934,93,508
207cfcbdfad91c4f,0.9032258064516129,0.23197551795613672,93,219
207ed6c08ee40a8e,0.8333333333333334,0.3090478700079432,93,55
208e9a977e8770a9,0.8817204301075269,0.5781441899732706,93,84
208fc1d103733a80,0.8494623655913979,0.2509824641203324,93,61
2090cf4fb8b36905,0.5806451612903226,0.4595316075172159,93,85
209f3fc553486e78,0.6774193548387096,0.422947005825543,93,109
20a386c7538fb2bd,0.625,0.3316695618990647,92,11
20a6a9804387fddd,0.43010752688172044,0.1551762160640235,93,405
20af8b36357200aa,0.29347826086956524,-0.07366715264399777,92,91
20bbf45feca3ff7c,0.3548387096774194,0.37320942114233374,93,36
20bc7be4c891233e,0.8478260869565217,0.31599242975003394,92,72
20dca1f2ba11c997,0.8924731182795699,0.35257606487487037,93,197
20f42c22ed8540cd,0.25,0.12622755004119784,92,69
20fdd3f36d4b395e,0.6666666666666666,0.5377894523828746,93,93
212bcefa5929b856,0.3763440860215054,0.3986628590231369,93,410
212c29e2f35c62c5,0.7419354838709677,0.30736590298838273,93,273
21332926ac5d1553,0.9139784946236559,0.49887589243517405,93,131
2141e25395d523b4,0.3010752688172043,0.2825085946555065,93,106
21447c737d6ccf4c,0.1827956989247312,-0.037167466774441896,93,3412
2147a460e0b3acb2,0.9347826086956522,0.3229087161602895,92,114
2148fe5323099218,0.6451612903225806,0.3678324239915242,93,66
2159e3acc9d6cfe0,0.8817204301075269,0.38202588944020194,93,84
215fca95bfe76e5d,0.9247311827956989,0.42304673538768306,93,80
216d06533872ac52,0.2903225806451613,0.12474595496479336,93,97
21728919d125e3c2,0.7096774193548387,0.35494038466811034,93,96
2181ae301fd96935,0.7741935483870968,0.2256706346585972,93,146
2199ce866aa00e84,0.6451612903225806,0.31023774647175834,93,105
21a8862fdd1c7704,0.8602150537634409,0.47323160304290607,93,76
21aa2634376152ea,0.36559139784946226,0.4901294741170142,93,837
21b5f8d09b1e9261,0.8709677419354839,0.15221490769818605,93,46
21d0e55d1cd20b15,0.4891304347826087,0.008936056370299296,92,56
21dc186e9ccf0ad7,0.8172043010752689,0.41739866030682826,93,453
21e1bef8ae207664,0.956989247311828,0.496362866791972,93,81
21ee47c1578ec012,0.24731182795698922,0.5220781422851014,93,374
2217c14f70121e11,0.8924731182795699,0.496830081195537,93,17
221a2d646f2d713a,0.043010752688172046,0.08699804686218224,93,56
2230cfa7cc6b8ab5,0.02867383512544803,0.21052576528674116,93,797
2231c8ca0105e585,0.8817204301075269,0.2990295588387103,93,175
2239795122a3d54e,0.7634408602150538,0.4690673568292166,93,118
224d5ee1662e86fb,0.18478260869565216,-0.17506007812409344,92,29
22ae71a4df0b2353,0.8064516129032258,0.3869048471667952,93,153
22bfb6337e2c9753,0.6881720430107527,0.2077673125435318,93,222
22c9fb1d144a0597,0.7956989247311828,0.5186148140711937,93,97
22cfc4a3d50c6e5c,0.12903225806451613,0.2890632003429686,93,242
22e62284a5f1094f,0.8064516129032258,0.2804108479451376,93,181
22ee7fdbcebffa1b,0.8978494623655914,0.5916288860208089,93,133
230cd71551f1ef74,0.7956989247311828,0.47230673283328384,93,120
2317874614038149,0.9139784946236559,0.5679798748094266,93,86
231cdf8ccbb2887a,0.4014336917562724,0.23936218266522452,93,110
235b507762330390,0.22826086956521738,-0.047988020470785465,92,48
2365ffe0ff4f5226,0.0,,93,137
2381f1781e23df35,0.010752688172043012,0.035001957813088465,93,486
23852b538619eee7,0.12365591397849462,0.2693774017868941,93,1494
239d3ad1d64c7e93,0.7634408602150538,0.6210802498278555,93,124
23a496e6bde128ee,0.7419354838709677,0.4632487345090809,93,43
23b96e7c03383598,0.8043478260869565,0.278497338621163,92,12
23ba5c46cf0ffa59,0.7419354838709677,0.08720468266310441,93,221
23f9292ede366aae,0.0,,93,431
23fbc234e3b6a148,0.7311827956989247,0.6237390430313683,93,454
24026bcf3b701a14,0.956989247311828,0.39399385241092627,93,265
240696aae5ac76ee,0.053763440860215055,0.09701788755249373,93,701
240c4d9a56ae50ef,0.8602150537634409,0.44786907236423223,93,261
24164e3f6bcbcad4,0.5483870967741935,0.507481858416312,93,230
241ff45a8b2c3e07,0.9032258064516129,0.4495049442293763,93,54
2424f0c6e09796b1,0.898550724637681,0.41966507910011885,92,10
2433733e2d632bd9,0.8548387096774194,0.3353596115430552,93,89
2441b2d72836ceda,0.946236559139785,0.4726965655504074,93,151
24696f0fd4d8752f,0.8369565217391305,0.34998603726490446,92,18
24896f5387b731f5,0.053763440860215055,0.18577004410974912,93,1033
24bfedf581a126d6,0.06451612903225806,0.019514488768711393,93,120
24ce8965ba93a3d9,0.6989247311827957,0.5518379555455136,93,696
24fb1e2448563b75,0.5806451612903226,0.41488650057183624,93,63
25045e19f295b634,0.8387096774193549,0.46374846576306444,93,238
2510cd345c4512a2,0.3870967741935484,0.4078359610327469,93,111
2519f1f728a7f9eb,0.5967741935483871,0.4784173157456395,93,92
2526b285f384eb97,0.6236559139784946,0.056171925790974936,93,195
253e3204cf286bae,0.9354838709677419,0.4962456409179725,93,83
2557ec55e5313193,0.03225806451612903,0.1961085371379361,93,1061
255a3bcd2bea5cfe,0.7204301075268817,0.2280640774903856,93,150
255f81d1d876f575,0.8924731182795699,0.5400967358158609,93,82
257e9143c03fbfb9,0.7849462365591398,0.4763909601072544,93,284
258383d2f1eb54b0,0.44086021505376344,0.3767240896886952,93,762
2588645648d18050,0.043010752688172046,-0.34071439826567956,93,88
258ac30c2ef94bb8,0.8924731182795699,0.3761302695186223,93,153
25ac8eabde2b0558,0.3512544802867382,0.5643933771925305,93,716
25d11611a9227f09,0.06451612903225806,0.14733836632058783,93,60
25dec1bbb43aeb49,0.8172043010752689,0.5618102886657728,93,164
25e43a7af842b910,0.1935483870967742,0.1306088087350192,93,97
25e7359050058d0c,0.4731182795698925,0.46675559983391657,93,172
25e8392032a3a4c2,0.8817204301075269,0.4641036934328256,93,63
25e9ce65389ab733,0.11827956989247312,-9.948885074002958e-05,93,94
25f42cedfd40a859,0.0,,93,1000
25f93b75723336dd,0.9354838709677419,0.5812278121529251,93,369
261321cbd23fe45c,0.946236559139785,0.5472063970987466,93,68
2634f921ab02e1b3,0.5591397849462365,0.12534840759602156,93,325
26412851995180fd,0.5108695652173914,0.1714732271619037,92,32
2646449a86a9d05d,0.3655913978494624,0.2855482726574575,93,179
265a2cd09865df87,0.3978494623655914,0.1726131366006785,93,462
266ce90605806337,0.5053763440860215,0.3505654443173108,93,42
267645f01631157d,0.11827956989247312,0.3360399688682703,93,1038
26868f8350db6553,0.26164874551971323,0.4536987029116762,93,509
268f137b22babb98,0.8172043010752689,0.3034331091054393,93,117
26b5261cb6137f0b,0.8602150537634409,0.31912321933616344,93,26
26c0aee087a70fd2,0.5806451612903226,0.43064108229350456,93,460
26c740bcdb284cfd,0.6129032258064516,0.29388005298270664,93,245
26d012746cc1a94e,0.7634408602150538,0.3366649891867041,93,65
26d9c96b19059c64,0.6666666666666666,0.532154795922915,93,777
26dcbf118ce3001e,0.5913978494623656,0.14601670650575427,93,261
26e8643534a3ce46,0.9139784946236559,0.5176497593410321,93,73
26f69ad83943abff,0.967741935483871,0.439679094266424,93,88
26fa4a28e1976a90,0.9021739130434783,0.3252589836856675,92,12
270278265e540b05,0.9139784946236559,0.5069159804830984,93,73
270576033b5d125f,0.8817204301075269,0.6018671128875281,93,149
274b153f3c721391,0.8817204301075269,0.18558534205373362,93,329
274c30dd3ebfab63,0.8064516129032258,0.4784556283493675,93,420
2751bdbe31de9fdb,0.3655913978494624,0.16542104655366377,93,39
27535e7a3d61c259,0.5591397849462365,0.35948635999738493,93,44
2753dc7d08f5fdee,0.9032258064516129,0.5415669088237026,93,85
2763d5f573e23fc3,0.5869565217391305,0.23806747623079882,92,71
277ef0b83c31716e,0.4673913043478261,0.4071081846833666,92,237
278875d0999427cd,0.8709677419354839,0.33423930190501333,93,134
278e8f098c88d3e8,0.21505376344086022,0.23868689637060142,93,373
2790a7e34fa53e09,0.6304347826086957,0.23584533579634734,92,30
2791dbd8eb13987e,0.8709677419354839,0.48902820152808524,93,118
2793d842481049e4,0.8172043010752689,0.5718233112362084,93,153
279ee6d9dd6390ac,0.8695652173913043,0.4243496869520073,92,62
27aa96777b34365e,0.07526881720430108,-0.11702062165175,93,114
27ac821601fe5e4d,0.967741935483871,0.20266744470851838,93,198
27ac9d2ce4969e03,0.8172043010752689,0.5162545167662228,93,138
27bc0761d006a0ad,0.956989247311828,0.5698831967167667,93,119
27d2d848ec23160b,0.34782608695652173,0.26481552778395784,92,32
27e07483e2722064,0.9032258064516129,0.5080669552798994,93,50
27f099151caf85af,0.8260869565217391,0.41685556786943745,92,47
27f3b4d12b8093aa,0.7204301075268817,0.5524855193677431,93,474
27fac3243a7e8d79,0.6344086021505376,0.507043005845774,93,98
280d598d0bb89dd2,0.6344086021505376,0.3943010418690173,93,68
281edb3094f4dba4,0.3655913978494624,0.01677312392260039,93,155
2821f4a77321b7fb,0.8279569892473119,0.3341259556481116,93,494
283243ffa8e40e3b,0.4014336917562724,0.49964044199680335,93,1094
286a42ffc635a498,0.9354838709677419,0.498082135094156,93,75
287a462651565a40,0.3804347826086957,-0.10738752053139176,92,91
2884116b58952174,0.8602150537634409,0.4100915946295739,93,141
289cdebda91011f6,0.7311827956989247,0.48096474748535445,93,587
28a1b6e4ddab9ce4,0.6451612903225806,0.33439906002231107,93,190
28b78b3dada1213a,0.946236559139785,0.4256679318135319,93,282
28b8a318732f2f49,0.22580645161290322,0.02819173168688028,93,460
28c3bae9a14fe981,0.967741935483871,0.4146770198140788,93,113
28c8ef4dfa3cb27a,0.7741935483870968,0.4851695600552866,93,93
28de4a99c1ba3eb6,0.9247311827956989,0.6208500582488432,93,119
28e6006def2c953f,0.6021505376344086,0.5885482720841936,93,92
28e6c7ca58788bc6,0.07168458781362007,0.2728203684560799,93,808
28f001ed9bdb5e86,0.8494623655913979,0.5262699490071092,93,142
28f40a7ceced036a,0.5698924731182796,0.31656546155226306,93,58
28fa453694c9b937,0.7741935483870968,0.588918904852818,93,363
28fde941509183e6,0.75,0.13625086441292814,92,184
29047feb673f6837,0.8924731182795699,0.4706036959734724,93,68
290952fc4ac08430,0.9247311827956989,0.37253636460762374,93,71
292e233d95f63303,0.8709677419354839,0.5574892608868103,93,235
292f927159697076,0.956989247311828,0.5029314347675962,93,67
29333ae04f6a3dbc,0.2329749103942652,0.4221708259074336,93,701
2933d247245cebff,0.956989247311828,0.5533515677210203,93,106
293dd025f27c7aa2,0.9139784946236559,0.6136278481832538,93,71
29526538140096fc,0.8387096774193549,0.06065677161489417,93,166
2962bdcaf81aa03e,0.11827956989247312,0.16028688261384572,93,738
2965b137764afe3f,0.7741935483870968,0.20029008824908853,93,203
296e8aca0cafe61e,0.8494623655913979,0.44184689177144115,93,92
297288e0fb8a1d57,0.07526881720430108,0.22971221471846742,93,431
298f29830e856d7b,0.45161290322580644,0.3183731727798798,93,513
2993d07fd9acd996,0.7526881720430108,0.286352052099334,93,49
2997a58704de53cf,0.8817204301075269,0.328202370624519,93,47
299af3bafa22374d,0.5591397849462365,0.219497348759514,93,124
299e0ba0ba3b8af3,0.8172043010752689,0.5241927882288702,93,267
29a41d6baa210eb9,0.0,,93,99
29a8ee1ef843e999,0.0967741935483871,-0.06830620515159185,93,74
29adcfee5f27d1e2,0.5591397849462365,0.2265539998562265,93,40
29afc2970f6903a2,0.9139784946236559,0.20681428292327728,93,47
29b677d939b38b4d,0.8602150537634409,0.39187570312427533,93,49
29c425d9a3a62921,0.5268817204301075,0.13671463011870938,93,77
29e09108fc9d4d8c,0.9032258064516129,0.536855951371096,93,128
29edb2a759404e01,0.8924731182795699,0.5858683854023478,93,165
2a0242d2d7474c7c,0.956989247311828,0.36103960002551483,93,88
2a0e82d18f2f1723,0.09782608695652174,-0.19067339903497815,92,179
2a2c9920ab2e4801,0.9139784946236559,0.4698702283138544,93,124
2a3b0248c93a489a,0.13043478260869565,-0.07240745877174841,92,74
2a4780afa054d45f,0.9021739130434783,0.40663106539684524,92,54
2a4e9bfa1b7b0274,0.9032258064516129,0.49011923436565874,93,223
2a548fbbb00cb1c3,0.8279569892473119,0.501694269022912,93,79
2a5d895eba28934e,0.1935483870967742,0.27634836748195396,93,20
2a5ff457bf08f79d,0.8172043010752689,0.48534129309714497,93,190
2a60dea0bcfc46bb,0.10752688172043011,0.30155768692901064,93,527
2a63436683891eb6,0.8924731182795699,0.5741080462691442,93,115
2a6784aeb5901665,0.7741935483870968,0.2626843120948915,93,70
2a69187d2902e900,0.2717391304347826,0.08320834343479813,92,27
2a7671b6d42a5c2b,0.03225806451612903,0.1550443265544801,93,1121
2a7ed784ad40e18d,0.3870967741935484,0.3229658547776368,93,136
2a81f9db4b726134,0.8064516129032258,0.4178299902749493,93,278
2a8e8919f4a3e7cc,0.9130434782608695,0.2774743470433907,92,23
2a93921f75994a0b,0.22826086956521738,0.17444776649581947,92,179
2a9696c214fcd6e2,0.5591397849462365,0.16014692525136737,93,86
2aa03a13b1d61e5d,0.8709677419354839,0.31250716405065965,93,72
2ac729cb399574d3,0.46236559139784944,0.10283927582770899,93,77
2af366313f8d750b,0.9354838709677419,0.34736278565919604,93,81
2b11fadd87830223,0.043010752688172046,-0.41524774726477903,93,59
2b2361213e1e25f5,0.8602150537634409,0.45417215435528774,93,145
2b31101b244df41f,0.9247311827956989,0.49569689693554086,93,163
2b5a7ed661c157b4,0.010752688172043012,-0.04922658029928857,93,99
2b5d5cf0c041600b,0.8494623655913979,0.6359260565494562,93,643
2b6e71b19d2aa0f8,0.6666666666666666,0.20646291765945787,93,241
2b81e728144949e1,0.8494623655913979,0.4937465593747074,93,174
2b92b8cdcea0f804,0.22826086956521738,-0.018542218918841943,92,563
2b98eb9770ec2a92,0.5483870967741935,0.42874125749052944,93,130
2b9c38951f0a17e4,0.7526881720430108,-0.14585938489965086,93,76
2bd0e791ea08441e,0.40860215053763443,0.4424410009475239,93,488
2c09d9a32a2468f1,0.358695652173913,0.04142723238848684,92,44
2c1640aa72b75d8c,0.9354838709677419,0.508495664829733,93,54
2c1e03b148795cb2,0.41935483870967744,0.3269621191109867,93,276
2c22db3ef33e8be4,0.0967741935483871,0.09868568374680237,93,139
2c44b0377b51bda3,0.9021739130434783,0.4130813909824372,92,32
2c7dd49dd07c079b,0.40860215053763443,0.16987540688587593,93,77
2c8c4514c6b61c6a,0.6451612903225806,0.062183951873478506,93,80
2c905464046ce8bc,0.6774193548387096,0.5133326629035847,93,470
2c9aa52732362211,0.7096774193548387,0.5043803282385327,93,43
2c9df7e9f36a5413,0.9354838709677419,0.5974267065282447,93,89
2c9ef1646fe4d007,0.06451612903225806,0.020057108505002304,93,164
2cb255f43b7e479d,0.7741935483870968,0.4261207144714978,93,66
2cba681a7606df62,0.8260869565217391,0.4134729739193027,92,42
2cd7197430999b2b,0.043010752688172046,0.14438894620188172,93,112
2ce38373a999db33,0.956989247311828,0.5603654340527764,93,57
2cf907da0643baf4,0.40860215053763443,0.0829787317829619,93,92
2d00bfdc19696c97,0.717391304347826,0.3567033686182418,92,69
2d13250cfcfe2f47,0.0,,93,155
2d216f601be8f3df,0.6413043478260869,0.44212549907632687,92,45
2d35e11d57d451c5,0.4946236559139785,0.4274618282572945,93,176
2d4631313820eb8d,0.4891304347826087,0.3151793769236637,92,90
2d4b9df52ff16fa0,0.16845878136200715,0.3529994107881133,93,673
2d4c26e1f2520186,0.6630434782608695,0.38967648393330034,92,34
2d5639c59631f3bc,0.7065217391304348,0.2623806901187587,92,13
2d66cd900f36800b,0.8172043010752689,0.48441929575659104,93,77
2d6edc36dc32e867,0.6774193548387096,0.3509456748094602,93,73
2da2f1f82001285d,0.03225806451612903,0.10555014262295187,93,106
2dc3cd90e97fab1a,0.5591397849462365,0.23116577107795144,93,87
2dd55775d2c60fa2,0.956989247311828,0.4301361379177608,93,116
2dfdb09dd233285f,0.8172043010752689,0.38171471183114186,93,127
2e32da10c4418da3,0.04301075268817204,0.11623778676188593,93,288
2e455a188de171ef,0.3118279569892473,0.43806922599342274,93,861
2e5745d9169acf45,0.26881720430107525,0.09210065153597063,93,183
2e5cf922f2be4912,0.7956989247311828,0.4056518538373383,93,80
2e62a690c9caaba7,0.8279569892473119,0.4520489753952351,93,64
2e62f94823e44762,0.782608695652174,0.3995911503422628,92,36
2e66c1f13564b674,0.6989247311827957,0.3614632048407834,93,162
2e80fc153a852f62,0.06451612903225806,0.18412100649479893,93,639
2e8e2e6bceb4bd9c,0.43478260869565216,-0.195010312542649,92,2691
2e90a5a6e0a94f25,0.5217391304347826,0.31993838302505273,92,30
2e91958cbe2c2ce7,0.5483870967741935,0.25800776069832715,93,466
2e9f89aca1351583,0.20430107526881716,0.4618321488344199,93,353
2eaa24fc5401494a,0.8494623655913979,0.3868477548646516,93,119
2ed4a8cfab28b4d4,0.8369565217391305,0.32469271319994814,92,37
2ee0f7c1f0bdf3e1,0.8924731182795699,0.593096192612699,93,80
2ee8d98559eefc95,0.31521739130434784,0.061702264932056924,92,93
2f14127ae8a50cf0,0.8387096774193549,0.3852690297617495,93,52
2f1c58011addbe85,0.7849462365591398,0.14866432757533832,93,80
2f31775c9f150c15,0.9247311827956989,0.47758048616176996,93,119
2f3b62ad5c6cd3dc,0.6021505376344086,0.43453321006004425,93,105
2f501d84c7c25656,0.2939068100358423,0.37408411824452825,93,437
2f630cc381d801f5,0.40860215053763443,0.005958226437588458,93,115
2f710f8893de226c,0.06451612903225806,0.15754241698244476,93,80
2f8fef20f21935c4,0.967741935483871,0.31388851667464196,93,435
2f918d8ee949ddac,0.6451612903225806,0.5350013290837241,93,951
2f92cace95b22ab4,0.13978494623655913,-0.0191008721416182,93,66
2fac46123122bf53,0.6774193548387096,0.5318082154483881,93,503
2fb29c3ff126280c,0.8172043010752689,0.35508029624587717,93,222
2fd56ad9f8a05dd3,0.45652173913043476,0.12057087694206016,92,56
2fdc9ed1b4bc3d80,0.06451612903225806,0.18149252948080102,93,394
2fe3f703d6e5f960,0.9354838709677419,0.29033558977792623,93,120
2fe4263e107b0482,0.0,,93,340
2fe52c4f6d6fca9c,0.5913978494623656,0.08588377532331415,93,114
3008b515e217c249,0.967741935483871,0.31031680572528725,93,162
300ca35847aeb993,0.6612903225806451,0.21824234252955665,93,79
301877a9c750943f,0.5053763440860215,0.40393435940734257,93,66
302c6b792ccd0601,0.5652173913043478,0.21525101277370434,92,47
303f60bd8716803e,0.6989247311827957,0.4985617730501455,93,68
309d27efb84f44e5,0.6559139784946236,0.2707796606654266,93,332
30ab422a205e0d06,0.8709677419354839,0.6034564596743428,93,81
30af15f480956b27,0.7526881720430108,0.3220227969509655,93,164
30b63433e829cdc4,0.8817204301075269,0.4847899935988492,93,112
30bdeb082d2b2470,0.7204301075268817,0.616213416307388,93,705
30c9f3abfb8a84ec,0.4838709677419355,-0.15968019203458447,93,107
30d9f6b9e8159ff2,0.03260869565217391,-0.3901116791482961,92,130
30ed598cb0bcc9aa,0.7956989247311828,0.4683164939728465,93,304
30fa374aea85b072,0.25806451612903225,0.5112679522230604,93,440
30fc1c948ecffdd6,0.1218637992831541,0.38092401176197993,93,571
3118240aaaf87c79,0.021505376344086023,-0.09738885365695174,93,142
31371bd3036e646b,0.6666666666666666,0.35840856165092794,93,63
313a8e9ebe831e91,0.7419354838709677,0.30590296071898004,93,59
313d3e15389d24ab,0.8152173913043478,0.13236086718406465,92,172
3165ac967a321eb8,0.7204301075268817,0.3446688257687469,93,139
317947f0a0c0d517,0.8279569892473119,0.30967749466043293,93,172
31898d5f4977db04,0.6989247311827957,0.5263525342127915,93,300
31a6fb4ea2a50de0,0.967741935483871,0.4349884728274306,93,119
31a92858ee0073a4,0.31521739130434784,0.1758216990423862,92,63
31c093e39193375c,0.9354838709677419,0.3786283463471784,93,200
31c96d25dfc95859,0.7311827956989247,0.4551057393111852,93,72
31dce57a9f846b6c,0.6739130434782609,0.25352174210854317,92,20
31e2ed3e2af29ec7,0.7204301075268817,0.5009042370899072,93,460
31f2ba69879701a7,0.22580645161290322,-0.09919786840432526,93,166
31f899c12df695b7,0.6451612903225806,0.37819306688517007,93,55
32023bb5746f565d,0.7204301075268817,0.5352054251632005,93,162
32047be02a3ad96f,0.9032258064516129,0.6188775886558566,93,40
320a248b32339f86,0.6989247311827957,0.5499512425344621,93,492
320c29545eaecb81,0.5483870967741935,0.2238206085451484,93,122
321fa7191334c941,0.6881720430107527,0.5122168881507237,93,131
322800979324edeb,0.21505376344086022,0.2823625541590468,93,564
325bf39b9d659f69,0.6086956521739131,0.3131733463038651,92,39
328c486505715505,0.6344086021505376,0.35092788260824986,93,619
329122600cfdce8f,0.8064516129032258,0.6254433676583775,93,175
32a49eb3b9ee69a8,0.2391304347826087,0.022708967172337037,92,29
32b03af91e682552,0.7741935483870968,0.5502022685988579,93,315
32bb447c5a26362a,0.9354838709677419,0.551648424358205,93,263
32cfea9f0de0881e,0.9139784946236559,0.34531550189674043,93,124
32eb696caebe172f,0.7526881720430108,0.28831495413201835,93,140
32fe31f06c02e37a,0.07526881720430106,0.31105958284427726,93,444
330313e8f9bbd9e7,0.8387096774193549,0.596742832395343,93,115
330e664d2046bcc6,0.26881720430107525,0.0819545589797711,93,68
3312d537b1a9cd5f,0.40860215053763443,0.3255286977722179,93,109
331c6377f511afa8,0.41304347826086957,0.23616342675592591,92,44
3324864c4ba4441a,0.6630434782608695,0.31494985206682785,92,42
332fc7c0705ab2e1,0.9354838709677419,0.3948169004189936,93,70
3355b01f2e146930,0.6989247311827957,0.25002029649012947,93,31
3362e876a9cddd6b,0.9032258064516129,0.3118739338460445,93,149
33704fe1e8d40e45,0.13978494623655913,0.30619435255200683,93,1053
33723ed187116a50,0.08602150537634409,0.22446453926465318,93,428
33726077cbd80381,0.967741935483871,0.42020017325375464,93,341
3382fdc6bd0db0b5,0.9139784946236559,0.48332025479961793,93,136
338bc4b518972ee1,0.9139784946236559,0.5890146004718774,93,59
33b51c721596e157,0.8172043010752689,0.3080889251702204,93,41
33c7b6e7b31665f4,0.6344086021505376,0.10489668394695308,93,101
33d65e81c3f79e59,0.23655913978494625,0.26575290324718526,93,324
33d681f77648b210,0.13978494623655913,0.27302192857698865,93,991
33d99e18691e9fe8,0.9354838709677419,0.5231176980916963,93,75
33e2fc49bbf82a2e,0.05734767025089606,0.3065316462294212,93,419
33e984f45d096e6b,0.7419354838709677,0.6195934476263745,93,141
33ec6ae9ad7e2995,0.9247311827956989,0.3761909697031362,93,235
33eeb8a621d8c5ce,0.22939068100358423,0.45272857648641324,93,819
33ef6ef29b9f8c4e,0.9032258064516129,0.5616628712265302,93,75
3409f7f526c08537,0.6774193548387096,0.42883483187700644,93,64
3435fc6368b39698,0.9247311827956989,0.5215570565640578,93,148
344595ae972482d7,0.8369565217391305,0.4036427887703817,92,49
345c22c70db741d9,0.4782608695652174,0.22921214249953614,92,35
3492557af95350aa,0.5268817204301075,0.3316823970886715,93,52
349716912d528b59,0.06451612903225806,-0.3679808584520344,93,36
3498684cf75893d7,0.8817204301075269,0.6384900236301125,93,97
349a611e5ca7abbb,0.967741935483871,0.4146770198140788,93,79
34b835274dd3cc23,0.7956989247311828,0.34970741748070466,93,187
34d11cf0f003612e,0.7311827956989247,0.45418115598029496,93,44
34d8b0dcaba430fc,0.5806451612903226,0.42911240358440195,93,462
34e2fe140ebe4df6,0.20430107526881722,0.09319349475879826,93,87
34e3940bf173eb65,0.7956989247311828,0.32325739454963737,93,370
350e61aa1b715a94,0.8172043010752689,0.41362406462830276,93,327
354b7d8012c0fe3b,0.6413043478260869,0.35622010594460146,92,27
354e4ea817c4e531,0.9247311827956989,0.6137028339057803,93,267
355749f0157f2cc7,0.053763440860215055,0.2061500645749116,93,436
3557a1c87c0a2953,0.6236559139784946,0.1268174696789283,93,126
3565d86d7c90c492,0.9032258064516129,0.46311766310293817,93,69
356e1f6152518af5,0.9354838709677419,0.5672186704857632,93,46
3573d0a778acf8b3,0.9139784946236559,0.522309714401678,93,227
358fbf89733a7361,0.7204301075268817,0.17099137422641564,93,135
35ae953b02d4d85d,0.9354838709677419,0.5156728905949609,93,203
35bc09f24c08957d,0.8763440860215054,0.5861470623754292,93,66
35cedd4178ff2b7f,0.5376344086021505,0.34775057500735573,93,228
35d2b36c5ac0ec47,0.9032258064516129,0.48983066286866106,93,232
35e0a696cef20619,0.1111111111111111,0.3133699791313121,93,907
35e52df378a6ad89,0.8709677419354839,0.45336703961432917,93,193
35ef6a3a15509f52,0.7391304347826086,0.18746156636128458,92,11
3601798ea7333b40,0.9032258064516129,0.6090673299337501,93,78
360534471f7270e7,0.8494623655913979,0.4403257111980943,93,62
36323dabea336a66,0.5376344086021505,0.40208086411350996,93,190
36360e42d21ad551,0.3333333333333333,0.2197692725059284,93,86
365f635558d5465a,0.15053763440860216,0.30878585136428843,93,665
366c244b2ec10130,0.8260869565217391,0.2599324468813565,92,11
36930829684998de,0.7419354838709677,0.45719353656151646,93,552
36b0440f117c73a2,0.8172043010752689,0.5001358159632091,93,233
36b5628981dd169e,0.0967741935483871,0.25282693503107456,93,1436
36d1027f9a6bfd39,0.6236559139784946,0.36569108261766403,93,37
36dbdd7957cdc821,0.7956989247311828,0.4071013145967775,93,43
36edf58b2fe0e611,0.946236559139785,0.6401541745060382,93,76
36f060132b5b7836,0.8913043478260869,0.22031951658395268,92,73
3709873cc0e099ca,0.6989247311827957,0.264206865436756,93,86
370b47b70118e1c8,0.978494623655914,0.33371433378759663,93,48
371ee565fe4b77ea,0.6236559139784946,0.5225865320056026,93,372
3720fcbab7cff3d2,0.40860215053763443,0.14073016333614305,93,42
3727c956f86e7e14,0.053763440860215055,-0.383955901535792,93,60
374e44a6a46aff24,0.967741935483871,0.4146770198140788,93,25
3750250a01493ea8,0.45878136200716835,0.4769855006213007,93,813
37625f3832dbdf69,0.10869565217391304,-0.15029775938206832,92,75
3779c94d6178cdff,0.8924731182795699,0.7157396416264592,93,259
3785bbc6ef19daa6,0.6344086021505376,0.006168549191004598,93,97
379b670f205c7f6e,0.956989247311828,0.4681721805152386,93,75
379fc7e58f21ea4f,0.007168458781362007,0.13071404268584783,93,852
37b4921807ae9f10,0.18478260869565216,-0.33696558843639124,92,137
37ba22bb69276c08,0.9032258064516129,0.5510922231573521,93,65
37bf66eff2bed7ef,0.7634408602150538,0.37599371831760775,93,73
37d966e079f87f37,0.978494623655914,0.17508038156538266,93,240
37e4ec17320f3a34,0.7956989247311828,0.47461370620181,93,50
37f436e3ef96e1c7,0.043010752688172046,0.16620254410267435,93,818
37fb6c4d86b0dcb7,0.3118279569892473,0.2179207667382659,93,53
380bb3bf804a0510,0.9032258064516129,0.3090067477730802,93,100
380ca4b2969728fa,0.4731182795698925,0.34913432321700477,93,152
384e73139917d712,0.10752688172043011,0.2604582076187377,93,622
38578a14e9d75f62,0.9347826086956522,0.3417713034700743,92,26
3879c7a3bab4d12d,0.9032258064516129,0.425874697010373,93,80
3879d1aed152b21f,0.16129032258064518,0.38616463742938373,93,1058
3891264c6632d8cb,0.8172043010752689,0.499900588379258,93,136
38a8956beb5c8554,0.3978494623655914,0.4013545149919575,93,26
38c2aa13af388aaa,0.8709677419354839,0.3389511531661315,93,196
38ccc31f7eaab03f,0.8279569892473119,0.5064279063350159,93,95
38cf20e1dba0ff6c,0.9032258064516129,0.315082940075874,93,62
38d8e1b0c7ccfadc,0.8817204301075269,0.2671822908114439,93,131
38d8e95bb9a52cd0,0.6304347826086957,0.2687503961878487,92,53
38e0deee8554a529,0.6559139784946236,0.37530082715078356,93,377
38fa9ca7ed253abe,0.6236559139784946,0.3133578778173229,93,352
390ba05588e17830,0.9032258064516129,0.6130097765412028,93,112
391ed55c79673cb3,0.9139784946236559,0.5268770385957017,93,77
39267aa583ccd9c7,0.9139784946236559,0.6219447194793477,93,113
392a1fa2e5259e29,0.8494623655913979,0.4488798994193868,93,206
3946fde3e8bb8f1a,0.7526881720430108,0.14217236111137488,93,36
395215779fb8fb43,0.22826086956521738,-0.07535733752988803,92,105
3966c7c37c853718,0.946236559139785,0.43550493537770835,93,40
399767b34bbbcbca,0.6344086021505376,0.5473989639388613,93,637
39bb14a0b84fc931,0.8064516129032258,0.606409182713988,93,76
39c10a1de0f7061f,0.8260869565217391,0.33984270723423277,92,18
39c22441a8cae3fb,0.053763440860215055,-0.11295691921823088,93,320
39e724c325dc8d54,0.5698924731182796,0.5075833073031023,93,358
3a04a90e26ae8870,0.9032258064516129,0.5004853047075751,93,331
3a0663ffdd3ed856,0.1827956989247312,0.27204520603561466,93,540
3a102ae82c459239,0.7065217391304348,0.3502148136128295,92,79
3a110e0ef551ca52,0.6559139784946236,0.5105952309402759,93,147
3a13949a3b71aab8,0.43478260869565216,0.039443675739489495,92,71
3a188cbebcbe8317,0.8387096774193549,0.24691711636639768,93,89
3a36ddaf07a36b58,0.0,,93,129
3a4620b216a66519,0.40217391304347827,0.04898964413861549,92,127
3a5070e96c825730,0.22826086956521738,-0.11420359281670384,92,1641
3a5e2f1f3f99f55e,0.967741935483871,0.33108853782642184,93,79
3a72cbe2f43da8f8,0.34782608695652173,0.10577526597929669,92,82
3a995e54dc8f9163,0.6344086021505376,0.22810200424787977,93,124
3aa07d7c03e5ca65,0.8172043010752689,0.5115239429518947,93,516
3aabe71f3e010ed7,0.9247311827956989,0.33176348519758436,93,42
3abe7def9f9d47e2,0.9032258064516129,0.6660313405131474,93,74
3abfcb51c2620e38,0.8064516129032258,0.625084038974699,93,218
3ad0bbf2e0b082b6,0.967741935483871,0.416497596724405,93,119
3af2a9edc5dada5e,0.8804347826086957,0.3982248550940329,92,16
3b0f65df2d9ffd26,0.6451612903225806,0.20205038860186234,93,56
3b2106efebbf81cb,0.6559139784946236,0.2900640989151199,93,131
3b4c4ffe18fee393,0.7741935483870968,0.5289899063944502,93,445
3b56d3722ae6c764,0.7311827956989247,0.3998524081964034,93,43
3b5c23b79470542a,0.5806451612903226,0.44271706111000936,93,73
3b6431219ec3abbb,0.9354838709677419,0.4395148670705016,93,112
3b66a755864a744d,0.8709677419354839,0.5755146187650179,93,128
3b6a359e8cba3298,0.978494623655914,0.4400345737170437,93,89
3b87754a3b6909bd,0.7065217391304348,0.3390586010898749,92,34
3b88013e13695835,0.44565217391304346,0.25850240998118773,92,35
3ba90936187c5959,0.42391304347826086,-0.009690143235819201,92,18
3bb9646a050ef0c8,0.9032258064516129,0.6191286963636048,93,211
3bc7063de9cdbb52,0.9408602150537635,0.5548159081224739,93,82
3bec873233d2269f,0.8817204301075269,0.26123543971346946,93,40
3c336dbf80450adf,0.8279569892473119,0.4464156159510311,93,72
3c4196ad240ef5d2,0.010752688172043012,-0.03228342271189196,93,52
3c45061ad1da8f0d,0.5913978494623656,0.4406762218285988,93,84
3c4e341ffeca2a1e,0.010752688172043012,0.13071404268584752,93,875
3c54c813448237dc,0.7204301075268817,0.3783173488064536,93,165
3c645624ebe227d7,0.946236559139785,0.5022158508736371,93,368
3c77fa8537c73e0f,0.07608695652173914,-0.33385971773924883,92,320
3c7aa290c1f4652c,0.6451612903225806,0.4265102676466893,93,441
3c7ce7fd8ed6a27f,0.9354838709677419,0.3908393437853848,93,65
3c7f306affcd7108,0.6847826086956522,0.3139173275094256,92,20
3c82de6c8574b162,0.8387096774193549,0.5453073388485665,93,84
3c84e104d3b30d0e,0.532608695652174,0.05058531292747421,92,23
3c91f58de4ba6b49,0.8387096774193549,0.4433796205318417,93,397
3c991eb0c322e936,0.6451612903225806,0.20780952598679678,93,283
3ce20dc72be82614,0.9130434782608695,0.3128291023803638,92,21
3cf34d74ef30a34f,0.9247311827956989,0.5566845359424278,93,53
3cf88e713d92e601,0.9247311827956989,0.6051276712345426,93,98
3d13bb98702601d5,0.2903225806451613,0.4634178751316094,93,413
3d443a749189820e,0.9247311827956989,0.42948994683390096,93,97
3d5148afc756c31d,0.8804347826086957,0.49698019854073155,92,39
3d5176e666cb4bae,0.8494623655913979,0.3854748720962032,93,244
3d5cc90fb4db7c2a,0.8817204301075269,0.4088622242482649,93,50
3d600e3d32ab29ff,0.8172043010752689,0.5936657306188284,93,134
3d60c7cc453bb3b3,0.0,,93,1392
3d62e65ac852afa9,0.9032258064516129,0.4466547673331642,93,27
3d78ade922d19219,0.7741935483870968,0.6183741862067733,93,110
3d7eb9359f670180,0.8279569892473119,0.40042237000673253,93,428
3d8f6c37894046a9,0.6559139784946236,0.33779092907920033,93,426
3da24126b2109479,0.6344086021505376,0.49285384442191504,93,51
3dba4dcb7364bd19,0.6451612903225806,0.22255715425790684,93,42
3df686d3acffb06d,0.08602150537634409,0.1250486311469573,93,109
3e064415832950d0,0.6129032258064516,0.5848472951592238,93,175
3e16d8f5ff02d04c,0.45652173913043476,0.2941595693113576,92,99
3e50bfcff669f0ef,0.10752688172043011,0.02204215292697844,93,95
3e5b849a8068abef,0.956989247311828,0.30676612144596743,93,91
3e5d5d6331a91a37,0.8279569892473119,0.41438747690587907,93,182
3e5f601b83e1ccd5,0.7634408602150538,0.5445696097058603,93,187
3e6706683f60887c,0.11827956989247312,0.3359527821831835,93,397
3e70d13ea4c0c4e6,0.543010752688172,0.4095834364837775,93,100
3e77297cbfa14e5e,0.0,,93,775
3e81430404499ebe,0.43010752688172044,0.06355244658898554,93,123
3e82e99af7ab0602,0.021505376344086023,0.16929019939298726,93,636
3e87b3dd6ef2e9f3,0.08695652173913043,-0.14235191662656765,92,190
3e94c5d95a85955b,0.4891304347826087,0.2746207602413102,92,34
3ea7ad6e46a5cc77,0.8064516129032258,0.511318215732001,93,40
3ed2dcd1c84a8f3a,0.8709677419354839,0.6925374797381321,93,273
3ee15d7256b57b06,0.956989247311828,0.43422109282951704,93,394
3f0a1d642716304a,0.8924731182795699,0.39859712616370035,93,67
3f141e2757913d5e,0.1039426523297491,0.2899591279412442,93,368
3f1e52f6260ceb53,0.7849462365591398,0.45983341056468924,93,242
3f26737f157cb62d,0.8924731182795699,0.5227514377465187,93,159
3f31c84c07de274f,0.8924731182795699,0.6517324319805397,93,68
3f4ac922aaa5ffc3,0.8494623655913979,0.6962468247795364,93,119
3f56b4b7eee39b5d,0.967741935483871,0.3564251117433269,93,296
3f5f564dc0776b4c,0.967741935483871,0.42020017325375464,93,74
3f8324be096c237d,0.08602150537634409,0.21732396614359015,93,248
3f837efa43c90d48,0.6021505376344086,0.35742888590821664,93,76
3f8d96ff172d555c,0.7956989247311828,0.44833186837985767,93,189
3f9ed2e4e58db42c,0.7204301075268817,0.2836956014512958,93,182
3fa483f97f44af74,0.7956989247311828,0.46968961995161973,93,150
3fc56536c7fddb1a,0.5483870967741935,0.4173375880955048,93,122
3fc5dafe45fa7e97,0.6451612903225806,0.2743679268730717,93,219
4001f0fa58ae7c6b,0.7956989247311828,0.5923611554644589,93,133
401280ab5042b12e,0.30434782608695654,-0.2483678759036114,92,118
403d887867bedb2a,0.7741935483870968,0.4112710750609465,93,36
404e7204c2870101,0.8817204301075269,0.5587852450378307,93,124
405110afec5e58e2,0.34782608695652173,-0.09055410758821479,92,16
405613856d525e83,0.7419354838709677,0.3447243452527568,93,191
40646980130d2a33,0.5108695652173914,0.38826285383150533,92,15
40667666bff751c9,0.967741935483871,0.41936764125307224,93,130
406de372fc42d254,0.9354838709677419,0.3953935657804293,93,93
40756c5900aa566d,0.967741935483871,0.4368090497377567,93,72
407cf2085bc24371,0.5806451612903226,0.507685223347639,93,157
407d0e4738f8fcbf,0.8387096774193549,0.467461400203198,93,63
407e088ba82496e1,0.0,,93,228
407f0aa8707e2c3d,0.8387096774193549,0.36903698160734744,93,372
4087449e23927264,0.014336917562724014,0.05557259066633855,93,613
40bb043aa578af6b,0.8924731182795699,0.6411224771295366,93,122
40d823f9613a0120,0.8817204301075269,0.27685114122662297,93,409
40d8b2dde68d1382,0.9032258064516129,0.5480634206798508,93,100
40d8da6055438246,0.8709677419354839,0.3355662565769613,93,74
40dd51d8220206c1,0.3870967741935484,0.14312685704880268,93,110
410f7cecc0822b5a,0.0,,93,894
410fc04d90beb0cf,0.0,,93,175
41168d9e606b23d5,0.7849462365591398,0.5771773353548892,93,406
41276caff0d476a5,0.2608695652173913,-0.08481015759085084,92,17
4163f89f5ca4e36d,0.6881720430107527,0.48476616924464305,93,100
418528b2750fe684,0.46236559139784944,0.2844329699489304,93,67
41b25d0db6d31ef2,0.9247311827956989,0.5458828375073685,93,89
41be6c04b1e7ab03,0.8709677419354839,0.34695656968819727,93,218
41cd48ba1c56c589,0.7934782608695652,0.2865839932131724,92,58
41f34e7e2f3ee9a3,0.9354838709677419,0.5688790981335657,93,62
41fc84b9cca0d47a,0.5161290322580645,0.46487084245098026,93,105
420c515508c2f899,0.8387096774193549,0.6294088935636585,93,154
4210d665c6869528,0.09782608695652174,-0.20812959740769044,92,57
4210ee63731f7ac9,0.7204301075268817,0.15364146884944904,93,101
421bff8247072084,0.9354838709677419,0.6253911077368223,93,160
425fc06e1777b7e5,0.8924731182795699,0.3246053039130907,93,340
426ee775b6cb8570,0.6881720430107527,0.11457895672935343,93,226
42740ecf334733a0,0.8586956521739131,0.3510846892673413,92,31
4280a5e12a1c5f0f,0.8817204301075269,0.44449463528038285,93,220
4289c0b09c77af31,0.03225806451612903,0.20968624836799352,93,628
429baf001ce74d17,0.5978260869565217,0.29028979969424074,92,43
42bdbd88bf99f588,0.946236559139785,0.4925631876934053,93,98
42be7dd614a5b7be,0.8817204301075269,0.6045338634586288,93,100
42c91088a77d675d,0.717391304347826,0.3074935400565567,92,51
42d37b9599da6a11,0.8279569892473119,0.6413521145474843,93,86
42f4570ba3d70b28,0.956989247311828,0.435212987819871,93,245
430d3da1dc81e358,0.8064516129032258,0.42526514153942874,93,81
432c05136681c700,0.8064516129032258,0.4307160898729645,93,255
4343a2c961393493,0.7608695652173914,0.2978320712339475,92,884
4354f551d4f18991,0.8709677419354839,0.20501210859461588,93,335
436e8072639afa68,0.6989247311827957,0.6125062251067424,93,142
43903e3acd654934,0.09318996415770608,0.31712302032604417,93,638
43a554bed798eb20,0.6559139784946236,0.36554471112406456,93,280
43bb9ed1bd27ef0c,0.8924731182795699,0.4677088243829136,93,57
43ca6d849b47942b,0.27419354838709675,0.439089251852506,93,262
43cac417eb7a5614,0.9347826086956522,0.4634925163002105,92,13
43cb7826d1696de0,0.9139784946236559,0.34677637922586935,93,55
43cfb8863ed2ed63,0.7934782608695652,0.3179964468796821,92,33
43d4e97191a27acc,0.34782608695652173,0.07470996496072986,92,55
43d6e275a7f68a45,0.946236559139785,0.43417289926970437,93,118
43db4ea4b9f12f1c,0.9247311827956989,0.43698904662187005,93,65
43eb26efed2b5e6d,0.9354838709677419,0.6673599535092648,93,64
43f8a11fb5b74873,0.6847826086956522,0.22853898632737718,92,34
441f5d81cf78cc65,0.2652329749103942,0.48534296397588195,93,485
443c83318101f2ff,0.5232974910394265,0.5854441064787319,93,354
4457c0f92c475b5e,0.8494623655913979,0.4191628506680893,93,151
445d36c0ba789021,0.9139784946236559,0.4410687465352614,93,91
4487745b08da34c4,0.0,,93,1021
448c82401513487c,0.7096774193548387,0.4676972519169277,93,732
449c9f38919038b0,0.8709677419354839,0.5582685232183545,93,66
44a8b300cbb14ba9,0.9247311827956989,0.43714801938895664,93,125
44aa790ece9dca69,0.9247311827956989,0.556880910213431,93,123
44acd515484dad0a,0.8279569892473119,0.45030062985365243,93,110
44b9397b463b1f1b,0.8924731182795699,0.3461514952212402,93,51
44c15bdb8af91ce5,0.6956521739130435,0.4220517627951866,92,96
44cd51f9992adb36,0.8387096774193549,0.49890322291519407,93,442
44cd6164c2c50b57,0.07608695652173914,-0.4862870869259013,92,272
44dd1220aca49b4d,0.46236559139784944,0.17604633776109632,93,211
44eba3f3d760fa85,0.8387096774193549,0.45053641879911105,93,303
44f2e1914a587fbd,0.21739130434782608,-0.09455311347512582,92,125
450ce117d0683ea9,0.08243727598566307,0.30263161781718156,93,673
451491a2ec9e4e25,0.16304347826086957,-0.2525889286083973,92,220
4518018073921ae3,0.9623655913978495,0.44264256053736295,93,152
452d3b3c0636feb0,0.8695652173913043,0.5114296277134284,92,40
4532f1cfcd4b68fb,0.6559139784946236,0.4745483453410963,93,115
453d360acb8eb4c9,0.1827956989247312,0.09900837931713895,93,224
455d73cdce29352b,0.7956989247311828,0.45264703367051856,93,95
4563ee3f9b77637b,0.8924731182795699,0.5811499801195743,93,70
4566266815bd2a3d,0.8817204301075269,0.6701198990204981,93,201
45665cd10385015a,0.3010752688172043,0.26260184747722465,93,237
4584b8a296baaade,0.6666666666666666,0.10338860609880966,93,41
4585800e7f3df80f,0.07526881720430106,0.31158658138418843,93,405
458d5d8d7c4f5630,0.967741935483871,0.42020017325375464,93,69
458d96fd470dedac,0.8602150537634409,0.48421708272619235,93,57
4590e52ebfe67448,0.8817204301075269,0.6582514293069038,93,144
4594bfb3103a0c58,0.967741935483871,0.3602993393137001,93,86
45a0570e192bc860,0.7956989247311828,0.42773956478558695,93,107
45a5968351358f3d,0.8602150537634409,0.38496667726958017,93,64
46014b2f8920db87,0.946236559139785,0.52432413176703,93,100
4614c88ac7d78270,0.4673913043478261,0.27318280354391555,92,66
461c1a2e48a5b576,0.8913043478260869,0.28322338714707496,92,17
46296a5b8bfa5025,0.5053763440860215,0.40651847268630487,93,131
46389cefd3f2c565,0.8924731182795699,0.6043626173615265,93,123
4643b707dbadb0e7,0.7526881720430108,0.5046238128170966,93,100
4646ad4b8e05e33d,0.41935483870967744,0.20858966020082087,93,21
4648ecfc46115462,0.8064516129032258,0.3093978031893265,93,36
46559d2e00e11962,0.7096774193548387,0.3698224817927579,93,29
46561ddbe40d3362,0.7391304347826086,0.26335804095783716,92,26
4658683da149ab0f,0.946236559139785,0.42331096455198297,93,163
465e51f73e5ab3b0,0.9032258064516129,0.401485174169332,93,228
4672d721886a5074,0.9354838709677419,0.2346365953304963,93,43
468e9f8c5d83d1e1,0.967741935483871,0.4085483440980616,93,176
4692fe68366d23e0,0.7956989247311828,0.452668506845765,93,167
46976924d1716ea9,0.6344086021505376,0.2691045876822061,93,204
469d6da1f6b37786,0.16304347826086957,-0.11061726927233276,92,17
46a28523f2fffc42,0.40860215053763443,-0.1187452117029217,93,31
46b75c8b00f329a5,0.7419354838709677,0.5777556109225053,93,94
46b9b41b9ca4d941,0.967741935483871,0.23187824619579647,93,207
46c467130a4aa411,0.358695652173913,-0.2648056109251563,92,369
46d56c4ba0fa14a9,0.29347826086956524,0.1576876247613391,92,43
46de639ba58d8b9c,0.717391304347826,0.41087454828654185,92,40
46ed54e9cf5ebd7a,0.8387096774193549,0.425805248989136,93,402
46ee17b848acadb5,0.9032258064516129,0.6230582837996297,93,88
46f0ccabbc1fbfe0,0.8709677419354839,0.4862104441974749,93,101
470110d0d6011a46,0.8478260869565217,0.5445604032440136,92,55
47037b0503418576,0.8602150537634409,0.41935113847690136,93,128
4703b45e0ae5287c,0.9139784946236559,0.20261526349234893,93,19
4704a11f2b906eda,0.5161290322580645,0.44230085663233404,93,146
471310faa85692cd,0.956989247311828,0.5045338839263366,93,350
47212b413d49de1f,0.0,,93,232
472f768a2fcc047b,0.7311827956989247,0.46765946483628396,93,174
473d96b461a67788,0.7608695652173914,0.42183987321266364,92,53
47530eb4bf440186,0.9354838709677419,0.6123916580186783,93,114
4760c65a8484c211,0.03260869565217391,-0.0748259077654097,92,92
476329135aa856df,0.946236559139785,0.40497591525813376,93,75
477176333007a94b,0.2717391304347826,0.17038367964450712,92,42
477ed76742386e31,0.22826086956521738,-0.008454465806634417,92,91
477fa8a43697c9e7,0.9139784946236559,0.5953991660053649,93,378
47823a191a9a4a8a,0.7419354838709677,0.47248012415479185,93,570
47852db5d9165ccc,0.4731182795698925,0.19814338266926942,93,124
47918b42a12a9933,0.6666666666666666,0.4569797449292784,93,134
47aa3ede7b19f4e9,0.8709677419354839,0.4730307196081095,93,129
47b235658c41a922,0.6521739130434783,0.29656064744062655,92,14
47d85b4c527b47cd,0.4731182795698925,0.4409415817960575,93,273
47de932568b65583,0.9139784946236559,0.6097009897017619,93,230
47fb4845d2ed8b7e,0.946236559139785,0.5355004762504642,93,107
4802676b17477f1a,0.8279569892473119,0.5359119608597684,93,432
4804bd0fb677dca0,0.5376344086021505,0.4398791737187232,93,107
48185b7bf64c0977,0.956989247311828,0.32927187380718254,93,237
48187aa23f2b4ccc,0.24731182795698925,0.1652587183916251,93,69
481e6aa83b7510d0,0.053763440860215055,0.2163213733641376,93,332
48263fa5f921eaf5,0.9139784946236559,0.605824236938542,93,85
482f6b85017c8b6a,0.7956989247311828,0.44357009533257685,93,274
483b3b9ae405353d,0.1956521739130435,-0.07937150334454578,92,63
48580e5214a40bc0,0.3333333333333333,0.3115334883613968,93,14
48a5909ab2cf4d5d,0.021505376344086023,0.04113919359207236,93,868
48a8d7f8d4a6b8df,0.8279569892473116,0.4944207394771834,93,23
48bd47f526f4a100,0.04659498207885304,0.23919115282302922,93,1053
48bdf12ac6170d08,0.9032258064516129,0.6093708063794482,93,190
48da47911dc60cdb,0.956989247311828,0.30883389669593186,93,67
48e438779b3360d5,0.8478260869565217,0.10198947566414535,92,372
48f11ac01e949541,0.06451612903225806,0.1270174893257568,93,67
490dbd994690d271,0.8172043010752689,0.4144122402317787,93,140
4930d7956f4e3f71,0.532608695652174,0.3681283676753387,92,20
49660a9639047dcd,0.8924731182795699,0.5692829255789494,93,201
497f80e9ccb9a19c,0.8172043010752689,0.29029550770032453,93,29
49894b6a86ca7083,0.8709677419354839,0.536192105475441,93,63
498fb71794f3eb3a,0.021505376344086023,0.1721951467653543,93,785
49cf7a021163fc4d,0.8279569892473119,0.4272639887062641,93,180
49f61fc9176b3fa2,0.8279569892473119,0.5085018001900452,93,184
49f6f100816793c9,0.2826086956521739,0.14819134812364984,92,84
4a115a6037f3c65f,0.5217391304347826,0.25184104360626963,92,39
4a2913cd72c94cc3,0.9130434782608695,0.2825086693510729,92,53
4a3f43de1f54b92a,0.0,,93,129
4a48eb1eb7cfa339,0.7204301075268817,0.5948043743875401,93,98
4a4a191f7115afc5,0.946236559139785,0.44041615854945776,93,72
4a6632ea4488d6bd,0.2186379928315412,0.4432517905776956,93,363
4a8bfe7448bb456c,0.9354838709677419,0.6314734720108613,93,89
4accd50aa094fc0f,0.7580645161290323,0.306262567088763,93,53
4ad9d996bb207189,0.9032258064516129,0.43917470421512034,93,73
4ada5cbe7fae89a7,0.8064516129032258,0.36448553670097544,93,29
4afce23ff09fbf09,0.0,,93,1352
4affa7d6b9800161,0.7741935483870968,0.562105342467361,93,435
4b0a8cbf00f4c0c3,0.0,,93,191
4b22379df7d90bf6,0.8494623655913979,0.3971840797268962,93,54
4b25a8ff877d6296,0.0967741935483871,0.21739039027023138,93,465
4b38eb0c6bc3293b,0.8817204301075269,0.4519384198683939,93,178
4b54d997a36ed27c,0.0,,93,154
4b790ab63d6bdddb,0.8478260869565217,0.194362526286007,92,87
4b799036579f84eb,0.8602150537634409,0.3455538413359168,93,88
4b7dc1cbe40892d6,0.7634408602150538,0.28078501357819213,93,126
4b871bbeb0f4f391,0.34782608695652173,0.10277544886897359,92,56
4b95c6c106f90475,0.9139784946236559,0.46350365893010304,93,107
4b97bfa871e7a4d3,0.6956521739130435,0.47684584706500444,92,223
4ba064ce7097a671,0.8279569892473119,0.2873665835788852,93,42
4ba28cedd0dd4048,0.8817204301075269,0.5868275172567556,93,115
4baebf00d7bff7df,0.8494623655913979,0.40216209444079226,93,132
4bbb69a08f1e8da3,0.6847826086956522,0.41616578323611353,92,81
4bd46d8989ae3067,0.20430107526881722,0.005666089374649184,93,160
4bdedb4f3d9786ec,0.31521739130434784,0.018159247290298428,92,59
4be1327c06d0aa38,0.978494623655914,0.42468546794740586,93,81
4bfafdf1717a74e9,0.6236559139784946,0.20080077207553115,93,66
4c182e2e224684b6,0.5869565217391305,0.4800810796405568,92,52
4c21215ea0464609,0.9032258064516129,0.43744818509858896,93,84
4c24c6f22b16ecb1,0.13043478260869565,-0.2824754745855208,92,269
4c29f9fabd089dbf,0.45161290322580644,0.1101904632286257,93,121
4c59ab996c1f4c2d,0.7010869565217391,0.2612476925863363,92,22
4c68ab780448b308,0.5089605734767025,0.16687154928866946,93,87
4c690e8725387559,0.6956521739130435,0.46986673937082213,92,52
4c8dde55e44f2095,0.25806451612903225,0.30832103051970944,93,65
4c92708c7d4f7106,0.7526881720430108,0.5011854076647303,93,460
4ca426467032c7fc,0.6989247311827957,0.4966602831914316,93,56
4ccbf705dd552768,0.7419354838709677,0.464961589006996,93,128
4cd80f5fe2b6f36e,0.9247311827956989,0.38621935438120336,93,106
4ce7156376b2d177,0.1971326164874552,0.4653739123862303,93,989
4cf3ecfa1d033181,0.34408602150537637,0.2770919465700996,93,419
4cf435df8f6f9be4,0.7096774193548387,0.5144459433465488,93,652
4cfb806f8fc745c5,0.0967741935483871,0.16655340955345385,93,532
4d2092e12b6d6e27,0.021505376344086023,0.12091403991952944,93,1555
4d4ac33d50794911,0.44086021505376344,0.2818536579647747,93,285
4d5990b3b81b7b65,0.8064516129032258,0.18900258456730165,93,100
4d7f85d9f2c37777,0.7419354838709677,0.5012763870629843,93,37
4d882b43d715e410,0.9247311827956989,0.6137028339057803,93,256
4dc4bd93f55a4413,0.33695652173913043,0.2725127130271894,92,54
4dcfbaf9d394aa84,0.06451612903225806,0.10929969581046649,93,376
4dfb753ffccd6ce2,0.7282608695652174,0.46660630605006354,92,56
4e20ba6ca3e6c6d2,0.8172043010752689,0.25528518377886883,93,105
4e21dbf93a97edff,0.41935483870967744,0.2999603881301739,93,144
4e39ec697d7fe0ae,0.946236559139785,0.3860865423242848,93,96
4e448ab5e193d04d,0.0,,93,449
4e4a3cf7589bebd6,0.8924731182795699,0.26085972273596786,93,67
4e5881da34257348,0.6630434782608695,0.2774942340611907,92,54
4e697a9f90fe7229,0.9247311827956989,0.3964017336927355,93,112
4e6981cdf5b70de7,0.6451612903225806,0.3946138601889759,93,149
4e6a8f12e3d636a8,0.5652173913043478,0.14804023163559957,92,34
4e72b59241343d93,0.8387096774193549,0.41382715446727725,93,97
4e91ebaf904d6e51,0.391304347826087,0.050370906524315,92,31
4e92fb492e5b99bd,0.8695652173913043,0.2814677222918996,92,78
4eb577923ef6443a,0.8064516129032258,0.3178331697927801,93,193
4eb6ad41dc2af810,0.053763440860215055,-0.04174199964476069,93,673
4ed22789be175279,0.8478260869565217,0.15032053316437954,92,308
4ef7bdae80d0416e,0.10752688172043011,-0.05406902727384736,93,189
4f26c3440d0efd5b,0.956989247311828,0.5431005585301307,93,70
4f366a143c5f0a39,0.9130434782608695,0.37507345080072374,92,37
4f3a70cd829efe59,0.6881720430107527,0.21186114560538727,93,469
4f3ceec20fb7033f,0.043010752688172046,0.21044199762780352,93,750
4f3d0fa859e1667c,0.7849462365591398,0.28383804891964465,93,94
4f4667211beb91cc,0.5434782608695652,0.2307553126913335,92,47
4f4ab57559ab5c51,0.5543478260869565,0.09109148402963269,92,44
4f56d31047a42fab,0.6847826086956522,0.34023134456702525,92,40
4f580498fa85a757,0.956989247311828,0.35945410124058996,93,84
4f5917e6e76ac7da,0.9354838709677419,0.6200643742457201,93,121
4f5fa60cd8543d2b,0.40217391304347827,0.20225044807515738,92,84
4f6bced2ec7f1d6a,0.30434782608695654,-0.2039150723641411,92,81
4f73b85eea2bbebc,0.34782608695652173,-0.16678814806908804,92,24
4f76a4bfe221d5d3,0.33695652173913043,0.04456754783770125,92,46
4f789fa7b4f912f7,0.9032258064516129,0.656696824140958,93,129
4f91aec0e95f1dcc,0.8709677419354839,0.3969222497399253,93,52
4f9c409e0ddaf0c3,0.9347826086956522,0.21025740546955424,92,30
4fb17f573002693c,0.0,,93,826
4fc77c8ace2a802d,0.6021505376344086,0.6003212342061465,93,417
4fca707ae9ba53c5,0.5760869565217391,0.3434358887445772,92,41
4fcece87a76b40c4,0.8817204301075269,0.5476952870693914,93,228
4fd290a8e1a63bf4,0.17204301075268819,0.18200172875684964,93,172
4fe3db61994c936e,0.7526881720430108,0.5390404990911056,93,249
4fe92bd1e07f286e,0.8817204301075269,0.34953905077330905,93,59
4fec12f596e638a8,0.9390681003584229,0.49975777117641984,93,110
4ff3549668cf751f,0.9139784946236559,0.42620657697104913,93,59
4ff4b41b291abc7c,0.5591397849462365,0.28281504399975993,93,52
501b1e947578947c,0.8817204301075269,0.20252406435789538,93,85
503a4294537071a4,0.7526881720430108,0.47715742499539465,93,95
5055fa62bb43fef7,0.9354838709677419,0.6325527175334924,93,136
505d20335ed2ce51,0.8709677419354839,0.6745564022292302,93,102
506703788a24befd,0.1935483870967742,0.31103811812555066,93,336
506a6b1a01a870d4,0.6236559139784946,0.43806538237770426,93,70
5079aa23e06b07b9,0.053763440860215055,0.05371345056656466,93,244
50936e0c97814185,0.9139784946236559,0.35111505370920293,93,171
5097ace452f6bace,0.6344086021505376,0.2760776019549622,93,262
509ac9d090575672,0.967741935483871,0.5037886552414119,93,68
50a6699f899ca594,0.9130434782608695,0.41433623917540624,92,9
50d12ebdf7647ecd,0.9247311827956989,0.47327361455836897,93,71
50e4abaad2917ea4,0.8172043010752689,0.42132201138771147,93,65
50e8b2b40d7ccdda,0.9247311827956989,0.4674531283271031,93,66
50ed45ec01dab097,0.8369565217391305,0.3414571405561117,92,65
50f1da547c80400a,0.6559139784946236,0.5526359308383113,93,762
50f97bb592e706d0,0.24731182795698925,-0.007875580700623499,93,126
5118e3b5433c2057,0.9139784946236559,0.5901421332096339,93,74
51198abc0ede949c,0.13978494623655913,0.23926419243168978,93,281
5121c9b2b4259310,0.6559139784946236,0.2291268440035425,93,111
512d43c8c0ba78b7,0.8817204301075269,0.5070680498095796,93,91
5136092f9f01740f,0.8387096774193549,0.35457858951035504,93,245
513f86557a25be57,0.3225806451612903,0.14759051876685694,93,108
517333adfdedc152,0.3870967741935484,0.18131195856746624,93,102
5180a7b8a15e3930,0.8586956521739131,0.2979658602208228,92,18
518acb08f2d176aa,0.5161290322580645,0.3587452953343512,93,508
518f1d3db0a120fa,0.08243727598566307,0.31181466690337123,93,937
5198e97dc3989234,0.5268817204301075,0.25999852670474244,93,359
51a871dd320bf473,0.956989247311828,0.2698988880419321,93,261
51c19a371a500ed4,0.9247311827956989,0.5002077410138929,93,100
51ce3a7279ddca03,0.6881720430107527,0.41788851364690677,93,60
51efb8b2c9be8c1d,0.8387096774193549,0.6075360148190332,93,95
5202187b2656ef2d,0.7204301075268817,0.4115271840204661,93,64
520618173377edd1,0.8924731182795699,0.4172605519706101,93,182
522075e8fce1fc39,0.44086021505376344,0.33014950269896365,93,65
522b2b34eb1dd264,0.9032258064516129,0.5930753136413538,93,63
52310e6e8e25de7a,0.8602150537634409,0.6032979342809301,93,119
52560ba3d8b47e95,0.8279569892473119,0.5452493366702993,93,464
525e5bbd24038235,0.9032258064516129,0.4280841949155803,93,77
527f61df1ad6d92a,0.8960573476702508,0.3669950394123523,93,41
529f773bfd7bd123,0.7741935483870968,0.5633796476246835,93,421
52a595986f9c9e66,0.9139784946236559,0.5569433661997649,93,168
53107cacaed3a201,0.8924731182795699,0.44672398981257216,93,47
531513e602f8247d,0.6881720430107527,-0.070146038201241,93,112
5316d793a73079a6,0.7741935483870968,0.3901230755910048,93,829
5318a64747791bac,0.3225806451612903,0.18421158720302455,93,204
531a4c4fe01b2965,0.8924731182795699,0.36315818334934274,93,115
531bc793fd970428,0.7956989247311828,0.3032866129398907,93,582
5326fdb06f782716,0.7311827956989247,0.3862291377581821,93,337
532d03f1713a4cc1,0.6021505376344086,0.2523291894544749,93,245
533a9d5aa3a1f6d5,0.8172043010752689,0.4556105229921384,93,77
5358feb9163d4792,0.946236559139785,0.5472063970987466,93,71
536518dbbdd2b200,0.5806451612903226,0.3624492942878794,93,69
536d97322ab4be75,0.967741935483871,0.39900532867200966,93,69
5398e145725c6ea4,0.24731182795698925,0.45029320023777497,93,1238
53bdb70d3afad738,0.967741935483871,0.44941097474103314,93,144
53ce137c4f1d6c9a,0.7419354838709677,0.16556448814356384,93,133
53daeacbc5211a45,0.75,0.3679619197318211,92,18
53eec6cddfb82055,0.7311827956989247,0.4813590554621934,93,335
53f41f801cc4fa58,0.532608695652174,0.10584237414668948,92,71
540944342010efd4,0.08602150537634409,-0.06683277296600368,93,121
542b8cd8ae4745d4,0.7956989247311828,0.2493570976241818,93,81
54311142af2e65b9,0.9247311827956989,0.391454844410225,93,84
546f57a4f221c1f4,0.8924731182795699,0.4133623435698652,93,94
547caa8db562f818,0.6774193548387096,0.5656393728649806,93,71
5488ab329e6bbc73,0.8494623655913979,0.5277291766769988,93,104
5492588d7aebfcc8,0.6881720430107527,0.5221095886631655,93,84
5496b5c16a1ffb36,0.8817204301075269,0.30110687913910383,93,92
5499ebb7a8c1f0a0,0.7311827956989247,0.4136549414248072,93,122
549eaa0e8e83c7a8,0.12903225806451613,0.20620627847559708,93,831
54a1037e52b4c31a,0.8817204301075269,0.6506617720981078,93,44
54a8f61c52321c9a,0.45161290322580644,0.42341815675199884,93,583
54cb52b0f9c9016a,0.16129032258064516,0.22588752485852645,93,535
54d2c05edbb35867,0.8260869565217391,0.39760596620087696,92,174
54dcefe3ce54f98d,0.40860215053763443,0.41124728304422686,93,163
54f61ccb6fc69047,0.5501792114695341,0.5364132736278527,93,39
5502af1b7accf7e0,0.9032258064516129,0.6441086999778373,93,103
551010ed3fc191e6,0.0,,93,117
553cb51c900d6496,0.3804347826086957,0.3467656688775821,92,57
555721048d502e90,0.8494623655913979,0.22060839897436943,93,121
556cd434f91277ce,0.06810035842293906,0.2487647709231019,93,898
5578350b1f996a04,0.9247311827956989,0.4060476536048295,93,91
557cc1901ed592ad,0.9139784946236559,0.5879898676579566,93,116
5580d97e0ed35897,0.8709677419354839,0.5168052926582464,93,71
558647c26aa55bae,0.5913978494623656,0.32681189915606507,93,151
55a25174c1bc6a83,0.9139784946236559,0.5639529897833387,93,115
55acff8a1efe6f70,0.7419354838709677,0.43007268870866167,93,36
55ad75f8e83b5f6a,0.7849462365591398,0.46580709986848556,93,228
55cfce2ef7faceb2,0.5053763440860215,0.17601307668348212,93,486
55d62ccfb3dca1d7,0.1935483870967742,0.3327392634370393,93,576
56169ca8c466b2a6,0.41935483870967744,0.21269479517962428,93,163
563bb6c1c55e3426,0.34408602150537637,0.5011516080390492,93,1001
5657eac1e2783185,0.5913978494623656,0.45243062271398893,93,46
566b417fb02523ce,0.6559139784946236,0.14271393485172942,93,186
56bbad30781bc83c,0.9139784946236559,0.4399773293582769,93,62
56bcd34371bd48dc,0.8260869565217391,0.3442540561202315,92,12
56bfdaa3d80a4607,0.8817204301075269,0.6769907634294052,93,122
56cc130261d636b5,0.6451612903225806,0.41689763761473364,93,210
56cc151bf2198a64,0.0,,93,265
56f5cc2b68d5e35f,0.9032258064516129,0.5674626497944035,93,108
5707cc6152d66198,0.7391304347826086,0.34484284943427757,92,21
573ab39da4f908f7,0.8369565217391305,0.49142995784595866,92,56
5746325b6ed3f2ad,0.1827956989247312,-0.20253415733172503,93,200
5754de1be3603cba,0.9032258064516129,0.30989438130627955,93,165
575b3ffb1c1c796e,0.7419354838709677,0.5188249904639514,93,55
57726cc0da56a78c,0.6666666666666666,0.34106716467941867,93,77
577f3d1402a148af,0.8817204301075269,0.6608528422147694,93,180
57b64c4378a3037f,0.7634408602150538,0.6539752037329017,93,80
57bd969210977bfa,0.10752688172043011,0.024862887153991476,93,459
57c564c11af919b2,0.11827956989247312,0.2595249469333933,93,881
57c7965a42788b9f,0.5913978494623656,0.45740340485532494,93,82
57cbc55fae55d1dc,0.7741935483870968,0.5351350735650003,93,58
57d02f6f91b7e412,0.956989247311828,0.5315949427782465,93,78
57d3ad18a31fa7af,0.6304347826086957,0.42935817940010446,92,14
57e14b0042980ba6,0.946236559139785,0.6401541745060382,93,86
57e165b1f6d78e97,0.8064516129032258,0.4366499777069864,93,161
57ef4a02635dfee8,0.9139784946236559,0.32032105302316705,93,80
57fea53902534e40,0.8172043010752689,0.49159080845908354,93,91
580d804af5a895e2,0.6021505376344086,0.2815007406199332,93,53
581aff0bdf6715da,0.7204301075268817,0.34874498191350967,93,62
5825f5e9ce30cca1,0.12903225806451613,0.11486777131462882,93,130
584518cf6e04ef16,0.20430107526881722,0.05185090329090023,93,105
5871f40b2e43de5a,0.12903225806451613,0.17988018133288677,93,156
587455889f99870e,0.8369565217391305,0.36501041921936717,92,26
587bc2eb55f39f93,0.30434782608695654,0.1837957539761732,92,29
587c983e30563be4,0.7526881720430108,0.24517682277101768,93,85
588287fced83bcff,0.9139784946236559,0.6447785054395767,93,153
588566d37f539367,0.010752688172043012,0.035001957813088465,93,188
58b0860b58f1cbd3,0.7526881720430108,0.4858311366869946,93,627
58b9ba30affe82a3,0.6129032258064516,0.1941595558207823,93,726
58e70310c37d2b9e,0.9032258064516129,0.571443089408348,93,127
58e8197c2b04c5ce,0.7849462365591398,0.518613132046128,93,456
58feab967b77e5ec,0.46195652173913043,0.22323179874070725,92,19
59381b8c8f863aa0,0.5913978494623656,0.3430777438287127,93,60
5945036b75d65a4d,0.9354838709677419,0.5315010815725292,93,121
59477207a80f8bba,0.8064516129032258,0.5594796318899716,93,305
5949ecd7b1fbccdd,0.956989247311828,0.45080341355318754,93,77
594fefd8e3a1fa9f,0.6129032258064516,0.32212117853233624,93,325
595143fb65a2b19d,0.7956989247311828,0.3829909248337126,93,177
59538fa85579ad8a,0.8602150537634409,0.43529744404274245,93,59
5957b63e882230d7,0.8924731182795699,0.5506475592858567,93,83
59588f87f7101356,0.2903225806451613,0.35526767913594637,93,92
595ab78cad08e277,0.07526881720430108,0.12603590087849284,93,1503
596e354e1a75a893,0.3225806451612903,0.07295750706432527,93,74
597d69bdf247891b,0.4731182795698925,0.44122180063170696,93,153
597eb63234988a5f,0.391304347826087,0.1978882240072308,92,14
598c8f8784c10246,0.8172043010752689,0.5308002197302361,93,57
599fafd3e882ae92,0.8709677419354839,0.3927839167389115,93,44
59a29c97573f3b85,0.8870967741935484,0.6006203108325094,93,43
59c71b002f1acf2b,0.946236559139785,0.434113494931816,93,144
59d684cb5f0cc93e,0.8804347826086957,0.2902936977715682,92,312
59db60391f795189,0.8172043010752689,0.39232002860507537,93,357
59ee8a30101afda3,0.5978260869565217,0.3243429637366077,92,77
59f1736109e83ccf,0.07526881720430108,0.24466541458654079,93,1156
59f35be2e0058552,0.8172043010752689,0.2868427572346278,93,92
59f7396d28e9fec4,0.5543478260869565,0.39424606584096183,92,33
5a0c8677c073b29d,0.8602150537634409,0.39864050646549304,93,27
5a15927fe6135976,0.946236559139785,0.5330425278475859,93,62
5a35b6d3977a8a08,0.8172043010752689,0.5057786847068155,93,386
5a375754a930c4ad,0.7608695652173914,0.22493632780129544,92,13
5a4007927d90d149,0.6774193548387096,0.4475598782052994,93,107
5a4018b329f41e97,0.2826086956521739,0.08088971513282818,92,40
5a40231af2d0868e,0.3225806451612903,0.22996457519919228,93,114
5a43590208171010,0.9247311827956989,0.24770979506057245,93,206
5a45e2db86d6b7ad,0.946236559139785,0.22031059882468018,93,347
5a59de9bea8001c6,0.23118279569892472,0.4051089383574806,93,531
5a7a15810aea0f7c,0.7634408602150538,0.5633717336410029,93,177
5a837371648774f4,0.6413043478260869,0.32336367027300555,92,35
5a86d0df9208711b,0.9032258064516129,0.43707620433964756,93,68
5abd21a8961ceecf,0.45161290322580644,0.21655318911975327,93,158
5acbfe5d5c9260ea,0.5806451612903226,0.5585967188021782,93,85
5acc707abe7cc00b,0.7849462365591398,0.6082801744054325,93,112
5ad2ce524ae3bf34,0.6559139784946236,0.34849396724314957,93,128
5ad6d9c95880c73c,0.956989247311828,0.37391396259374604,93,89
5ae876b5f9896d3e,0.967741935483871,0.47895363490762455,93,78
5af640eb09526bbd,0.021505376344086023,0.08829952805497558,93,229
5aff2aeac7d6c99b,0.8043478260869565,0.31512365710919654,92,19
5b05402f1482b750,0.8602150537634409,0.4849064630022693,93,144
5b0a61ce75f632b4,0.050179211469534045,0.22349626281132048,93,986
5b1a91d65a9214de,0.967741935483871,0.41936764125307224,93,122
5b264862d5050197,0.9247311827956989,0.5611396380245746,93,342
5b36c666674df0ac,0.6344086021505376,0.23076310498875294,93,146
5b79b66f6aa9aadb,0.5913978494623656,0.39977528558001146,93,455
5b8683e87ea3c66c,0.31521739130434784,0.01742706286900358,92,55
5b8d59aaccab1e9e,0.7849462365591398,0.5307316549637559,93,559
5ba3d2c95a04491b,0.6236559139784946,0.24138139661072233,93,775
5bb20a3bf57b673d,0.09782608695652174,-0.26329970125477975,92,425
5bcfe8c71a232c39,0.6989247311827957,0.5290433878690501,93,460
5bd28edfda6d3217,0.8817204301075269,0.43040829528668484,93,51
5bdeeaeaf4c58dab,0.03942652329749104,0.22937296684049413,93,351
5c03ba4ef87aff2d,0.12903225806451613,0.22728651789722887,93,46
5c09ac481629725a,0.9354838709677419,0.49859274912912344,93,75
5c0b256711d2819c,0.7311827956989247,0.3991721138982847,93,280
5c11e81b54622c71,0.946236559139785,0.4028910147893478,93,67
5c18c02b02381197,0.9247311827956989,0.5255531223249271,93,90
5c1bdb7b7d65c6cf,0.10752688172043011,-0.07508359488765753,93,76
5c2693cb4e416abe,0.8924731182795699,0.4920150016832487,93,39
5c2e7ddecb66f1d8,0.7391304347826086,0.3915533293578403,92,43
5c48407d0c760a29,0.5913978494623656,0.3352857651610754,93,120
5c59ed3b540b0a24,0.8387096774193549,0.49552045134090983,93,105
5c6ae158cda9d3bb,0.7849462365591398,0.34419676488205,93,86
5c78ac95e61eef1f,0.0,,93,407
5c7b2695243dcfde,0.8478260869565217,0.44295878751097434,92,30
5c921a0b2cca98cb,0.9347826086956522,0.4164427291387419,92,33
5c936abe688702ef,0.956989247311828,0.25325208775555663,93,237
5caf1c7eec9c4a84,0.8817204301075269,0.3242004521292781,93,84
5cb663f7c2a03cad,0.06451612903225806,0.2759901785406943,93,396
5cb9f700f52e9180,0.8804347826086957,0.3589806750778947,92,40
5cbc1c2c3cd33d69,0.967741935483871,0.367053196485117,93,72
5cd2037f3f7297cb,0.7849462365591398,0.5720919224540538,93,87
5cf05bb44412fbf1,0.5698924731182796,0.05269684908543597,93,169
5cf337fecb3754d4,0.8602150537634409,0.06777851202567393,93,73
5cf3e8736eeb6541,0.8279569892473119,0.6252242862647452,93,67
5cf49a6fbe2f37a3,0.9139784946236559,0.4756325708071457,93,104
5d070664b074faa5,0.6956521739130435,0.43033990676355066,92,30
5d2c59366fc0cc9a,0.8494623655913979,0.55372789141611,93,54
5d446fed0e07fd4b,0.6021505376344086,0.5310931847952528,93,54
5d524b7375ba5786,0.9021739130434783,0.3251424810135129,92,34
5d545b28b3e03a14,0.8172043010752689,0.45936530013139326,93,79
5d5a1a3e59ed4541,0.9032258064516129,0.5723429976051833,93,82
5d6fe27b598807e9,0.1827956989247312,0.21144466059762396,93,84
5d79ef1c9482e9a5,0.5376344086021505,0.31258474775975675,93,96
5d8d180dd6cb9915,0.7096774193548387,0.23357325271146456,93,53
5da0c588f312ae44,0.41304347826086957,0.10984922382349997,92,56
5daa249431b39e99,0.7741935483870968,0.3116511047136488,93,97
5daadaf1cd8193fd,0.956989247311828,0.4684243918562809,93,392
5dbc21db5e2565d2,0.11827956989247312,0.25777461956209,93,491
5dbf83634e56dfbe,0.7956989247311828,0.48052611570150966,93,75
5dd92d3fd252a1b7,0.0967741935483871,0.30025173460946236,93,428
5ddefbac71552b01,0.8602150537634409,0.4821007892716886,93,63
5de5a23f9f70210d,0.6086956521739131,0.4262713200729704,92,77
5dec882ee9853298,0.7741935483870968,0.2939237262372888,93,45
5e09ca2f05a4d4aa,0.6521739130434783,0.4149136553159434,92,150
5e0a9b8e934e1ce0,0.8279569892473119,0.10315472700967275,93,129
5e1261455868f2ce,0.4731182795698925,0.400224635857458,93,75
5e16d3dcef6c9daa,0.6774193548387096,0.32740574769152103,93,50
5e212b631fa795c1,0.3870967741935484,0.3545717581059261,93,18
5e59cb2145b0e9d0,0.510752688172043,0.5311921056477151,93,38
5e5a9a225346faac,0.8709677419354839,0.39516222104468834,93,377
5e85a9d90262216d,0.16129032258064516,-0.22522122972589287,93,83
5eb3cf95cd934876,0.946236559139785,0.46878917766978045,93,108
5ebb139fcc4156b7,0.9032258064516129,0.48982359032437567,93,163
5ec9060e765f59eb,0.6774193548387096,0.38916523701389094,93,196
5ecb2fbf7726d8a9,0.08064516129032258,0.1716358060460321,93,363
5f242cb42bac6ba9,0.7311827956989247,0.5219727770765975,93,395
5f37d1c92efaf8c9,0.8817204301075269,0.41932695268579734,93,57
5f4b145fb383d556,0.6451612903225806,0.3191322324430833,93,152
5f5c0760072e6909,0.6413043478260869,0.3819236152812472,92,34
5f5e71bc23c5b0ae,0.8387096774193549,0.37454439830166747,93,394
5f790d889c5d51ee,0.053763440860215055,0.19516181178460665,93,285
5f7fcc6342f58034,0.3978494623655914,0.050040433649932194,93,121
5f861238a56765d7,0.8924731182795699,0.6911668152683742,93,124
5f88d1cdd142324a,0.17204301075268816,0.3632848992195289,93,1019
5f8fab3135d54da1,0.9139784946236559,0.4421673744982703,93,53
5f929970d8fce134,0.9032258064516129,0.36113227591771135,93,57
5f9f7da5dcdfd217,0.8279569892473119,0.3509244201867448,93,15
5fad06454ce62ed0,0.9408602150537635,0.6612832565662294,93,88
5fae873cbef3c1ba,0.956989247311828,0.3794649118961406,93,108
5fd29b22b6639dd9,0.8804347826086957,0.2877157322923024,92,30
5fdaea969f8c2eb5,0.8260869565217391,0.5200560690923569,92,78
5fdc1f84c5cc852c,0.45161290322580644,0.3449291032717022,93,141
5ffd9029958b62f8,0.8494623655913979,0.5802018361494491,93,133
601068ae7630be70,0.8387096774193549,0.47707775193087115,93,53
602737f5e18b99f4,0.391304347826087,0.3119013490039948,92,51
60388bb384765c3e,0.9139784946236559,0.5916617601413019,93,55
6039ad0e05fa1ffe,0.0,,93,1035
603ea93f9c16a42b,0.09782608695652174,-0.1839891314001755,92,101
6048013d9096293b,0.9139784946236559,0.45635610595231774,93,83
6056865924e2a859,0.7634408602150538,0.6259046333583194,93,84
60577c627b55c2e4,0.5760869565217391,0.17419477099519737,92,164
6064157d70fcd228,0.17204301075268819,0.30801471594372287,93,490
607725678a89310d,0.06451612903225806,0.3163090153619076,93,261
60cdf9337429a334,0.8387096774193549,0.46817336233585827,93,78
60ce8563d380d548,0.34408602150537637,0.3315483350376708,93,147
611292ffb8266465,0.8817204301075269,0.5997747023160187,93,73
61279b683db64ea1,0.13620071684587812,0.33136357715766035,93,377
615339f2c8609e60,0.6989247311827957,0.6432879800913757,93,71
615a1636d309bb1b,0.8924731182795699,0.5162953508426343,93,98
61680d8dd8cdf1ab,0.45161290322580644,0.16416500461436062,93,37
6197ebc4e90f9796,0.7634408602150538,0.2866768285624207,93,119
61b9c80c7ecf66ab,0.8924731182795699,0.5651700591082831,93,285
61d1586ff196c77f,0.6236559139784946,0.23410004258916853,93,396
61d717d6649c44f2,0.8387096774193549,0.39726314613322483,93,47
61f3a729f3a10661,0.0967741935483871,0.27747241383430993,93,999
6203f278b7c90477,0.7419354838709677,0.571735759284125,93,168
620e51f7dce69e56,0.6847826086956522,0.1681902043132886,92,39
620fd66a5978337c,0.989247311827957,0.3183877063295677,93,295
6256d851bd613232,0.8494623655913979,0.4206732063971503,93,60
62628f2cc6192719,0.7741935483870968,0.492649757994699,93,398
6273089515eaf765,0.5108695652173914,0.21215384159049588,92,26
62986aeb9c4a2027,0.7391304347826086,0.5395783684645918,92,82
62ac390a504c4ac2,0.7956989247311828,0.5410058066799214,93,280
62c206a2cbf2ee08,0.27956989247311825,0.16794066446694594,93,66
62d65567cccc4581,0.6451612903225806,0.3384885088001278,93,120
62dd2ad276fbcbc8,0.7311827956989247,0.5540539172989564,93,183
62e03dfc4b773e3d,0.5268817204301075,0.2842552811737358,93,56
62ef6abeb1f16473,0.7311827956989247,0.33111965756904993,93,47
62f7c8f635fc42d0,0.956989247311828,0.390824984285023,93,82
63077e131260da2e,0.7526881720430108,0.4653564021048908,93,134
630a42c843d0e891,0.967741935483871,0.416497596724405,93,152
633e21f6c0dddc82,0.8387096774193549,0.6740794547655162,93,76
634ba2177f611b16,0.956989247311828,0.5186812280858809,93,381
6377fe45019386e3,0.25,-0.18428976833730684,92,144
637bd4535e2ab0c7,0.9354838709677419,0.38466145621782866,93,316
637f77d19ae7fb6e,0.7096774193548387,0.42853294714808254,93,75
6384291a3ffe18bc,0.3655913978494624,0.45380881931912087,93,334
6388536853a97fa7,0.7608695652173914,0.21922544728059795,92,11
63a695fa8e0746b2,0.6129032258064516,0.23662484520336377,93,429
63a73116765b5cd6,0.8709677419354839,0.6357794797078468,93,97
63c47e2d8b72d428,0.0,,93,110
63ca703514e47224,0.8494623655913979,0.4775806692629558,93,175
63d4405b1f6ad949,0.6344086021505376,0.3103599828267186,93,54
63d8970104c1e3ff,0.9354838709677419,0.5301606405957656,93,42
63fb1fa0f36eb1b7,0.3225806451612903,0.30529255799161703,93,176
6412280b99753ee5,0.956989247311828,0.41720879478413675,93,326
642dd264953105cf,0.9354838709677419,0.36779184895872136,93,29
6435b0538c77da42,0.07608695652173914,-0.491195997783445,92,32
64400bb0fb13309b,0.8924731182795699,0.5762566909882556,93,111
6478a50e3eb9e4bd,0.6989247311827957,0.4784616755155557,93,48
647efc006be3e2d4,0.4838709677419355,0.3836196160540709,93,93
647f2c097b9daa45,0.053763440860215055,-0.36948433860968477,93,52
648317a1188ec5c6,0.7526881720430108,0.45153746422032487,93,67
64ae1f86cd9d4adc,0.8655913978494624,0.48624273679146424,93,76
64b870bf8a3bfee1,0.7096774193548387,0.5398834617199192,93,547
64d77db93bf607fc,0.5161290322580645,0.3975994191378565,93,160
64e042357a7e2506,0.9139784946236559,0.5273515945990206,93,123
64eea8ef38651cb4,0.9032258064516129,0.5527345447862131,93,81
65119e1c70d8be8d,0.44086021505376344,-0.2445211145364871,93,125
65135c0d770ef2fa,0.9239130434782609,0.32027429630637927,92,11
651452da67f9e61d,0.8478260869565217,0.43769540017290376,92,13
6556496d374c45ec,0.8279569892473119,0.5088110481941263,93,303
6568ef4a3774e0e5,0.9021739130434783,0.4802238714430801,92,141
6572ea8e65e3aeae,0.5,0.36187097538009927,92,367
657abd2fcf69ec1a,0.9139784946236559,0.5963051365571562,93,62
658b1d33c26b912b,0.5869565217391305,0.19379122914001737,92,158
658b8c82ecd037bf,0.3620071684587813,0.519191349952591,93,457
65993f379036d2d6,0.7956989247311828,0.0489105357212362,93,59
6599485bf7f52073,0.6881720430107527,0.3811500626889271,93,58
65ab33bc5203bdee,0.0,,93,361
65ae074bdf81cbff,0.41304347826086957,0.170926840031921,92,31
65b499477ae600c4,0.11469534050179211,0.3273231700955354,93,814
65bf363f7a7ca538,0.010752688172043012,0.11147957101609682,93,435
65c02d78e7bc8999,0.8695652173913043,0.39943268356216166,92,15
65febc81f8f678a7,0.0,,93,603
66079a91bee68a80,0.18478260869565216,-0.06200050669198868,92,41
661bc07a8a3453d4,0.8387096774193549,0.5949961218928835,93,74
66243345d8bc6aba,0.8172043010752689,0.6168839471797285,93,272
66251215b11d1d87,0.9139784946236559,0.6061386765137284,93,98
66263e36832dcf55,0.9247311827956989,0.5126750181557789,93,46
664c4c03a8493afc,0.6195652173913043,0.363911189920363,92,49
6667d97710909021,0.8695652173913043,0.5231626035308744,92,40
6684203321ccf430,0.25806451612903225,0.3160945230184014,93,624
668a10c66cdc8490,0.7311827956989247,0.5366057602072573,93,323
668ef3f7589cff7c,0.5913978494623656,0.3973690199806833,93,43
6691b79428014211,0.6774193548387096,0.4709702893988899,93,91
66948b3d13109db6,0.6344086021505376,0.4284839198706067,93,72
66985a1cfbbc4b9a,0.8924731182795699,0.2912513001224575,93,48
66b77ca61a10e3bd,0.5591397849462365,0.28343344716684854,93,519
66c4d1a93a532241,0.9247311827956989,0.1215315312318602,93,184
66da4f2cd208dd34,0.8978494623655914,0.4277819507258732,93,98
66e2fec713f81704,0.0,,93,196
6701633948f4f272,0.8172043010752689,0.5732078050847246,93,139
6712036f1e2c53fc,0.9247311827956989,0.631431736278199,93,164
671620bba8b4a254,0.010752688172043012,0.11147957101609682,93,856
6728bb6837f23345,0.5268817204301075,0.07150407972441322,93,90
673db85015e98b16,0.010752688172043012,0.0449642306953159,93,99
6758a16c49f40892,0.9516129032258065,0.2770962173997954,93,80
678241988fb8307a,0.8279569892473119,0.512354442410865,93,280
6782ea0e80fe163e,0.9139784946236559,0.3541003191233299,93,65
6790d0f6171436af,0.8586956521739131,0.3022619009105847,92,35
67b3ab4f78adc82b,0.8028673835125448,0.5652528249299384,93,42
67bec01b8ea2ec39,0.5591397849462365,0.5135334882822811,93,622
67c09f9b6e40735b,0.9139784946236559,0.6325534037115214,93,215
67c5fedbea464bbe,0.8602150537634409,0.5248254380966784,93,45
67e5781bf097ff19,0.8602150537634409,0.42342340616481106,93,47
680744cd29784d56,0.8817204301075269,0.3712202386009742,93,77
6812a60d1998ea17,0.06451612903225806,0.13698643855541037,93,168
68245ed72fd0e477,0.956989247311828,0.31710789373955706,93,130
6832f6d7759abc6f,0.8709677419354839,0.4569128713757606,93,69
68362d56fe606410,0.956989247311828,0.27710560777949145,93,186
6837725322c7a2e4,0.9139784946236559,0.3426810841785238,93,51
6837d7a1eb0cc15e,0.8172043010752689,0.3020042613768098,93,61
6839d19d1da55535,0.7419354838709677,0.532273717959747,93,128
68485380acda2c6a,0.8387096774193549,0.3492797738675765,93,223
687da39347eef1e9,0.053763440860215055,0.17477796339330834,93,1200
68838ea17684f6ed,0.956989247311828,0.48145147814436634,93,90
689026eeec9c0668,0.5591397849462365,0.44078417865999964,93,102
68ab18261c5537e0,0.8172043010752689,0.21957856653582575,93,37
68bf7c92b8266c87,0.9032258064516129,0.5191120483239873,93,327
68f5364b6d9c84d1,0.6956521739130435,0.40967904161901947,92,67
6910379fec5b123e,0.8602150537634409,0.4636897937096294,93,63
694b69c1de895e28,0.6521739130434783,0.3435319648042693,92,36
698bd92f752fe81d,0.5,0.2523573868352282,92,52
699712f505602538,0.3225806451612903,0.16412861301150355,93,102
699ee2d663b17927,0.391304347826087,0.10579503784323566,92,392
69ace34a6b37efe2,0.8586956521739131,0.4056798360553686,92,27
69c8f55455974131,0.9247311827956989,0.583476589084474,93,169
69e421fd635fa987,0.8387096774193549,0.41732409933941456,93,109
69e65c73aeeb651e,0.7311827956989247,0.5118331403711532,93,53
69ea12ef9820ce28,0.9247311827956989,0.44429098611773843,93,124
69fc0497cae4fe34,0.41935483870967744,0.23100178296598056,93,16
6a0a2d75627d2511,0.8172043010752689,0.44631363436899896,93,282
6a107419ed506898,0.40860215053763443,0.43032694564016355,93,636
6a143229144e16c6,0.9032258064516129,0.4522373428054651,93,63
6a2d57fb8e4b7613,0.021505376344086023,-0.00883328717684254,93,158
6a2e7fc01414722c,0.6021505376344086,0.34273143990559973,93,74
6a3a31d668ca2b9b,0.10869565217391304,-0.3744259195916565,92,16
6a43defea745527e,0.03225806451612903,0.020633932497458984,93,129
6a47f0382a0b6a08,0.46236559139784944,0.5024775902417052,93,429
6a96e454ccad2adf,0.9247311827956989,0.5527281642470117,93,89
6a9dcb1e1dac83e8,0.9354838709677419,0.5148074001574025,93,90
6aa32d4378b04a04,0.8817204301075269,0.4584002130902912,93,204
6aaa59e106b1c99f,0.8924731182795699,0.4971202154527245,93,51
6aaf20a26824addb,0.6774193548387096,0.33870184778906004,93,206
6ab0fb65b05237f1,0.06521739130434782,-0.24285632191937578,92,307
6ab401af41adc84d,0.8172043010752689,0.3325250068607666,93,78
6ab522224910a427,0.7419354838709677,0.3855629969673456,93,442
6ab69049433933a9,0.8924731182795699,0.5458237216350609,93,101
6ab8bfde5347140d,0.16304347826086957,-0.047091440519088305,92,947
6ac199c5229d2d4b,0.8924731182795699,0.3647720237762683,93,134
6aec34f7f9a9e041,0.9247311827956989,0.5856474483538486,93,118
6aedb7212636eacc,0.7956989247311828,0.6136782322990781,93,362
6b01e5028f947290,0.5108695652173914,0.24350493713393445,92,42
6b05be310fb34d53,0.7311827956989247,0.2840043270189575,93,148
6b0f1b63a9b861c6,0.6739130434782609,0.18264137599608407,92,54
6b275ae1992b36be,0.7849462365591398,0.2921799671932462,93,50
6b303daccdebdc21,0.9139784946236559,0.5944364952557745,93,88
6b38911f3e23b01e,0.9139784946236559,0.6270849005630925,93,380
6b639210de97a5f3,0.6989247311827957,0.18210146300305613,93,185
6b6e38f7c08d92be,0.8602150537634409,0.4001909234028798,93,342
6b99dabc1fb87fdd,0.6559139784946236,0.2678249449392453,93,238
6ba4c550be309ca3,0.29347826086956524,0.11701154689041851,92,46
6bdadd18bb0a69a4,0.8709677419354839,0.489718851572275,93,299
6be483786b93d72e,0.6881720430107527,0.371134444267713,93,64
6c0af13d3f951de2,0.8709677419354839,0.5556595382925035,93,109
6c1cf459aa9dbdc0,0.9247311827956989,0.4905189829519534,93,56
6c604ebd7396c8e9,0.7741935483870968,0.49860608408964974,93,521
6c66a7ff394ebfbc,0.7526881720430108,0.5555793062578077,93,515
6c67f63653c70461,0.9354838709677419,0.6094803350156182,93,91
6c98a0aded55d594,0.7096774193548387,0.3455866926579656,93,433
6ca414a5abc1d210,0.956989247311828,0.44109417128951367,93,27
6ca65e030bcf5052,0.7634408602150538,0.5048997904784168,93,277
6cca436e04d6e986,0.7795698924731183,0.2869451603617242,93,84
6ceb6aeff3a450e0,0.8494623655913979,0.4139686167928052,93,48
6cf087ad994fb0c9,0.8817204301075269,0.3288339680357902,93,44
6cfe6264ee4b4583,0.1827956989247312,0.34070327696317976,93,581
6d01796d4fb1eff3,0.9247311827956989,0.3596973649881049,93,145
6d1ba07db6a6b253,0.8387096774193549,0.48418365366777233,93,33
6d1d8982e394220e,0.6559139784946236,0.5202325439480816,93,62
6d33738640ce6b57,0.2903225806451613,0.3170346453106801,93,64
6d3fc05ef983b08d,0.4731182795698925,0.03706426962756246,93,119
6d637e4b8cf5e3ac,0.8494623655913979,0.39963657128354974,93,56
6d81bf96c79b5964,0.9247311827956989,0.41168853401518474,93,110
6d8324bc9025de4b,0.5591397849462365,0.33773960543116255,93,96
6d83ac644df70714,0.5376344086021505,0.31883149935418087,93,147
6d93eb8c4d84a8a3,0.6881720430107527,0.2547987979468581,93,202
6dafda36db1d917c,0.9354838709677419,0.442215163471427,93,122
6db89429c6feebca,0.717391304347826,0.3181211362703574,92,43
6dcb5e2bd129eabb,0.6847826086956522,0.2861607660132249,92,9
6ddccf502ebb0bfd,0.8602150537634409,0.41085436926374325,93,141
6dfb633b613cc2c1,0.6236559139784946,0.40693652472712716,93,51
6dfc1aa575744dc5,0.07526881720430108,0.23350738658701953,93,313
6e0306585d66d580,0.8351254480286738,0.6213278836985237,93,67
6e0671a9e3abd95b,0.42391304347826086,0.28352495122824883,92,108
6e0bf3fc7f0890e0,0.8804347826086957,0.275983930934577,92,52
6e12bb59970fb953,0.021505376344086023,0.12612638633456102,93,330
6e1c7c7d3bb42c35,0.9139784946236559,0.6862211730561981,93,51
6e22c5028a25296d,0.8817204301075269,0.35432079381099285,93,85
6e298e17878dee01,0.7065217391304348,0.2940304900113723,92,22
6e2c6a6b20b070fb,0.043010752688172046,-0.04815511992181582,93,171
6e31bbaa47a55094,0.8763440860215054,0.7412599100298884,93,93
6e3370464c26bd34,0.5268817204301075,0.4241695652414343,93,460
6e3b8374f5c0c51d,0.9139784946236559,0.46970943394857384,93,56
6e4f0e2a262d3250,0.8602150537634409,0.43051403078906786,93,97
6e58a44b4500ff9b,0.6774193548387096,0.28368612109216224,93,44
6e925a498542be56,0.25089605734767023,0.43067093757609554,93,491
6e97f2811e214aad,0.7419354838709677,0.37912871490936967,93,441
6eacb560edb1a938,0.8172043010752689,0.3467734672895006,93,62
6ebb47f377353163,0.7204301075268817,0.4893471475520975,93,91
6ecfe775b18d7382,0.8279569892473119,0.4746423030727513,93,244
6ed438212260324d,0.8817204301075269,0.41213954217195437,93,47
6ed81b5ccb32d0d6,0.8279569892473119,0.5552378548951097,93,83
6edb78435b77630a,0.33695652173913043,0.136545008365687,92,98
6f2e23579802f9b2,0.005376344086021506,0.13071404268584752,93,805
6f33c07f4290f780,0.10752688172043011,0.2552385802054449,93,710
6f3ea949c0749d24,0.45161290322580644,0.1369033592226749,93,101
6f4400d39e1fbe3b,0.43010752688172044,0.2855638579893308,93,78
6f5a9cab65282d9d,0.8709677419354839,0.6136524014778384,93,116
6f76f01dca24c9cb,0.391304347826087,0.2202841626432643,92,260
6f793053fad9a70b,0.7065217391304348,0.2167416527775172,92,61
6f862148ddc2c13c,0.978494623655914,0.33371433378759663,93,78
6f8e0c32fece740b,0.8387096774193549,-0.08931140561640476,93,65
6fad661f738b8fd6,0.956989247311828,0.5139061629798913,93,98
6fb4f63453adecdf,0.09782608695652174,-0.4625877086411197,92,14
6fb5d5c19ed4bc11,0.978494623655914,0.33149687672836986,93,88
6fcdf37237b08ac1,0.05434782608695652,-0.45055775644408136,92,169
6fe149a75049e72f,0.6358695652173914,0.37743866001235576,92,374
6fed26d1bac8ee86,0.8260869565217391,0.2513738665674691,92,29
6ff3edb18b469f0c,0.8279569892473119,0.6106455826077224,93,125
6ffd622a37cf7573,0.946236559139785,0.4072585640772778,93,76
6ffeaccf9df6462d,0.946236559139785,0.5472063970987466,93,53
70122d5699c81be6,0.9247311827956989,0.4487210665282625,93,71
701534454f4201e3,0.7849462365591398,0.51527219040612,93,107
701f28269343129c,0.9247311827956989,0.3330414900013007,93,413
70611cf2ab1b7e8f,0.4946236559139785,0.014935071710615895,93,100
70682ab880b8bda8,0.8709677419354839,0.2612665289651242,93,61
7078db75d891e1b2,0.6989247311827957,0.404103491500774,93,167
70859b5bc45a9262,0.8172043010752689,0.3730947230196062,93,200
708a8d9b1fcfd493,0.4838709677419355,0.23485695055834216,93,58
709efa9450e99db3,0.8387096774193549,0.13389048490617747,93,54
70b53dde053c8d6b,0.8924731182795699,0.3574960189119642,93,47
70f22af97b7af034,0.7956989247311828,0.2915315710448847,93,269
710f01f7968ce2ba,0.946236559139785,0.2990866920518158,93,136
712745c51393af18,0.8817204301075269,0.23560702224545793,93,89
714b6dcb67d2b51d,0.946236559139785,0.465237828760139,93,85
7177815c2b820290,0.7956989247311828,0.5158208580813283,93,520
717c7b71c3864f96,0.967741935483871,0.36316938384236724,93,82
7187d42913ec1773,0.1111111111111111,0.33221759391059785,93,1185
7194e3d422d82ab4,0.6451612903225806,0.47523539816450006,93,185
71ecb7b56d5cbf18,0.9021739130434783,0.43189897284172435,92,30
7203836a9bfd6dc5,0.6021505376344086,0.40323652616250005,93,150
72078b089c4b17e9,0.21505376344086022,-0.08937853375712144,93,99
7226780b2024bcef,0.5591397849462365,0.12578254631967203,93,86
7229d920ae37560b,0.9032258064516129,0.39517542734153566,93,97
724c9223a93e55ce,0.8387096774193549,0.5830981836040027,93,120
7256d0c189959028,0.9354838709677419,0.4688094392945401,93,119
726532915192db40,0.7526881720430108,0.7084419409809116,93,172
726b4f81db5f78ab,0.9354838709677419,0.42647018731729996,93,77
728a2bc0f26011ed,0.07885304659498207,0.08941002820831083,93,349
72a8404bd8029aca,0.9032258064516129,0.2947332428404622,93,62
72c0f96e5d333688,0.8369565217391305,0.3258799253015037,92,45
72e2707e95c3dcd7,0.956989247311828,0.24431259688972126,93,53
72f397249b2e92bd,0.9139784946236559,0.11649789372325337,93,233
7303835dff34a191,0.7608695652173914,0.37165974399204865,92,32
731ce3f8790d3625,0.18478260869565216,-0.04836141081052826,92,64
7335e64378dc8368,0.9139784946236559,0.5576224743297097,93,81
733ea12b4fcaee18,0.8279569892473119,0.47342252711350774,93,90
73534ad9ee9c9134,0.967741935483871,0.43867187921202755,93,148
7359b606406e027e,0.7204301075268817,0.2118430106852779,93,294
73679b7f89295cca,0.9032258064516129,0.38548012335317006,93,95
736f0534e7fcbe7d,0.3333333333333333,0.35439536798287563,93,113
73a57d507913fcf5,0.5806451612903226,0.39758540585921404,93,59
73c88ddabc360159,0.7311827956989247,0.5818318540481006,93,699
7401f52a4c01ec65,0.5268817204301075,0.2800351167352085,93,103
74059a168235dafa,0.1827956989247312,0.10978462843348699,93,112
740918b85a11c87e,0.15053763440860216,0.30432992143460347,93,971
741609290ef3af97,0.9354838709677419,0.5722721948693007,93,126
741fcacdd988fdfa,0.0967741935483871,-0.03445205467448071,93,139
741fe2853edc0e44,0.8494623655913979,0.48759345692656797,93,102
742d294a068828dd,0.15412186379928314,0.41597302357505894,93,916
743c5aa402c78114,0.7282608695652174,0.21423489253645545,92,45
745c9e7d64cdd651,0.8709677419354839,0.1960069557718318,93,124
74678780857cf53b,0.6989247311827957,0.6226503165701923,93,904
746e72a72e95f7c4,0.27956989247311825,0.27175157212037737,93,149
748b7094d41ba03c,0.6989247311827957,0.22823477550340393,93,224
74b6e6bf4586147f,0.967741935483871,0.17247955268002588,93,336
74bf4c8343453a8d,0.7419354838709677,0.5095994358022817,93,136
74c31a644c36df2e,0.2608695652173913,-0.07393752092350503,92,30
74d03772dd7581a5,0.10752688172043011,0.15288098821106283,93,150
74e73e2fb9957e17,0.25089605734767023,0.4554097300795071,93,734
74e9f612f632fc30,0.8817204301075269,0.41179797763106246,93,163
74ef8902747b7192,0.10035842293906809,0.30761548520009147,93,955
74f7969fa732f149,0.6739130434782609,0.36164622035062016,92,31
750313ec383b7f01,0.22580645161290322,0.20128023169247258,93,1299
75050c973922eeb0,0.8064516129032258,0.5266700143230331,93,382
750c7729360b5b11,0.7096774193548387,0.3290069595771929,93,141
751370f8c7d3f9e3,0.8817204301075269,0.4803524371704424,93,119
7529b7b1ac023d48,0.010752688172043012,0.035001957813088465,93,307
753879accc4354f2,0.2544802867383512,0.4421176124303411,93,1004
75459ad85b75d990,0.956989247311828,0.42513986617459204,93,351
754af38bcbea5945,0.7204301075268817,0.16204029582505194,93,220
754ba14a39c4e6e5,0.30434782608695654,0.18728504323404288,92,31
75509fc78cbdee22,0.9354838709677419,0.5166896871062502,93,65
756fa228d345f357,0.9021739130434783,0.4089110636717513,92,12
7598c0b26de58ada,0.8804347826086957,0.34555061778677876,92,34
75a6b03458614083,0.8924731182795699,0.40248194632723644,93,82
75b7873bfa2d589a,0.8478260869565217,0.22991766382299755,92,13
75c6f7de04cbcfee,0.15412186379928317,0.38775157216186523,93,378
75cfb793203cad9c,0.2608695652173913,0.08510428840261834,92,96
75e9b6359f7a2ecb,0.9247311827956989,0.5189682960775386,93,459
76021f697ec1bd94,0.5752688172043011,0.11634009295344665,93,109
76065753e63852d0,0.15053763440860216,0.12010793718359143,93,83
761d3084b1c9afae,0.717391304347826,0.4135812756451607,92,30
7650a737c167e0e6,0.6021505376344086,0.46200572640478366,93,72
765687112074febf,0.06451612903225806,-0.005901344165876618,93,118
7677a303706c0ee6,0.8924731182795699,0.3657485283277141,93,140
767f56d0e26019fd,0.6236559139784946,0.30210762019863524,93,179
7680e5dbf1cc77c1,0.4946236559139785,0.3697330511794153,93,131
76a0cd2124581e8d,0.0,,93,166
76afd8fde5946dc0,0.8387096774193549,0.4913225857867273,93,45
76dd2e4be71ad6ae,0.7419354838709677,0.5213902141776021,93,258
76e6bbeea0555f1d,0.8494623655913979,0.3307134829352631,93,163
76e6f64e61f00a51,0.7849462365591398,0.40217586411194467,93,176
76f799790c71fdbf,0.9032258064516129,0.6149672931372029,93,161
77119a108a7588ec,0.946236559139785,0.472489086847281,93,123
77248f92a82b7911,0.6451612903225806,0.34345431446721897,93,55
7732f8bc0e3a9899,0.8064516129032258,0.5321853487578926,93,75
77492230b740ded8,0.1827956989247312,0.40113775535763113,93,1133
774a049b4ada5165,0.6989247311827957,0.4441941276617952,93,108
774b133a58b6076d,0.03225806451612903,-0.15216986019017187,93,89
7753ea1cc6377540,0.6236559139784946,0.44104758945674444,93,46
775485122d2ac285,0.3333333333333333,0.1485871922106326,93,118
77584f8fec7b0038,0.0,,93,84
7775c5cc94d79f3b,0.7849462365591398,0.30075572074840423,93,202
77b97c81ee036f58,0.9247311827956989,0.2752504677967797,93,127
77bc8a2de652def2,0.40860215053763443,0.3796482715845769,93,206
77c9ffd65883c445,0.967741935483871,0.5241001082547636,93,78
77cfb83241f46967,0.8387096774193549,0.6087852962250456,93,89
77d32cbdc7466835,0.8387096774193549,0.47558302142692327,93,101
78087963ba33acdd,0.7741935483870968,0.3555319182214712,93,184
7813d08bf3eeb366,0.8043478260869565,0.4330564437022215,92,14
7814da8091b455a3,0.22580645161290322,0.24121831082848927,93,390
782739da025abce6,0.44086021505376344,0.28573268739139873,93,167
7829114258532b56,0.9354838709677419,0.49792435753795994,93,79
7873666efec020a9,0.0,,93,176
7882c41230acb485,0.8064516129032258,0.4427555034904608,93,403
7885abb1cc4c16cc,0.03225806451612903,-0.039680233237106954,93,239
78953a68bb2e4b4e,0.5,0.12140610012808516,92,93
789b8458bd7ec141,0.0,,93,833
78a4f3026f2e8908,0.7634408602150538,0.5295152477709014,93,134
78a6c28b2ed0c5bd,0.9623655913978495,0.3956255426360437,93,60
78b474971daa756d,0.8602150537634409,0.5882932611933741,93,59
78e96ee561bf15c9,0.8387096774193549,0.49372388986354326,93,311
78e9dfe297ad2926,0.8586956521739131,0.27492021473502937,92,106
78eeec9dca036e3f,0.946236559139785,0.2517836930136498,93,88
78f91cb51ee95ee7,0.12903225806451613,0.05214152253650761,93,217
790452e5043de7bb,0.6451612903225806,0.5479332545219302,93,228
791df82a4efcb16f,0.16129032258064516,0.3422594299110631,93,203
791f1157a2369d90,0.6989247311827957,0.42437310226717084,93,182
792f6de494280c44,0.967741935483871,0.4183604261986758,93,54
79446d5e04465bb7,0.8387096774193549,0.47943465528074464,93,54
7970e8ac67b01090,0.8709677419354839,0.43292816963961556,93,121
798dbc7a7e5593c7,0.9516129032258065,0.34107399962350593,93,55
7994e3e2af66f119,0.0,,93,603
79b20bee80756081,0.7956989247311828,0.5032842526122383,93,167
79bb863cb714edd7,0.9354838709677419,0.4554874705861319,93,73
79bd94b37b4324b3,0.40217391304347827,0.40874721796464697,92,36
79c4debefd72e478,0.8387096774193549,0.4810410688830445,93,84
79cb2098e8aa6b54,0.956989247311828,0.25325208775555663,93,292
79dce6ccafbcc37d,0.2078853046594982,0.11577510084935917,93,351
79e72528cd1f128a,0.6774193548387096,0.10931801542635461,93,207
79e7e11dc19d4f19,0.7741935483870968,0.5816301518383735,93,346
79f8d91ed1fece53,0.5543478260869565,0.38897308380656653,92,11
7a02ff1525935176,0.10752688172043011,0.1953648772292223,93,536
7a0ca10795b55e74,0.6559139784946236,0.4131769009340056,93,132
7a0fe7b48a41c811,0.8064516129032258,0.4555893331217086,93,70
7a36d32cac726a4f,0.15217391304347827,-0.1989717004491786,92,164
7a43328e3f567b73,0.946236559139785,0.3883669692518515,93,233
7a43f28ad297e506,0.946236559139785,0.4850293662912229,93,77
7a441c619617965d,0.40217391304347827,0.1183851994699345,92,420
7a4c4c3e21b8efef,0.8602150537634409,0.5916103291683475,93,106
7a50750b77d98d19,0.9354838709677419,0.5685280202098126,93,270
7a54468cd957d3c9,0.44565217391304346,-0.02860304976657138,92,1708
7a5cb35887389f68,0.8064516129032258,0.5291870647311,93,83
7a5cdd863db3e412,0.6989247311827957,0.2699673619457299,93,250
7a68ec1cafca03a1,0.8602150537634409,0.4752591403479615,93,175
7a6b6c64f7b55755,0.6129032258064516,0.18191766977933937,93,200
7a86f7e58358d388,0.0,,93,221
7ab924748cc90d2f,0.44086021505376344,0.26429769267026065,93,126
7abc4f717338f9f8,0.0,,93,1093
7ac446e4ff9fde19,0.8387096774193549,0.6180345079735322,93,133
7ac4c49b279b18b6,0.967741935483871,0.0887275376208064,93,58
7acc8efb8a2dd2da,0.5806451612903226,0.3708738456650841,93,453
7ad81c9208a3cc50,0.33695652173913043,-0.19957516842810175,92,36
7ae3efa51fc6e888,0.11827956989247312,0.19302249670774876,93,163
7b3ae856cdb08576,0.8494623655913979,0.42605895303093777,93,55
7b58c9e150b4b76f,0.07526881720430108,0.17543451031707943,93,578
7b5e0cdd5dc88a05,0.7096774193548387,0.3968521690746245,93,106
7b88f046cbf0821c,0.989247311827957,0.3005238342352218,93,296
7b952ecf2f108126,0.967741935483871,0.3024791507273245,93,85
7b9ce80a49dcc8e6,0.44565217391304346,0.17992573283915467,92,101
7bac70afc0372fa6,0.8172043010752689,0.42737765737044336,93,204
7bb10356c6775d28,0.06810035842293906,0.19635832605660902,93,423
7bb13e5040842422,0.043010752688172046,-0.005175615791046279,93,208
7bb4020f3d0cbcca,0.9247311827956989,0.5299344694273705,93,81
7bc3a3c106fb6fab,0.8804347826086957,0.3540186865443811,92,55
7bcb11b27376ac27,0.8478260869565217,0.23560652456554104,92,8
7bdeaa70ce649795,0.967741935483871,0.4146770198140788,93,89
7be72509fb1ad1fd,0.8709677419354839,0.254650144842726,93,22
7c3cdde8b8faa5cc,0.9032258064516129,0.5719786738983195,93,52
7c44106bc1d90171,0.0,,93,1016
7c471a1b432219d9,0.9354838709677419,0.45392819502295334,93,112
7c4fd2202e3051e7,0.7419354838709677,0.5718160092285526,93,224
7c56cb939915c2f9,0.7311827956989247,0.6229647712191969,93,406
7c689d7cf58211b2,0.9032258064516129,0.4928755524769078,93,41
7c6aa6e543dbf26b,0.8924731182795699,0.46231905478842056,93,49
7c808e0d5ffff8e1,0.8709677419354839,0.13665038366156268,93,406
7c9b4d37ab4946ca,0.7419354838709677,0.3449972424555095,93,139
7ca6b4362ca8a11d,0.5161290322580645,0.21080384317680653,93,123
7cb7bc46901b2d95,0.9139784946236559,0.5331862914751561,93,175
7cb91c2c82eed814,0.25806451612903225,-0.10476118468064916,93,105
7cd5900fb24200d1,0.010752688172043012,-0.23894721876324918,93,176
7cdaeb4611752282,0.8172043010752689,0.5677553182176553,93,475
7cdf96bbf5112b42,0.956989247311828,0.3416255447415762,93,187
7ce2df88f0afa5bc,0.9516129032258065,0.6037061981947468,93,107
7ce4b504c9ce48dd,0.7391304347826086,0.31700253693498553,92,10
7cec7b9e59242b59,0.9247311827956989,0.46839209603051524,93,120
7cf0ca1b5426f38f,0.09318996415770608,0.2574231901023525,93,845
7d0c7f5344fe9698,0.7096774193548387,0.4979141039221824,93,198
7d328e493df29628,0.7849462365591398,0.44633025489051714,93,207
7d381daec2ad608b,0.8602150537634409,0.41984794367277445,93,235
7d827a600dab6603,0.9032258064516129,0.3880542372191371,93,79
7d8594b9e893b885,0.9565217391304348,0.040148507780056256,92,47
7daa9b17def02c93,0.1827956989247312,0.36932962956105314,93,484
7dcfe045cbd8a533,0.8602150537634409,0.5554506453020441,93,126
7ded392454de5f24,0.3548387096774194,0.3450870568003376,93,194
7df2acc580efdde3,0.7311827956989247,0.46692647140958804,93,184
7e06826945d0f6bc,0.8494623655913979,0.3460563466049068,93,90
7e0e5b5b24894944,0.6195652173913043,0.33638063484209135,92,64
7e1edce1261c9eef,0.6236559139784946,0.44518911064216443,93,197
7e25d10de19924fb,0.946236559139785,0.5912445180068091,93,183
7e27379ff9bf8e90,0.8924731182795699,0.4970453528929966,93,73
7e64719177bdccc3,0.9239130434782609,0.16738182608501756,92,33
7e74ff1420957702,0.967741935483871,0.18976046010583836,93,250
7e78efbb60c311cb,0.8172043010752689,0.6137629005592926,93,116
7e9dd169ca96d219,0.9032258064516129,0.5741842556013191,93,66
7ebed637f7cdd39d,0.9354838709677419,0.40722920378779665,93,206
7edea081823bd03c,0.8387096774193549,0.4301116496536231,93,77
7ef3768c146077e7,0.8387096774193549,0.5010123279223203,93,233
7f00735e7d21c533,0.9247311827956989,0.4754180111174415,93,74
7f0597691c4388ef,0.6236559139784946,0.22932458686328003,93,222
7f28d15c261fb11c,0.8602150537634409,0.35193852564304773,93,156
7f2af28c1616d57a,0.6989247311827957,0.41980777891053644,93,73
7f4104d4fed75d59,0.967741935483871,0.416497596724405,93,80
7f42c50abfa2cf05,0.16304347826086957,0.09179005863798252,92,98
7f45d7aa3735b937,0.6989247311827957,0.29820763166435293,93,57
7f733612abb8618e,0.021505376344086023,0.1774609818566293,93,981
7f78216210dfb85f,0.0,,93,530
7fad4fef28cbc52b,0.7391304347826086,0.1698310900732776,92,53
7fb653200799b352,0.3118279569892473,0.15863464100136818,93,59
7fd2f426110dd7b4,0.07168458781362007,0.2699738383062658,93,808
7fd704deaf468866,0.956989247311828,0.5356798976900027,93,52
7fe4d5e18fa48301,0.17204301075268819,0.2214119048842488,93,59
7ff97295760a3e27,0.9354838709677419,0.4692386674032834,93,56
800af15c56379050,0.7526881720430108,0.496172166734936,93,528
803695f4fa078d73,0.8586956521739131,0.35578021650505426,92,35
8042508358355b29,0.3548387096774194,0.20143585917403783,93,44
805d294f58ae3517,0.8709677419354839,0.6275388462764184,93,102
807a485259e801a0,0.9032258064516129,0.608304430363401,93,81
8088c912adccc52d,0.12903225806451613,0.2903835541569246,93,751
80a39053caaec6c3,0.9354838709677419,0.34484587137552675,93,135
80c8792286032338,0.7526881720430108,0.6049189893988309,93,331
80de5c98ba9a739a,0.8494623655913979,0.6949261454514661,93,96
80e8ce4ebea29c80,0.8279569892473119,0.48608521182193815,93,97
80f568a98c173e93,0.4891304347826087,0.29522452045250436,92,83
80fadada61896dea,0.8709677419354839,0.4897700910217402,93,42
81025dc880e710dd,0.946236559139785,0.26781678601672043,93,34
812459ac62c8febf,0.1326164874551971,0.298557840345775,93,918
813902d9f9704844,0.0,,93,1034
813ca615d0383b11,0.9354838709677419,0.5455898506108966,93,124
81466a6ca4a39d46,0.23655913978494625,0.17318565421724247,93,123
815cc423fe31d0c3,0.8817204301075269,0.5876192213743326,93,117
81624d63f762833e,0.8043478260869565,0.25561182468565175,92,104
81627a805c9cd965,0.11956521739130435,-0.10445520361880997,92,80
816e9354d1057166,0.8064516129032258,0.6627148720621588,93,183
81733c5742c8b3f6,0.4891304347826087,0.2552953584001607,92,100
8176b5d145d8488a,0.035842293906810034,0.1922131961537683,93,1013
8182f77d3d2cee3a,0.9032258064516129,0.6607174194402249,93,409
81921ac4df700110,0.8043478260869565,0.2151652840472218,92,21
819c0d474db5e8e4,0.9247311827956989,0.6006153861175108,93,75
81b79815e6ca125d,0.16129032258064516,0.3713722623363222,93,841
81db783bdeb791d0,0.31521739130434784,0.004463292030408899,92,595
81ed19d2cfd68b95,0.6774193548387096,0.25921908557355056,93,37
8216863779947065,0.03225806451612903,0.10445098911923177,93,609
8219f7b1c362c281,0.6739130434782609,0.20573283310960075,92,48
822c3cd68d8055ee,0.7956989247311828,0.06437199338989108,93,225
823af963a755bcd8,0.6075268817204301,0.3116879908067089,93,27
826480d3d2ef3a65,0.0967741935483871,0.054044894782552484,93,145
8269b8ced6af3f02,0.5161290322580645,0.5824287276324778,93,130
826ae4b6f2c2c8fd,0.956989247311828,0.4336274890349462,93,109
826ba9cdf75fd99a,0.9354838709677419,0.6397632855018577,93,120
8270f4683a99fc4a,0.9139784946236559,0.6751690399303603,93,114
8283505903910358,0.9139784946236559,0.6000969622849766,93,77
829c751b1737d32e,0.16304347826086957,0.15532318505444637,92,146
82a3edaa375e5a76,0.0,,93,230
82b2bc84ee7fa46b,0.7311827956989247,0.30179012699915453,93,62
82b7598c6ccb6750,0.6451612903225806,0.19013672601311668,93,1186
82c0ba5bb4569f9d,0.6559139784946236,0.4919231867144662,93,83
82c15f6ba8f61823,0.44565217391304346,0.1353925981163957,92,32
82ce141ddb9c4247,0.3010752688172043,0.3875560591010608,93,106
82ce998263eaaaeb,0.7419354838709677,0.6210854073194737,93,178
82d5a1a7d5c406df,0.30434782608695654,-0.017821724193069398,92,188
82de9707d69a6c88,0.6881720430107527,0.2353454733516616,93,153
82e9339d2091ca64,0.9032258064516129,0.6139624640220679,93,91
82f421dcf694e335,0.5483870967741935,0.5201306511007144,93,485
830473dfe73dbd77,0.8924731182795699,0.41689510887912073,93,105
830ac082ce38ef17,0.13978494623655913,-0.1888763358637476,93,150
830fbeaa7b5462b9,0.7717391304347826,0.14372713304173793,92,24
831d41215e7979c4,0.17204301075268819,0.307366366559981,93,388
8345ba112e50461f,0.10752688172043011,0.33909641759279974,93,846
834790b502267211,0.8064516129032258,0.5832266869928036,93,124
834f3f3c603b99d8,0.8279569892473119,0.4304360472236986,93,328
83764df81c1e6bb5,0.40860215053763443,0.2580763315932739,93,39
838f24f6b1220aac,0.6021505376344086,0.10481885425583452,93,671
839c0cfefe48ff8b,0.3695652173913043,0.12561247289081443,92,66
83b81d7c4d871021,0.8602150537634409,0.45438720502415053,93,30
83d5923f621b7dad,0.8817204301075269,0.4839218214052996,93,88
83ed9e1ee7643e92,0.8225806451612904,0.47052749634595903,93,77
840ef8b46030170b,0.0,,93,105
841ec6ecb12c4b39,0.7634408602150538,0.5740898433662982,93,57
8423a68e6d5d10a0,0.8279569892473119,0.4966352207595184,93,122
8427e7d293e16c21,0.8387096774193549,0.5801419409177456,93,202
845923a721440a5c,0.06810035842293906,0.2797882228592395,93,771
84765e56100b80a4,0.8369565217391305,0.4035160919205529,92,56
8477dbbd98017d31,0.9139784946236559,0.528553022485866,93,22
847a4d30753d6ef5,0.8387096774193549,0.28902010583140625,93,62
848d21c315518a09,0.8152173913043478,0.302558224716362,92,88
848f27d36c8f0218,0.8817204301075269,0.5226240323774669,93,23
84aebbcaa1468aaf,0.7956989247311828,0.21676471791757396,93,162
84c4c8e2f2766ae1,0.8924731182795699,0.3041633065772606,93,161
84c688c0f70c942d,0.9354838709677419,0.5675658892785947,93,89
84c82ba0dde0bc3f,0.9139784946236559,0.616454661196792,93,143
84ca4705c02d9237,0.7849462365591398,0.40710817667153415,93,351
84d701fb59ef2fd3,0.7526881720430108,0.5444164424055423,93,696
84dc5860b5167c0d,0.11956521739130435,-0.2619435821816497,92,101
84ec62fc8069f0ce,0.3333333333333333,0.27984692047124293,93,71
850072815ded28df,0.6989247311827957,0.5785649802048938,93,52
8500f0ca5feca440,0.5053763440860215,0.45525442728078297,93,133
850f3d029683795b,0.967741935483871,0.2517472209700642,93,62
852adeb484a4466a,0.9354838709677419,0.3979890523022939,93,312
8536d15a190182cb,0.8924731182795699,0.40846308551612387,93,192
8545c0eff2b91fd8,0.9139784946236559,0.6900798064083818,93,83
854b57c2c6c33aa0,0.6451612903225806,0.43784374661606273,93,91
855f8f7b10cb89b6,0.8064516129032258,0.07857726041002228,93,139
85776351087af146,0.8172043010752689,0.42366923481950697,93,108
8584eed7a2de8181,0.17204301075268819,0.372637905478231,93,960
8593e33b3b2458c9,0.7311827956989247,0.27694057792141735,93,240
859699e4017e4172,0.7204301075268817,0.208455715109515,93,68
8597a62299dabea6,0.8387096774193549,0.5617593821748891,93,70
85a056d41b43f5ef,0.7526881720430108,0.5895394848443373,93,139
85b607036d1e9bc4,0.0967741935483871,-0.01955593204163638,93,122
85cabc69645f91e5,0.956989247311828,0.4938634106651407,93,87
85cbc2834957ee7f,0.050179211469534045,0.2080000074786504,93,347
85e0a7ee823da852,0.7634408602150538,0.6418912187629005,93,434
85e19f28cfc7af09,0.0,,93,633
85e4ea5dff5b622c,0.8602150537634409,0.41472993817463305,93,57
85ef80b873781513,0.8817204301075269,0.5310514671911818,93,41
860e30e14e12bc11,0.0,,93,608
860e805e2cd82312,0.9139784946236559,0.21042879727167552,93,281
8619c82380ca31d4,0.010752688172043012,-0.03228342271189196,93,92
8629fb2b5956adb4,0.0967741935483871,0.2698627331289884,93,496
863028e8d65c2474,0.8817204301075269,0.4884314579585037,93,93
8637b6a98e0e5fe4,0.978494623655914,0.24534639462393112,93,188
86466461440e5f74,0.946236559139785,0.43283019681464996,93,72
864d7633f9599ddc,0.8369565217391305,0.3538185816609559,92,55
8660d623ffd1abf0,0.07885304659498207,0.288056618580218,93,1397
8695e15310d3d9a7,0.12544802867383512,0.32392471106949705,93,512
8699ada9f2e56e90,0.25,0.19305164074598566,92,113
86a3f6361a8b376f,0.4731182795698925,0.3884315278610441,93,407
86d75cbab5d12d23,0.6666666666666666,0.4589588632108211,93,74
86df602148cbfd0a,0.946236559139785,0.39725805993981034,93,84
871e24f50e019d55,0.7391304347826086,0.24371195259809203,92,51
87215764072cae22,0.6774193548387096,0.15243971111771562,93,97
87245ab190a5a5b9,0.8494623655913979,0.42801636516396446,93,390
8760ed364b8b6f1b,0.6075268817204301,0.3372691604043585,93,144
8764daa306acea25,0.8924731182795699,0.3068614268651661,93,60
8766455398151661,0.946236559139785,0.32426156640629766,93,75
8789184055ab236d,0.8817204301075269,0.4002710974510641,93,66
87988f58d59179a5,0.43478260869565216,0.10452898653103253,92,27
879b78e703d83b60,0.34782608695652173,0.11688984234726126,92,107
87b9293acbd71c03,0.5652173913043478,0.33043630006978675,92,34
87c490f8d51cde92,0.946236559139785,0.5802203347879278,93,136
87dc11d81ecbcb00,0.6021505376344086,0.2939803914143121,93,300
87ec0421bc42d4e7,0.9247311827956989,0.4686033392006235,93,74
87ed199340bbe807,0.7526881720430108,0.3857923711751133,93,39
87fb302b5d9b9495,0.8064516129032258,0.6508257947423861,93,189
880bcac26fa34733,0.9354838709677419,0.43336829523010334,93,84
880d8bb2f7696757,0.11827956989247312,-0.08651819378363118,93,143
881f1a4dfa7a88b3,0.6129032258064516,0.5755595523377256,93,131
882ad2dc7345d286,0.9239130434782609,0.20671430536643448,92,12
8834029435a0c6a0,0.7096774193548387,0.34290765552947416,93,62
88476b791461bdd6,0.8913043478260869,0.32508846693924764,92,21
884f3d18eedfeb91,0.6739130434782609,0.44839809775907435,92,89
8853f37cbd995972,0.8279569892473119,0.4464119071727765,93,349
886dae362a52fb03,0.16129032258064516,0.31746329591211137,93,565
8877d0047d48bf4e,0.9032258064516129,0.314557467570707,93,116
887d3613be62210b,0.18478260869565216,-0.4432142829238102,92,971
88801d420684c41a,0.5806451612903226,0.4547243820763362,93,521
88833f1bfaee5ca8,0.956989247311828,0.4665498849389153,93,85
88843955acf8edae,0.9247311827956989,0.40605007716988195,93,47
889a5db79765fdb9,0.8817204301075269,0.38822049924479207,93,53
88abc72113dff930,0.21739130434782608,0.12678641598638773,92,72
88c22b0316a4267e,0.0,,93,236
88c32e2f2daf4944,0.0035842293906810036,0.13071404268584783,93,328
88cc51bae5725eb4,0.17204301075268819,0.3554121236501129,93,1096
88e139c99bee56b9,0.0,,93,303
88ece680841d3d28,0.1956521739130435,-0.09981988074500388,92,462
88ed52bd7d8932ae,0.8064516129032258,0.40909877360431196,93,37
88f0b7ee4bef98d1,0.8709677419354839,0.3818170765425149,93,280
88fa5bbe09ac72a0,0.8602150537634409,0.6273559837872524,93,57
892d8f4f464172aa,0.10752688172043011,0.2844685422867688,93,865
8932fb453069917f,0.9516129032258065,0.5274511526674337,93,94
89410bd0093cdb5e,0.8709677419354839,0.08035998226919726,93,124
89465fc87d05c344,0.8817204301075269,0.3246557823311341,93,32
89739e707c11461d,0.8172043010752689,0.5101806284618318,93,276
897cbe185256ffa5,0.7311827956989247,0.2932110440831498,93,69
898df037d100aecd,0.9139784946236559,0.5478755870667306,93,112
89a06534df5e7242,0.4516129032258064,0.4046043484319902,93,243
89a41816ab7d9f98,0.8709677419354839,0.479962633579776,93,46
89b3756084cf5c0e,0.8602150537634409,0.5338890805271157,93,78
89b425f11dc00a00,0.5376344086021505,0.602744328228782,93,742
89bcc76f32c93fd4,0.8602150537634409,0.5036922550514846,93,98
89d15e5f6a9869a8,0.010752688172043012,0.11147957101609682,93,878
8a0b728fd673db85,0.6666666666666666,0.5327164312946779,93,478
8a1bcaf495630a99,0.8387096774193549,0.6812488800821282,93,69
8a237f504cb034f4,0.5268817204301075,0.23670948943262668,93,108
8a49f8cc533e94f9,0.10869565217391304,-0.25585050201804155,92,399
8a5c5ab461bcbf58,1.0,,93,291
8a5e0096fb34fed9,0.5652173913043478,0.347237732323504,92,48
8a6b07880dbc49d6,0.8279569892473119,0.45364750461029124,93,55
8a75981483ef7695,0.7956989247311828,0.5437631595404396,93,427
8a87befc1a0d103c,0.8709677419354839,0.42813935610681697,93,116
8ac6915fcd7d07a1,0.6413043478260869,0.17438573123773396,92,23
8ac88d805fe63833,0.6129032258064516,0.4728487950694941,93,356
8ad5b624c1d25723,0.8817204301075269,0.3830490312264855,93,101
8af0a2c8c928a4b5,0.6774193548387096,0.3811706044592534,93,128
8af58c12b9980a91,0.7096774193548387,0.5780185285375503,93,328
8b01e383f8c6c14d,0.946236559139785,0.5133001783990011,93,96
8b08718be728528d,0.7634408602150538,0.4083141194956721,93,177
8b09f7f0c41467f5,0.9139784946236559,0.516144060936215,93,77
8b16c81296140cfe,0.8924731182795699,0.6197783357430935,93,79
8b17264d30847923,0.17204301075268819,0.30613156938800934,93,559
8b2ce78491c92513,0.9086021505376344,0.3560263919682046,93,27
8b2dcb6b7f086cc3,0.946236559139785,0.44703517355750144,93,76
8b3451b7bd72fbb2,0.6666666666666666,0.48245559565307583,93,166
8b3d9481e3452b4e,0.4782608695652174,0.36663326373612243,92,51
8b43c43fb859114e,0.9139784946236559,0.6129822671267903,93,65
8b4c1da34f7200b9,0.956989247311828,0.3298458015396862,93,178
8b79d900fb1d4980,0.946236559139785,0.550203039283634,93,342
8b89e538293df067,0.946236559139785,0.3742226373231786,93,98
8b8f2cf8b6d75a4f,0.8924731182795699,0.4277888385746373,93,40
8b975a61d19cff78,0.8913043478260869,0.4961520960824028,92,24
8b98124b5ede86fa,0.8494623655913979,0.23339127062748,93,45
8b99c15c3fb9d5d9,0.9247311827956989,0.4975764698863194,93,102
8bad13079956c34a,0.967741935483871,0.38728679523712695,93,322
8bd5832b05dc8d27,0.43478260869565216,0.4327623107042457,92,59
8bd5e2511135d9ed,0.978494623655914,0.39994618084992467,93,227
8bef626493306bbf,0.9354838709677419,0.4215988492336058,93,179
8c1777ce80f74897,0.8172043010752689,0.23559520213094237,93,198
8c28c1d496ba6374,0.13043478260869565,-0.1499326539090552,92,77
8c345a6650ca293e,0.0,,93,854
8c56c2275f15f75f,0.6666666666666666,0.3567801550942042,93,237
8c709d62ad7d071b,0.9456521739130435,0.15266062546367176,92,24
8c8bde260af19a1b,0.10752688172043011,0.2262576209619096,93,1078
8c91c865650c9261,0.7849462365591398,0.47635075023741047,93,280
8c99646cef88b870,0.0,,93,303
8c9b8e9519af06b4,0.9354838709677419,0.43258179908394495,93,370
8cc981bc61fba6ea,0.010752688172043012,0.09182788749515315,93,301
8ccffafc40fa7a71,0.07065217391304347,-0.34808589223630776,92,44
8cd17cdf623139e9,0.9247311827956989,0.4923751062733058,93,149
8cf44b3ee51d67d2,0.6989247311827957,0.346732656182886,93,203
8d129c25d3b75e1f,0.5591397849462365,0.5190241352537244,93,411
8d19a760c7b33af8,0.7849462365591398,0.3833585703568008,93,102
8d19b056804bded2,0.8494623655913979,0.5058244760370295,93,66
8d1b9cd770aa67ba,0.5652173913043478,0.3288610901457179,92,366
8d20f709d639a17b,0.8924731182795699,0.4333384860351369,93,31
8d2c4281b1072bc3,0.7608695652173914,0.1901952942671811,92,24
8d31a0f180c0e62d,0.782608695652174,0.3800626153452334,92,1038
8d46b2087755e258,0.7608695652173914,0.3333262403372939,92,36
8d5d52f52e94ae24,0.043010752688172046,0.014496953988016975,93,79
8d74c2fc4734cb1e,0.5806451612903226,0.1384908067788047,93,25
8d7748ec8f1de793,0.8172043010752689,0.16426507514593108,93,201
8d7cea1093f61b0a,0.946236559139785,0.5330425278475859,93,99
8d7cf2f04f311f3d,0.7956989247311828,0.24310866079128685,93,187
8d8f53b11682401d,0.9247311827956989,0.4861676356547531,93,139
8d95505ac854c646,0.02867383512544803,0.17616471138732323,93,171
8d9c77e8d8c2ed21,0.021505376344086023,0.14945531165466028,93,667
8da6dd29ec89e6ac,0.7096774193548387,0.469993282446756,93,747
8da8ebfdd8f0843f,0.5978260869565217,0.21186064426271725,92,29
8dbd80070bd1c1bc,0.9021739130434783,0.41538059170782937,92,27
8dcfbf18aebe6eec,0.0,,93,806
8ddb84f4c3b8e166,0.7956989247311828,0.5646848042097451,93,150
8de44b5a3df0bc46,0.8804347826086957,0.3103397755106168,92,39
8ded725d05e75bb8,0.7204301075268817,0.40598309672390287,93,464
8dfd0474ca85d06a,0.6304347826086957,0.392287158887115,92,11
8e0f5404210b59f7,0.9139784946236559,0.4592356131714191,93,126
8e449064e63e7be0,0.7526881720430108,0.5084365662119739,93,105
8e56fd1af4c84b31,0.6021505376344086,0.2507744354102251,93,232
8e5b2c8ca88cea7a,0.8602150537634409,0.1420150325203667,93,163
8e6b258917e25c70,0.956989247311828,0.47387193536062544,93,278
8e7418963cf19de1,0.5268817204301075,0.42108119602625793,93,108
8e94896553c53bba,0.8924731182795699,0.4377572179417112,93,141
8e9e0073cd46056a,0.16129032258064516,-0.10343341863438608,93,81
8eaa8cdedc80f30b,0.9247311827956989,0.6731317275734208,93,80
8eacdd0d06c3c4d6,0.9247311827956989,0.634319315785504,93,160
8ed5764a3d4bd043,0.6559139784946236,0.38541926306550256,93,185
8ee2279a833271ba,0.9247311827956989,0.49846683528516683,93,172
8ef3356e82a6efc9,0.9139784946236559,0.41587585998990234,93,109
8f01e6287a56cf3a,0.5698924731182796,0.2999060921379942,93,312
8f024afd7059f748,0.8064516129032258,0.5016893880044861,93,620
8f0a097f2f162948,0.9139784946236559,0.4386022263003472,93,60
8f0f3937eddc4dc3,0.9139784946236559,0.030215415443392464,93,133
8f372ac21d1e8187,0.9354838709677419,0.5818265649653838,93,152
8f41eda7373d0278,0.956989247311828,0.4411108661300556,93,156
8f4dddf25559b628,0.946236559139785,0.4627744405537445,93,223
8f51b20727578163,0.0,,93,1025
8f5f5f5b40263013,0.9032258064516129,0.19283857126458107,93,139
8f61939dc7784ac5,0.967741935483871,0.4860414047024355,93,67
8f709498128de7d7,0.9139784946236559,0.44292173540148627,93,83
8f827506daa94e31,0.8804347826086957,0.38577565974127737,92,29
8fbf8da6adc50094,0.7096774193548387,0.3242233904019596,93,207
8ff118211c6e60eb,0.17391304347826086,-0.19999549572819356,92,81
906ca5308a729f2a,0.7741935483870968,0.305121601110182,93,77
906de49d3c16b076,0.8858695652173914,0.3941115777122546,92,9
9083fba0ae6bef49,0.3225806451612903,0.46711639225958246,93,589
9092d8a0d17d1cee,0.9247311827956989,0.45784179334332453,93,79
9095758ade2347a6,0.8387096774193549,0.4565241620876493,93,37
90acd06e39d1f406,0.0,,93,256
90d160c22c31b6d6,0.5698924731182796,0.5384921505387019,93,680
90d2dc6c2360e847,0.8709677419354839,0.3659316100387228,93,95
90d7e804f834a194,0.46236559139784944,0.19957840987952544,93,109
90de1d3a880dc204,0.956989247311828,0.518660026827488,93,88
90e48121615e85d3,0.6666666666666666,0.42589239663292494,93,70
90f10f26ff4dc362,0.5483870967741935,0.24929518254703661,93,107
91197e1012557040,0.9247311827956989,0.5889723831004757,93,253
912d6db9fc73cc60,0.8064516129032258,0.36445535061109846,93,55
912ed45ddacfc867,0.9032258064516129,0.3860999938667735,93,111
91336d7a8640ea02,0.7634408602150538,0.5588460275973164,93,65
913df04a36de0d78,0.9354838709677419,0.3593706435958639,93,64
91510979b9543ece,0.8924731182795699,0.24009902957023702,93,141
918ab0b57c745b65,0.946236559139785,0.5062957801277649,93,72
919da42c40700231,0.8817204301075269,0.4433769384974278,93,71
91c52f2f35e2436d,0.8064516129032258,0.46333849785181513,93,437
91ce79b3319b5d23,0.9247311827956989,0.4301633704096792,93,95
91e0312f8d6201a7,0.5376344086021505,0.3121959375921755,93,716
91ec17212a7c3187,0.967741935483871,0.3191693047128032,93,277
921af3715be40868,0.967741935483871,0.39996657450174505,93,63
9240d8ac6156e8b2,0.5806451612903226,0.43094852703445513,93,21
9241b5f85fe02017,0.06451612903225806,0.1998100428019353,93,1027
924358daac4d06c5,0.0,,93,672
92477f64aa5450bc,0.46236559139784944,0.43316140364111877,93,370
9272beb2f4a89b7e,0.9032258064516129,0.6435801185798372,93,62
9278e87204d7c819,0.6413043478260869,0.27603782332575927,92,27
929671276572c74a,0.9139784946236559,0.6282733860134835,93,86
92aceab229f07ef4,0.14130434782608695,-0.2637859189978669,92,15
92bd8b3b8b0f760a,0.956989247311828,0.37787941311121565,93,110
92c0bae4f0e596ed,0.45161290322580644,0.4803493788595457,93,372
92c8604af9d7e203,0.26881720430107525,-0.0470002086484462,93,361
92ed7e1186114feb,0.1827956989247312,0.29822718521677394,93,728
92ee690d8bede7df,0.6086956521739131,0.23396233913836764,92,13
9303a59c4e668ac6,0.13978494623655913,-0.03965294176607024,93,155
9304e3f3218aa18a,0.15053763440860216,0.25377664216458634,93,511
930d75b733b2d88a,0.8387096774193549,0.4097090222820066,93,319
933ac8ef14ad85f3,0.8172043010752689,0.46552342503874294,93,191
933d9507c97d6444,0.8602150537634409,0.42331840380271807,93,72
9346df0642af5acb,0.8817204301075269,0.43540863320914747,93,138
9347e71788cfc629,0.27956989247311825,0.3105119153715631,93,158
93502d8c20ba9674,0.5806451612903226,0.38146113029315354,93,38
9362b5fe4f8c88f0,0.46236559139784944,0.4820278561578329,93,1422
9370f0e2f26a37f7,0.8709677419354839,0.5742939961051898,93,181
93966746a8eeb5ae,0.7741935483870968,0.316782134551746,93,288
939b0d0dde274a56,0.946236559139785,0.43988719512021707,93,33
93b06ed3e7464d3c,0.9354838709677419,0.6069490709230038,93,104
93cbcd57850ca348,0.8817204301075269,0.5365627873791896,93,204
93da79d1eb3dd975,0.7096774193548387,0.4315824938665137,93,696
93dc07b6541cae27,0.8172043010752689,0.4283127999133692,93,85
93ddc9c3ae076a4f,0.5913978494623656,-0.04950652515024667,93,100
93e86ada2a148206,0.9354838709677419,0.49445634635846647,93,37
93ed31df2a186710,0.7634408602150538,0.4631544372002451,93,145
93fdd0671bd6547f,0.8602150537634409,0.48256634791747505,93,168
940147ff843c185a,0.9139784946236559,0.15978744702188358,93,83
9402e7cc40917298,0.967741935483871,0.22360153619888415,93,19
942a7dea35f4950e,0.9139784946236559,0.5599105738335057,93,45
9434bca8b11cf9d9,0.0,,93,478
94490bee547239fe,0.7311827956989247,0.529628348809272,93,869
94514810b057aef3,0.7741935483870968,0.565702198599125,93,217
94521dfb4a5443ce,0.0,,93,1389
945fba728dbe7898,0.8924731182795699,0.3522098965871989,93,39
94722700215b0ce9,0.5543478260869565,0.24147189843226144,92,28
94a793c9768619bd,0.8695652173913043,0.2242133555750556,92,186
94bd2495da6e20ee,0.8804347826086957,0.21294487009723573,92,13
94e4413dd090a44b,0.8279569892473119,0.5113767443606502,93,134
94efc7a1702d514c,0.9565217391304348,0.18326179332983503,92,25
951baf989045ae69,0.02867383512544803,0.22077838500177627,93,603
951c553158d9fd84,0.6739130434782609,0.2817338708752081,92,9
951e45f7ef6338e8,0.7934782608695652,0.46495658587532906,92,56
953fce3b29724320,0.7634408602150538,0.45509347950979984,93,126
95431a20cb631a8d,0.967391304347826,0.23588549560565017,92,28
95473ac42f73f8a9,0.956989247311828,0.5139061629798913,93,148
95580f07a0a75996,0.07608695652173914,-0.17607954213129604,92,68
9558b50d4ebb87a2,0.7065217391304348,0.24421213647162057,92,545
9573e8befa13ca7a,0.3695652173913043,0.30301392026974405,92,71
957d1694f0f25424,0.7956989247311828,0.5690108561002316,93,154
9580bd4f99b79595,0.7204301075268817,0.41560895228222067,93,414
95831e458ff5b487,0.0,,93,1365
9597415939ae2454,0.7419354838709677,0.5899985456038047,93,125
95a174347f3d2642,0.8709677419354839,0.3987819221532857,93,55
95ad7facff59bf44,0.8655913978494624,0.5514219137295252,93,72
95b0baa3f596f7a2,0.8709677419354839,0.6389395206847797,93,137
95b4a6cfeb7ead63,0.967741935483871,0.4146770198140788,93,83
95c1be7c4aa772d3,0.956989247311828,0.45557515672662013,93,75
95c3f0b4c98c6ddb,0.7849462365591398,0.39084198044320306,93,64
95d1acd5fa4388e7,0.07526881720430108,0.14278915456292252,93,112
95eaa6c27573b7c5,0.978494623655914,0.39994618084992467,93,106
95f966333a78ab62,0.14130434782608695,-0.25861176683218823,92,253
9613966f44abac79,0.8064516129032258,0.5249038143329846,93,517
9621b1efd16c2ab4,0.8924731182795699,0.29753384200151745,93,62
96430962f8c29fa7,0.5869565217391305,0.2998212050807477,92,64
96469aa6e6892396,0.978494623655914,0.39994618084992467,93,359
9646f386bf986077,0.017921146953405017,0.1544485773972133,93,537
964b257ee9b7eac8,0.0,,93,1090
9652651fa87df8c4,0.22580645161290322,-0.055204515593476555,93,42
96820eabfe86418c,0.7634408602150538,0.5558633597991365,93,488
9691bf0f91ff3e13,0.9354838709677419,0.5750787079933006,93,58
96b4d298dafd618f,0.956989247311828,0.4411108661300556,93,112
96b895a49eb9a139,0.010752688172043012,0.035001957813088465,93,462
96dfc05ae4e54944,0.6451612903225806,0.32044395974416756,93,350
96e32fbf5a217b68,0.8172043010752689,0.42827331959467885,93,220
96e5b0b9db1d7c8b,0.8709677419354839,0.48255038042395754,93,86
96fbc7832d10852e,0.6774193548387096,0.3500426692309598,93,244
9753194b92f67421,0.7311827956989247,0.5192734669041909,93,232
976d2ea357060a38,0.010752688172043012,0.13071404268584752,93,1116
9777c3174d796a65,0.9032258064516129,0.5056302591958731,93,52
977acc92e993a7f9,0.967741935483871,0.3602993393137001,93,59
978f47e5318ba229,0.6451612903225806,0.48041213048149883,93,596
97960ccf728f6f3f,0.11827956989247312,0.1407714697608802,93,90
97be73584b950193,0.5698924731182796,0.3748827088258391,93,54
97c086c640d2667f,0.9354838709677419,0.6419429792753142,93,89
97d41b4a69ce2169,0.978494623655914,0.21247575658137494,93,176
97e0529b58c8713d,0.6739130434782609,0.45689391287248554,92,38
9814d5b1fee2347d,0.9139784946236559,0.4943688430166369,93,114
9827046c5a40cd7a,0.017921146953405017,0.15992724157387547,93,569
9836ca1ed0ee8a1c,0.0,,93,604
983adfa498c6293f,0.956989247311828,0.5077414227543116,93,151
9859dbd37d706721,0.9139784946236559,0.6398189021596924,93,56
987115ce2417ff23,0.8172043010752689,0.34769430212916447,93,189
987d84457cd0b0e5,0.9139784946236559,0.5336210957093659,93,76
98836567386b821e,0.6847826086956522,0.16853112171830592,92,364
98c9267201c37d4a,0.5483870967741935,0.19248725591051805,93,357
98d2409414fa18c6,0.7419354838709677,0.4517531669283452,93,89
98e20c05997c9b05,0.11956521739130435,-0.06965990630636897,92,262
98e8c939a0ddd5af,0.44565217391304346,-0.022771283920777645,92,23
98eea567486a34a8,0.7419354838709677,0.49864930718930567,93,478
98f5e110f7194ad8,0.06810035842293906,0.3682375724813925,93,848
9908c3511c52e140,0.8494623655913979,0.3674721534465553,93,204
9925bc1457a67bad,0.8924731182795699,0.34867813539573406,93,39
99457eecc3c50abf,0.9032258064516129,0.40613861605518853,93,78
994d756a160c39f5,0.3763440860215054,0.22906193180132073,93,86
99529f97599556a1,0.9032258064516129,0.5530579228624425,93,84
995c5a5c34829058,0.8548387096774194,0.5485612170581119,93,95
9961dbc408505b3a,0.8064516129032258,0.13196786027264873,93,741
996bd9f7f55abe80,0.5806451612903226,0.151370426571286,93,305
997477fcdd4106fb,0.06451612903225806,0.07449725892849356,93,62
999f3e66d3286379,0.9247311827956989,0.5365340335703479,93,147
99a85cfd38da3c99,0.010752688172043012,0.021479099630671496,93,85
99bd8be028a032b0,0.17391304347826086,0.03160582705759127,92,61
99c6f8f71ca195e0,0.946236559139785,0.523671968280689,93,320
9a1dc90e7e4c684e,0.1541218637992831,0.40743217960979716,93,453
9a33c54ef6e41754,0.9247311827956989,0.44948612706372504,93,120
9a344232d2281997,0.7526881720430108,0.454530957355817,93,261
9a358eb6de580f58,0.8043478260869565,0.4295743315548536,92,44
9a3cfa7c79964925,0.9354838709677419,0.4653657665164927,93,283
9a44121aeb3541f3,0.9032258064516129,0.5741842556013191,93,65
9a60b5c2cfe87fad,0.7634408602150538,0.36753465952497755,93,107
9a84ad19924f7551,0.946236559139785,0.436202915800707,93,90
9a863e2b3efa1502,0.9139784946236559,0.255186448518883,93,39
9abea4772e56b77f,0.5806451612903226,0.45720688727498693,93,1017
9abea85ea677b02a,0.978494623655914,0.38724530063237655,93,397
9ac8de6dfbbe3e00,0.8387096774193549,0.562817059174052,93,107
9ad22e8ce69866e7,0.0,,93,43
9ae7add643bba4b6,0.5913978494623656,0.2961968604673072,93,61
9b3adee4d1a34ef7,0.7634408602150538,0.05877972521493914,93,62
9b3b993b029f0bbf,0.8924731182795699,0.6945630875103949,93,140
9b3c2933b7de50c3,0.9032258064516129,0.5420708129913381,93,124
9b573fe8f6d418d4,0.946236559139785,0.47149245354954605,93,65
9b586748ff09cd70,0.6021505376344086,0.058680629045383514,93,86
9b62dc281c376e57,0.956989247311828,0.39713103441090314,93,177
9b8d2afdcb6617d7,0.053763440860215055,0.240773188960887,93,640
9b91f675e2ac5156,0.7311827956989247,0.286841933425234,93,68
9ba324c09f8e23ec,0.43010752688172044,0.38822272334748953,93,151
9baa6c70ffd1d671,0.9139784946236559,0.5310529465329616,93,48
9bac0b5767a69b7a,0.3695652173913043,-0.19115341660343718,92,30
9bcfae69bde33c67,0.0,,93,1385
9bddb11cd5db3cc0,0.9139784946236559,0.6565775700789875,93,100
9beff0647a7da840,0.1218637992831541,0.3621091744634073,93,487
9bfc677866cd653f,0.0,,93,621
9c08cc818dae2d9b,0.6881720430107527,0.450519356712529,93,742
9c2c6abd0a409dd0,0.9247311827956989,0.4871022147403676,93,60
9c308a4e3ab7972c,0.6847826086956522,0.3433611812200043,92,86
9c3109432cc2dd95,0.6774193548387096,0.23491863504728414,93,209
9c428e3ce9353634,0.9032258064516129,0.584016144271965,93,127
9c42ea001221f169,0.8709677419354839,0.5935139445285582,93,126
9c7fea786b9c889e,0.23655913978494625,0.02579783992514633,93,184
9ca4acc34632dd07,0.7634408602150538,0.5015984894307638,93,188
9cbd6cd20b319e0e,0.7956989247311828,0.5592502478653764,93,354
9ccd6127022b6956,0.0,,93,614
9cda7d7e67db12a6,0.7419354838709677,0.43626469069534857,93,107
9cda827308c13278,0.4731182795698925,0.2453278162652551,93,149
9d10832c0a614442,0.6451612903225806,0.5219519671262002,93,355
9d1158dbd93049fa,0.9354838709677419,0.6498030167828514,93,71
9d17af29891bfc7b,0.6881720430107527,0.2633328560225184,93,387
9d2bdda1598d68d0,0.8924731182795699,0.4527704107719602,93,62
9d314c8f0b115237,0.7849462365591398,0.23896959646707894,93,146
9d3eb14c769af67f,0.7096774193548387,0.6102472283145038,93,154
9d4c0b4c7be1e1da,0.27956989247311825,0.1760076574541971,93,105
9d59e5d8c33bccf8,0.4946236559139785,0.34306764690728636,93,57
9d67e90385c7ccf1,0.053763440860215055,0.11702763015983444,93,1038
9d7f90f78b4a6ba0,0.7204301075268817,0.3183303372568583,93,41
9d8fa35eff55db52,0.9139784946236559,0.5133534251140985,93,249
9d95f32fb7be4078,0.7634408602150538,0.5097548753706935,93,113
9d9a5ef1cfa61db7,0.09782608695652174,-0.09295891962332042,92,20
9e2d1dc101a570cd,0.8924731182795699,0.2661788693791824,93,209
9e3727fd4c7e3325,0.7849462365591398,0.3544403974668795,93,446
9e422ed1a5643bee,0.0,,93,80
9ea1dd075680ac9a,0.0967741935483871,-0.10097884636634819,93,69
9ed4cd65b18dea1b,0.6559139784946236,0.34312415155868536,93,334
9ed76d94cae8b1c2,0.10869565217391304,-0.28418146103632497,92,107
9ee054d3acb530cc,0.9032258064516129,0.5573476255492271,93,49
9ee9f40774664830,0.6086956521739131,0.3062742535500258,92,99
9efdc5a03b108ede,0.9354838709677419,0.3374497406816836,93,74
9f0bed9b58057870,0.41304347826086957,0.2219441855421755,92,88
9f196b81e202fbe8,0.043010752688172046,-0.23915797969467895,93,49
9f1fe89cc51225a6,0.7096774193548387,0.3987167952490877,93,34
9f20a8fdb66ad391,0.4731182795698925,0.3582479858028183,93,61
9f293b32c8617a3e,0.8064516129032258,0.4634499925340665,93,219
9f5425a341abc144,0.7419354838709677,0.34233067949116947,93,721
9f86ae3bc9c89931,0.9193548387096774,0.6005835531607752,93,162
9f95dcecf4d651a1,0.6129032258064516,0.03911347890740652,93,215
9f9d73b49601054e,0.8494623655913979,0.11075279202257053,93,113
9fa4408e800669ac,0.8494623655913979,0.3555197734210123,93,152
9fab1f9050665764,0.5645161290322581,0.36782925651059506,93,98
9fc688a97b0a2edb,0.956989247311828,0.2703410457830165,93,19
9fc8fa428a2a22ca,0.8064516129032258,0.569790287435037,93,75
9fe97c14a80a01b4,0.7065217391304348,0.3839000540473392,92,94
9ffba52cfea12635,0.8064516129032258,0.5364190848443925,93,51
a013cbe34b5f5cef,0.8064516129032258,0.39713323778921766,93,57
a021bd3ce6480c4f,0.8817204301075269,0.4190195820571146,93,88
a027dae33a1638e5,0.7526881720430108,0.34035194641531435,93,123
a0308b7ff4258d43,0.3870967741935484,0.4349002191183132,93,1015
a03ac46a5db3907b,0.9139784946236559,0.4358689069825278,93,83
a050122ea254a15b,0.6881720430107527,0.36951160106852127,93,55
a05e63b40eb408b8,0.8913043478260869,0.18020485220380852,92,130
a0653eefe8c88a68,0.946236559139785,0.5405353591810192,93,62
a076bab07577d378,0.0,,93,200
a089cf0beb3ed971,0.6559139784946236,-0.16364620367380087,93,84
a089ee8cd5e7be41,0.8817204301075269,0.5572834955038211,93,82
a0a36da767efc698,0.7741935483870968,0.4740208794610172,93,157
a0a411c203dc0f7a,0.6666666666666666,0.4206186703400263,93,627
a0aa82065e1eaebe,0.8494623655913979,0.4025987609272515,93,21
a0ad6f07dd924e3f,0.7741935483870968,0.5080465259628593,93,118
a0b15cee6428f999,0.34408602150537637,0.30805123678743435,93,115
a0b361b11ef58c8c,0.44086021505376344,0.4399449278596242,93,65
a0d0024a2de1ae56,0.9139784946236559,0.38545984265176303,93,66
a0f3bc9efdaab695,0.7608695652173914,0.41210770297403193,92,26
a0f9ab20c2d6fee5,0.8602150537634409,0.3825866071171373,93,522
a100d9921942465e,0.25806451612903225,0.38669434263451663,93,190
a142f74f15130267,0.946236559139785,0.4128164343149007,93,124
a14f644ba08a30c2,0.5376344086021505,0.38405163016056393,93,87
a151a8689b85b1da,0.8695652173913043,0.3292974309129486,92,21
a159258d55879de4,0.6195652173913043,0.2795895933457158,92,76
a168b669ee7c4520,0.9139784946236559,0.49859645906906386,93,44
a16a68031d9edb87,0.967741935483871,0.39996657450174505,93,128
a172bc83ce6e6832,0.8152173913043478,0.30311599157819835,92,10
a193be0f4049a1c0,0.1326164874551971,0.41618433652498144,93,725
a19821cbdfb29cad,0.3118279569892473,0.2610177002206509,93,85
a1a3069f4b995403,0.8478260869565217,0.36711634948955374,92,29
a1b05855924f24e7,0.6021505376344086,0.11867867671757253,93,76
a1dfb8334b1ad8ac,0.4838709677419355,0.4540572391016082,93,155
a204a0494a74c82d,0.0,,93,953
a21ea35234e13c25,0.7526881720430108,0.5785649216726111,93,708
a23d4c50f85697a5,0.8064516129032258,0.41163812063005284,93,331
a23e10f3e87b801f,0.7634408602150538,0.39544154678815296,93,154
a2551abae1a3a3e5,0.0,,93,970
a25a3dc10ffe6cb2,0.7204301075268817,0.26373257109131376,93,153
a26653475fd91ce7,0.9139784946236559,0.4001224521719819,93,328
a275cacf6cfd5115,0.8064516129032258,0.5178510867667887,93,62
a27f2c2b935b3f4b,0.09318996415770611,0.3037658191304421,93,837
a29e2786dd9c0402,0.8709677419354839,0.24217014287612834,93,63
a2ab96a897f9f149,0.010752688172043012,-0.008315020748265473,93,641
a2aca1f13c9b8361,0.9139784946236559,0.0804006372541501,93,115
a2b098cb8d3d5d27,0.3978494623655914,0.48111552219825016,93,291
a2b668a86aafbef3,0.6666666666666666,0.11320538176403751,93,221
a2b79a771f5cb770,0.15412186379928314,0.43916365679169356,93,1290
a2c3e4c04ef18fdf,0.0,,93,519
a2d020e4436fa574,0.5483870967741935,0.4067743316319609,93,107
a2eb352301d85c03,0.7934782608695652,0.4134860371211344,92,25
a2f00f8d70569a0b,0.9139784946236559,0.5935906762181701,93,232
a2f3eb33e72ba1fa,0.8924731182795699,0.42906027483493686,93,51
a307dc741ea80849,0.6086956521739131,0.38536291982126464,92,83
a32163900973bd1e,0.4838709677419355,0.31013618184383956,93,87
a327f534f3ef4ae1,0.07526881720430108,0.1916209117862786,93,563
a33d3c316c374a09,0.0,,93,172
a343928fbef5f315,0.0967741935483871,-0.019991492459615158,93,87
a34b1b49fbcc6410,0.946236559139785,0.35121387740547166,93,76
a36516857f4f034e,0.956989247311828,0.4175967794712182,93,41
a387434e8972331a,0.8709677419354839,0.3904270051610297,93,46
a38bf0f2ee8b0ec2,0.7849462365591398,0.4186784405374743,93,99
a3a211b25c28bc69,0.9247311827956989,0.3248953638460972,93,116
a3aec78cbb59bf6d,0.2150537634408602,0.4016229220744557,93,1042
a3bdd26999f2035f,0.22580645161290322,0.12291279722554749,93,68
a3eb63cd488539f3,0.34782608695652173,0.043566627579398276,92,220
a3eec981a192b9fe,0.8924731182795699,0.45363215285955344,93,117
a3f559d33aaed055,0.5591397849462365,0.1407287803932878,93,69
a3fbb70c8942f911,0.946236559139785,0.45530980425825457,93,45
a40a148ad7a2e8a6,0.6559139784946236,0.5901605974419457,93,140
a4394b504e5b0d49,0.9139784946236559,0.494008550238013,93,64
a46add4535f62349,0.7956989247311828,0.6143366572853723,93,87
a47364e74f523c27,0.5376344086021505,0.23102170923898946,93,151
a4763b9dba8e6c55,0.9247311827956989,0.5235302970290235,93,125
a480ac8351203981,0.9247311827956989,0.369920224386188,93,102
a48748177e001b8f,0.9139784946236559,0.5389497433201434,93,44
a497f59614823892,0.978494623655914,0.4400345737170437,93,50
a4a28a469ab06460,0.946236559139785,0.5494546449069215,93,69
a4afc36de467faaa,0.5978260869565217,0.17331456919961988,92,76
a4bc81f198eb80f6,0.17204301075268816,0.41642608704601863,93,1071
a4cc028d780a8d1a,0.0967741935483871,0.26612115560867966,93,1263
a4d77750d236f208,0.8387096774193549,0.5921092289134705,93,73
a4ed69980235bf5b,0.967741935483871,0.4368090497377567,93,62
a4f016e934e6d4d3,0.6236559139784946,0.1596844910582687,93,83
a507bb2d3a34c0fd,0.10869565217391304,-0.07338857397559266,92,37
a53255787b626486,0.6774193548387096,0.4970286563403706,93,396
a532630fb7764097,0.8172043010752689,0.3564248179484032,93,69
a5351a9a08206a17,0.946236559139785,0.5349698272483026,93,111
a53de9b57980b0c7,0.7526881720430108,0.32062637882382267,93,180
a543f0ff86ab85db,0.9354838709677419,0.473684856381303,93,71
a5487d1db24319f0,0.7204301075268817,0.45602850444497883,93,395
a54e577d6c0bbc8d,0.9139784946236559,0.3144467276392222,93,128
a553d4c9c7160b2b,0.16129032258064516,0.3306083073168808,93,597
a556528309fdd37a,0.8387096774193549,0.3279007063823891,93,173
a55ab97733c7e145,0.29347826086956524,-0.08467497826287379,92,25
a562e344e333204f,0.13978494623655913,0.26200585019872136,93,867
a579bb47362e8ca9,0.03260869565217391,-0.3901116791482961,92,191
a5874325702d8098,0.8494623655913979,0.48464935313366486,93,214
a588c3c521b7fbbb,0.5376344086021505,0.3406543001336448,93,47
a589e158f017833d,0.978494623655914,0.3359832543393333,93,75
a58a11dd1d03108f,0.8387096774193549,0.47989614093157223,93,60
a5909cb3afa811e1,0.9032258064516129,0.28313345190159855,93,201
a59db9d4a9a033df,0.3225806451612903,-0.035553694091772114,93,65
a5b58e653821c96d,0.6413043478260869,0.4546146630087768,92,24
a5b7b69c73786f0f,0.1827956989247312,0.1694384063196508,93,139
a5beb808adab63fe,0.8369565217391305,0.3819532391299723,92,49
a5ccb402409e8b4d,0.9247311827956989,0.37278965990647916,93,67
a5dcd8ed0eba2066,0.8913043478260869,0.4875025540500665,92,35
a5fefc231ed96508,0.9032258064516129,0.4881819417392681,93,83
a608c8ae0573598d,0.8152173913043478,0.487455497196582,92,27
a60e4c439b827dbb,0.8602150537634409,0.6990900891845863,93,70
a62b31c9cd71f686,0.9032258064516129,0.5561455852746158,93,114
a63740c3c1faf98f,0.6559139784946236,0.3662369769700357,93,119
a63d82f0c7c686e9,0.11827956989247312,0.2920992770657973,93,547
a65b2a93fb4c4fab,0.0,,93,639
a66ba6c8e46295de,0.967741935483871,0.5037886552414119,93,96
a66dcb3522b60757,0.9032258064516129,0.5881868996230423,93,268
a6893713bd2bb8c6,0.8494623655913979,0.33809365880351905,93,101
a69f419ee28e0796,0.12903225806451613,0.28708836804016796,93,657
a6bc54df71a8fc2f,0.46236559139784944,0.2715605260007008,93,193
a6f5d072b17e2eaf,0.6344086021505376,0.47765284344342784,93,85
a6f88459d465c325,0.3763440860215054,0.4643408642021857,93,329
a6f88a1e03c1df25,0.5089605734767024,0.32815749320169224,93,358
a700b38a4178d15c,0.8817204301075269,0.4980928167497249,93,80
a70424e34aa0de9a,0.3369175627240143,0.5085000437953486,93,505
a714284b95fa9eee,0.08602150537634408,0.32074377323523284,93,619
a7147dd17579bab8,0.03225806451612903,0.1782419622285612,93,621
a72131359012d130,0.7934782608695652,0.32545564470567717,92,37
a75610442fa3ec17,0.44086021505376344,-0.02670265196479133,93,132
a75eac3af60405b8,0.8279569892473119,0.3649071552294465,93,83
a77835c0370ac736,0.946236559139785,0.5472063970987466,93,82
a77caed26ee78aae,0.7741935483870968,0.4667977186520826,93,489
a781f74294529f1f,0.13978494623655913,0.004772787834687914,93,75
a79fdb34bc9822a6,0.1326164874551971,0.38254140125409636,93,578
a7b67a02886b5787,0.6086956521739131,0.3185611566097851,92,31
a7c3fc649219013e,0.0,,93,1066
a7ca4e56464a3b30,0.8172043010752689,0.6065088055820317,93,95
a7d74f3a06b800e5,0.17204301075268819,0.3743601801773577,93,525
a7e18f3ab9b2bca7,0.8817204301075269,0.2658878987262757,93,126
a7e333e5059c7a50,0.1827956989247312,0.1914874712787028,93,78
a84278047b6781eb,0.946236559139785,0.5061801651488073,93,95
a86e7f16596f5350,0.8172043010752689,0.2649376075155157,93,101
a87cdd75c3326428,0.7741935483870968,0.5580813927938368,93,174
a88b2a025211e2b6,0.9032258064516129,0.5331037620499967,93,65
a8979f283f313a5c,0.7419354838709677,0.3333917361242406,93,90
a89832419a2d76d1,0.6021505376344086,0.2525801579487997,93,176
a8a886022d66192a,0.1935483870967742,0.3250406627919398,93,430
a8aee528d3b967df,0.2688172043010752,0.46310850658931146,93,805
a8b76eff3597cf13,0.9354838709677419,0.5021778800728021,93,391
a8c947fb0d91103e,0.7934782608695652,0.3316260938752281,92,78
a8cd88466de05bc8,0.9247311827956989,0.4999831354851172,93,76
a8ce85e0fdc019c0,0.8924731182795699,0.10542173089395371,93,1009
a8d39370f90f44ea,0.9354838709677419,0.4364181220263655,93,313
a8dd3d9c7769c999,0.8924731182795699,0.36878910856656655,93,192
a8e095dc6bb1a847,0.8279569892473119,0.39966216203934085,93,72
a8e5785d3eedaf95,0.956989247311828,0.12183013265489577,93,114
a92bd8f3cda7e384,0.9139784946236559,0.5038927505887058,93,107
a92c3de141cdc9d3,0.7849462365591398,0.44340641691751653,93,62
a93053f968731c86,0.8709677419354839,0.6138778110837844,93,27
a946a49e43173765,0.8387096774193549,0.5527247504475105,93,166
a948cca6db552be0,0.9032258064516129,0.3698532490785462,93,67
a950985a5fb30fa3,0.8387096774193549,0.47805827973041476,93,97
a98d547739ddb29e,0.8924731182795699,0.5117601412723399,93,186
a9b02100a58a9f03,0.26881720430107525,0.18138666671221645,93,97
a9b30ecde8326cf6,0.8494623655913979,0.32949017888056764,93,104
a9b4c3e4495ff2bc,0.6559139784946236,0.2149637490151545,93,112
a9cc52467d9ff53e,0.010752688172043012,0.04434364951572024,93,65
a9d006a723ad90bb,0.9193548387096774,0.6747469040597653,93,79
a9dcf776bddd7df7,0.8924731182795699,0.6614083341489144,93,347
a9e1c42cdca5ba35,0.8817204301075269,0.5828364616162544,93,93
aa03b4564015d741,0.7741935483870968,0.3615445783908457,93,109
aa309fa2c5ce201f,0.40860215053763443,-0.08096707313397186,93,69
aa4301b042b679a6,0.13978494623655913,0.26991391846104695,93,468
aa669d71e65b8298,0.9247311827956989,0.5153141494943333,93,278
aa6845448150b1e3,0.26881720430107525,0.4562205296764781,93,865
aa6b523ada4bb501,0.5760869565217391,0.4429365282142071,92,37
aa92758fd2f76e90,0.946236559139785,0.47190756418970065,93,45
aa93d43f06c717a8,0.9354838709677419,0.2832204058337259,93,106
aaa57aef97b5568c,0.0,,93,1199
aaa75328bc3f9654,0.8387096774193549,0.4908463938633777,93,350
aaaf175db4536591,0.6774193548387096,0.22276032325079026,93,222
aab8349d4ac094d1,0.6989247311827957,0.5597030864641738,93,544
aabaa959e8083b3f,0.3010752688172043,0.10836024286229401,93,160
aac606f8b93f7170,0.3978494623655914,0.43833719122383746,93,149
aad749988c57dba2,0.11956521739130435,-0.3745943268087908,92,93
aad9742f0f0f3cef,0.946236559139785,0.611997368421248,93,94
aae004e2d65ecf12,0.5806451612903226,0.27874847040283335,93,147
aae3b57f0682a3dd,0.3978494623655914,0.18673116541690887,93,634
aaeba25265708936,0.8817204301075269,0.6901934663772407,93,132
ab0171318b3f34e2,0.5483870967741935,0.3436965178305212,93,182
ab077d487f34529d,0.0,,93,760
ab1b532894556f52,0.15053763440860216,-0.07438619606711347,93,238
ab294f385a58c876,0.8279569892473119,0.492445674953559,93,74
ab320f202c2308fb,0.8817204301075269,0.5227168750029478,93,87
ab5b1d70e1bbc514,0.8494623655913979,0.40736333546974346,93,115
ab6a698bd97a4e5b,0.8602150537634409,0.46525336708915793,93,66
ab728088d73a486a,0.6236559139784946,0.23869670262420392,93,248
ab79d0a01504bc23,0.08602150537634409,-0.03726540710257331,93,361
abb9fb905594d093,0.956989247311828,0.23827153476856341,93,87
abbb51d614dc8834,0.946236559139785,0.5522046571267558,93,121
abda038bd70e28a6,0.6236559139784946,0.012721221222460655,93,701
abe567257cbccdfa,0.9139784946236559,0.656914073426796,93,70
abee661ab488d41d,0.40860215053763443,0.1040058002118182,93,163
abfa7bac39eb2e3d,0.7849462365591398,0.44916976149423254,93,147
ac0310abc02bc58f,0.0,,93,1444
ac22d3fa9810538b,0.7956989247311828,0.3517871009324023,93,39
ac3886f946359fd3,0.7849462365591398,0.25739937384882,93,57
ac4aedcbb57aaeed,0.6989247311827957,0.6257550790021547,93,91
ac5e7a8ac7248094,0.40860215053763443,0.2610737339987758,93,84
ac7219da9cf465e4,0.5434782608695652,0.32726223390339104,92,28
ac745d81c708669d,0.9032258064516129,0.5666669008861343,93,135
ac8c9a7255fa6b0c,0.0,,93,829
ac9047f406c95d71,0.0035842293906810036,0.0873013902421519,93,1358
ac9c53d71f0f3c00,0.7419354838709677,0.52854031835514,93,372
aca3a117f0dd199f,0.7741935483870968,0.471894691793683,93,539
aca59c1bfdb63a48,0.946236559139785,0.3220020559063357,93,75
aca9e064a9fdfa2b,0.8494623655913979,0.5489100141805499,93,147
acb1cf50e93bcbf4,0.7096774193548387,0.5066489474546787,93,99
acb95cc673bb4e1b,0.7419354838709677,0.4008631011871944,93,45
acbe0d785282aeb4,0.7096774193548387,0.5780644805592371,93,447
acbf09380557db9f,0.053763440860215055,0.029570606541148806,93,846
acd2d97af6e4d198,0.7934782608695652,0.3283183801279844,92,183
acf791951748f433,0.8333333333333334,0.47825058449506275,93,87
ad15c1ea27ab5a31,0.8817204301075269,0.42554473301305784,93,69
ad2723eb8719a9f7,0.5268817204301075,0.44011040349600583,93,368
ad2fc9d2747c26dc,0.8602150537634409,0.2687481492407893,93,172
ad32e3846c404c94,0.8817204301075269,0.3016546773852435,93,226
ad3d81081a49fb34,0.8279569892473119,0.35201731929977703,93,64
ad41fef68374b9ef,0.2956989247311828,0.4547244436230619,93,840
ad44c3e6113d6f1d,0.6559139784946236,0.03291826546163354,93,116
ad55ccea4a309719,0.6630434782608695,0.4465746659248214,92,329
ad5bbaaaffdc0f76,0.9354838709677419,0.587023728122775,93,84
ad69cd9b2ed2bf23,0.6344086021505376,0.4007145186709725,93,84
ad6b175a82fad450,0.9032258064516129,0.38000562337164284,93,44
ad6c5a14c8c3939a,0.021505376344086023,0.05351318532941629,93,820
ad77eaf909fef9fc,0.15053763440860216,-0.07129175258415142,93,100
ad90c968e0b17d7f,0.0,,93,200
ad91e776a8a7675d,0.2391304347826087,-0.007642057843964224,92,54
ad94448ae8db1117,0.8279569892473119,0.4713829737978723,93,107
ada359f9aa15a4e2,0.6129032258064516,0.49432827560109693,93,758
adaf5f104ee20acb,0.7419354838709677,0.583725069387121,93,115
adb1e344589ee120,0.946236559139785,0.43618199937310237,93,100
adb87812898fe92a,0.021505376344086023,-0.05238128950227269,93,122
adc57bda1d566aee,0.9139784946236559,0.270566814346333,93,83
adcb3cbe2a5159d3,0.8494623655913979,0.4960519129312076,93,72
adcdfd3c401853cb,0.6521739130434783,0.1923562127513875,92,200
ade61cc44042ea0d,0.967741935483871,0.4685259564239869,93,103
adfdd3ae7cd41842,0.33695652173913043,0.22747500503278759,92,43
ae15ee8868025096,0.7526881720430108,0.10661140234528985,93,133
ae222f44376951f4,0.7634408602150538,0.5506960969536963,93,463
ae2938cc5cce4751,0.9354838709677419,0.23735264838438064,93,84
ae30ab7caa29a688,0.7741935483870968,0.547398883898338,93,109
ae3a725073b7feaa,0.17204301075268819,-0.07720655757037846,93,155
ae53cc98c250de2a,0.6666666666666666,0.18056975601885833,93,231
ae58562793d58b7c,0.02867383512544803,0.13455990795852907,93,251
ae6028b02092ddb1,0.8602150537634409,0.4762779174188044,93,173
ae667e5c511cdc26,0.08602150537634409,0.1688425236460482,93,29
ae671f0d216ff063,0.9731182795698925,0.4591246666134027,93,85
ae81f6fbe9920390,0.46953405017921146,0.5914567368642193,93,740
ae9c5d14d42d2b36,0.9139784946236559,0.5200648179833787,93,70
aeaed0f9fbf5a24f,0.8709677419354839,0.5187382158338695,93,56
aeb41c3a7ffe91fc,0.956989247311828,0.3928666099633224,93,138
aeb481fd86806bdb,0.15053763440860216,0.3013304730634715,93,937
aec19d49ee6e4cc3,0.6881720430107527,0.4838427967096698,93,321
aec6cfbc2bc13da7,0.8387096774193549,0.3750423442319738,93,350
aed47bdafdba7052,0.7204301075268817,0.5383842016205167,93,78
aee2b75797324fda,0.10752688172043011,-0.13721064975483183,93,49
aeec5abe75cba39f,0.30434782608695654,0.1342181974022304,92,71
aefc4e76f1f71850,0.9247311827956989,0.5512776278122672,93,231
aefd06a3ba0d9b8a,0.09318996415770608,0.2663787226555654,93,78
aeffadc12529d1b7,0.8817204301075269,0.34861736698005863,93,56
af17c5a0b545acc2,0.7634408602150538,0.6822204869764661,93,124
af1dac40ec8a3da5,0.7526881720430108,0.5056310731160124,93,239
af768db12a41f4e3,0.9032258064516129,0.4478139047358301,93,62
af911f12807bf693,0.989247311827957,0.08622137509790878,93,70
afbbd64372754263,0.978494623655914,0.23107730742627886,93,87
afc1caff87d9a9ab,0.9354838709677419,0.29668743795742597,93,61
afc67104753ad792,0.9354838709677419,0.6028348259455708,93,83
affa8164b1329593,0.8387096774193549,0.610184976283908,93,77
affac3a679c43a43,0.8494623655913979,0.569295032328301,93,80
b000dbdae867283a,0.010752688172043012,-0.007395144016117514,93,124
b00a4b7decfe8942,0.9498207885304659,0.5854405773812981,93,97
b04c9b587b7621f3,0.4946236559139785,0.2555725783451987,93,560
b050665d2e3311cb,0.5376344086021505,0.5731773827617992,93,614
b063cc4779fdd0e5,0.3978494623655914,0.2750484531535328,93,378
b06c1ba4e32c95d7,0.7419354838709677,0.5951932287683327,93,384
b06c509c106f268d,0.8043478260869565,0.25857081331692405,92,8
b077393829159150,0.9354838709677419,0.3871075359053815,93,83
b09b588b8652ff9c,0.22580645161290322,0.020070408169727934,93,675
b0ac7b32e8e89833,0.956989247311828,0.3180296874351872,93,236
b0b0643eb556680a,0.8924731182795699,0.41339363857434147,93,108
b0d5309f91819a16,0.8494623655913979,0.2690533818507987,93,43
b0e6662945c785ad,0.6774193548387096,0.49346018176335865,93,535
b0e910edecd6c683,0.8172043010752689,0.6399943082471763,93,116
b0f575f889a01774,0.8924731182795699,0.6614805190612008,93,199
b11cd3337a20665f,0.946236559139785,0.4745928350859966,93,432
b12182a47ac57c79,0.7956989247311828,0.20164850261739978,93,139
b149f5880f41fbc5,0.5053763440860215,0.45444899231772495,93,212
b1508349dcf15b20,0.8924731182795699,0.39306426978403397,93,421
b15ef56634174d61,0.1956521739130435,-0.07650182099908368,92,117
b173bff0ec33e862,0.3118279569892473,-0.07950426241169277,93,133
b178f0cc73d6e8c7,0.2608695652173913,0.10706380146880438,92,45
b17f4244f7bf431a,0.9032258064516129,0.28744898983279765,93,94
b1809435c5005387,0.8709677419354839,0.652560502504945,93,152
b18be486847ba73d,0.6129032258064516,0.519092281620499,93,442
b18cde8a9dfa10d2,0.7634408602150538,0.6489127625337383,93,141
b1914051068679c0,0.946236559139785,0.26888574571613605,93,252
b1976dedf0f7650b,0.7311827956989247,0.4713705826859135,93,137
b19cea07b4187e2f,0.956989247311828,0.39062822366435157,93,399
b1ae059af02f2896,0.7741935483870968,0.5882220651647895,93,118
b1b5843d945532d7,0.6451612903225806,0.3062119007471069,93,54
b1dae889c3757f6b,0.9408602150537635,0.6477360689887498,93,149
b1e1e1270a9092df,0.40860215053763443,0.5010370489448837,93,535
b1ed833e223b75a5,0.8817204301075269,0.5537876362069528,93,90
b1fc54813c9c9763,0.8064516129032258,0.3979564677637795,93,94
b20fa5a82c0e8118,0.9354838709677419,0.58107017528113,93,215
b214b7b9e907315d,0.6881720430107527,0.38907412562353283,93,68
b230f73d7caf1220,0.5181159420289856,0.2916878787711497,92,346
b240a23e516e044d,0.8709677419354839,0.32685596255793653,93,115
b25255b20ddd58a3,0.956989247311828,0.2673594835466615,93,56
b25a65d578ff85c8,0.9139784946236559,0.5696734850654284,93,219
b25aee194cc2415c,0.8172043010752689,0.4920395898267948,93,171
b25d7b8d46d5452b,0.7741935483870968,0.21775075815446113,93,124
b27984554fa90ce9,0.8709677419354839,0.46000919810768526,93,118
b29d707ef861d5b4,0.8494623655913979,0.3587788730794113,93,213
b2bccd86c36ef67c,0.967741935483871,0.44941097474103314,93,81
b2c071a53d8516ea,0.0,,93,149
b2cb373f5d9b1611,0.9354838709677419,0.5385008339653617,93,103
b2e66c248334dd1f,0.5652173913043478,0.23903904028465386,92,133
b2ea754c82aed54f,0.8602150537634409,0.47379912411529074,93,238
b30efed93ef43ba0,0.8387096774193549,0.563880374360763,93,67
b314ba501b63f563,0.8064516129032258,0.5280853712976484,93,103
b352c3e8cd636f51,0.5698924731182796,0.2585624170957823,93,56
b381ef94c054cb8d,0.5268817204301075,0.27739802766799915,93,130
b39a8894b13727d6,0.5268817204301075,0.0952876621574109,93,71
b3a7b762679916e0,0.1935483870967742,0.45975376192656664,93,439
b3add4ee52ec5162,0.6413043478260869,0.4540850100146613,92,53
b3dd2d5fc41586e9,0.7096774193548387,0.10718166502811222,93,43
b3e3e42449e0a34c,0.9139784946236559,0.6743014356045145,93,144
b405e6360c96da4e,0.9354838709677419,0.49186951192728934,93,369
b40c82a7f9462713,0.0,,93,366
b427a12c9975c8c9,0.0,,93,994
b435f00b9e47ef42,0.6881720430107527,0.3633555889563506,93,143
b44c0c7ef63ded13,0.043010752688172046,0.14410453766836578,93,91
b45511564cd9be3c,0.7849462365591398,0.2903366116186083,93,441
b4562344a2eba7c6,0.8804347826086957,0.15518508502770406,92,122
b467a72bfeee692a,0.7741935483870968,0.45797871837082815,93,224
b4685fa700c8bc07,0.9032258064516129,0.3972983448539705,93,263
b47767a7c71fd10f,0.4946236559139785,0.2816483041538238,93,47
b4947d445f1f9596,0.6956521739130435,0.379252037114779,92,221
b4b56ce0ab5cdefd,0.8602150537634409,0.6399222797628744,93,167
b4d2e52c98611b49,0.9139784946236559,0.5099008144826769,93,81
b4db2589f69f0501,0.3010752688172043,0.054964754013352546,93,107
b4e3c18048f4cf15,0.06451612903225806,-0.19402952004578472,93,18
b4ee715f442dfe7b,0.3804347826086957,0.19284892375434348,92,44
b4f249b399056e5d,0.7849462365591398,0.533113921509865,93,211
b4f5e7dd1a70a330,0.989247311827957,0.3183877063295677,93,291
b4ffaafcb14e9959,0.21505376344086022,0.3365020734847294,93,592
b503c025477b24b5,0.053763440860215055,0.15720900699183699,93,633
b50911515471a0d0,0.8279569892473119,0.4331461568052172,93,142
b55dd43d7513bd74,0.717391304347826,0.3586991185370994,92,68
b573c1c51328b207,0.16129032258064516,-0.06729823954025,93,92
b58a1a90e2ded470,0.7956989247311828,0.5719238359054987,93,495
b59d7cc797442bc5,0.4946236559139785,0.024241250957443353,93,84
b5a3239f54cf2020,0.8709677419354839,0.5403795117625139,93,60
b5a503535e39f50a,0.946236559139785,0.510910725550257,93,276
b5a6c92770026f56,0.053763440860215055,0.2094553317041935,93,377
b5becaa755623004,0.8924731182795699,0.35722842152074524,93,39
b5de409c1ae6f5d3,0.043010752688172046,0.10420291026709938,93,188
b5e57dfc792f688a,0.3695652173913043,0.18036149356713635,92,169
b5efb960c094a5aa,0.24731182795698925,0.3940067392200829,93,846
b5fa403696e9c932,0.946236559139785,0.47536577340300645,93,132
b602a90d46cd75bc,0.6521739130434783,0.26930452148480094,92,141
b605e9b50bd548c8,0.1827956989247312,0.36516112492708036,93,141
b6072607ce4bcae2,0.010752688172043012,-0.15098371303041472,93,183
b612df3d194eb49d,0.956989247311828,0.49227791188021575,93,118
b625d4a8604c1f29,0.5978260869565217,0.48110185225469726,92,67
b6456e0bb205eeff,0.1935483870967742,0.39184811018292276,93,958
b64c897410c3b7fd,0.8709677419354839,0.4894489423596037,93,55
b64e62d22fb44d4e,0.946236559139785,0.4336567046703541,93,62
b6503724cd66ad41,0.9247311827956989,0.5244793520031943,93,136
b68c1407742f5d72,0.3978494623655914,0.23825225763452598,93,67
b68ecdb991ad879f,0.7849462365591398,0.4464614416939094,93,308
b69ee1ec0e39bae6,0.9139784946236559,0.6846667248074034,93,178
b6b83fe57b767444,0.0,,93,153
b6db7f1bc48dd4de,0.8064516129032258,0.3613101471549847,93,404
b6ef67aa66063f46,0.9139784946236559,0.3983630976059602,93,129
b70411cb6fc3faab,0.9130434782608695,0.44165751086137683,92,37
b7088be43427c5f3,0.9239130434782609,0.38133561758685797,92,34
b72d54d9c8b5fb03,0.34408602150537637,0.2141781183630152,93,101
b747e83d5b26d1de,0.7204301075268817,0.5474481890238742,93,63
b7481803e7323466,0.9354838709677419,0.5241098748327369,93,141
b7489e8497e8a859,0.0,,93,829
b74c55e8cd5d9d95,0.27956989247311825,-0.004171012465709106,93,239
b760021343adb231,0.8709677419354839,0.38819009905432816,93,55
b7617adba6924bb5,0.7634408602150538,0.49637604835948795,93,271
b77eb537f8fe9508,0.8967391304347826,0.5343649003180048,92,38
b7899f729ca28bdd,0.5806451612903226,0.35806791781042985,93,72
b799c3ecdc59149a,0.7204301075268817,0.5976393415257689,93,312
b7e103dbc0d3d0bc,0.42391304347826086,0.08295178730950874,92,15
b804a8edaecc09f5,0.956989247311828,0.5473922652854203,93,254
b80e3ab039c19efe,0.0967741935483871,0.2678456289479387,93,1072
b84e237ed17fa32f,0.7634408602150538,0.4630200121216498,93,157
b8736672df5bd70d,0.967741935483871,0.4146770198140788,93,82
b87d7868d5c5fd85,0.9354838709677419,0.5220810650798067,93,393
b8842d4ae7c568b7,0.7634408602150538,0.5496862051382962,93,526
b88d7177b0df24dc,0.08695652173913043,-0.18721442489280654,92,119
b89c95c25dfb04d2,0.8494623655913979,0.41270636262876004,93,73
b8aba274d16ed326,0.0,,93,87
b8b4a8ad47040feb,0.22580645161290322,0.37073741551964373,93,258
b8c97381a59484d9,0.9247311827956989,0.28971967517371155,93,214
b8d89c8a30972889,0.5161290322580645,0.39639807718788705,93,127
b8e36a1d3e0d54a3,0.46236559139784944,-0.22262901030167884,93,126
b8e51c282fb29a39,0.8602150537634409,0.5800324109086203,93,100
b8fd711262770ee3,0.8279569892473119,0.3499320243856695,93,206
b9003f624d6fedb5,0.8478260869565217,0.5113344021246816,92,19
b90130617b873891,0.946236559139785,0.4780521670375677,93,166
b9015b833fcd54da,0.9021739130434783,0.41782773326364003,92,16
b90cc9cad471bc02,0.9623655913978495,0.4938297725560263,93,69
b93b544d79730fb2,0.7741935483870968,0.5255373674561475,93,313
b93eb6faa56e6a87,0.8602150537634409,0.5338890805271157,93,142
b940a4dc41c52449,0.5698924731182796,0.4108684332276955,93,1213
b945ac26f83ec190,0.956989247311828,0.4596601116383764,93,149
b95d81de412b14a9,0.6451612903225806,0.20470847989524418,93,261
b95fe031a3ae6974,0.7311827956989247,0.23496135640145527,93,135
b966e6506284d037,0.7065217391304348,0.28583559883900744,92,273
b968be42d9cd1a57,0.8602150537634409,0.37981154469039485,93,91
b97e271b704c3d5b,0.391304347826087,0.06414314849251745,92,677
b97fa61e3494473f,0.41304347826086957,0.1155721088265013,92,76
b98a78c165224462,0.0,,93,672
b99faa4464e42c65,0.3225806451612903,0.31594108871142285,93,128
b9ac00825b49df1d,0.9032258064516129,0.48322139945940207,93,115
b9ac36ca79449bc8,0.9239130434782609,0.4457404229643765,92,18
b9cc17a660fee954,0.05734767025089606,0.24235933188407635,93,665
b9d14a8f2e3ba9dc,0.010752688172043012,0.13071404268584752,93,858
b9deed44b946f16e,0.8602150537634409,0.48533099482752184,93,144
b9f17ac8283a3da6,0.3655913978494624,-0.05382895280809601,93,83
b9f3ed64ef72d91c,0.7204301075268817,0.5783046019751491,93,337
ba003929de434182,0.7956989247311828,0.503308383146497,93,42
ba067ab28c990a06,0.8260869565217391,0.20846960067022882,92,70
ba1eebdb038f4a2f,0.8152173913043478,0.27924229724928984,92,246
ba32aa16d6b22c37,0.0,,93,515
ba645a2e343c448a,0.9032258064516129,0.6472676028883424,93,365
ba854e2a58500e93,0.7849462365591398,0.4869796573073539,93,407
ba91e5ad25448328,0.9354838709677419,0.48098511150014794,93,373
ba94b8a93ac61930,0.8494623655913979,0.32189751711800446,93,308
ba9d45b9bdc9c152,0.5053763440860215,0.2542928866753235,93,386
baa467c93d4fa677,0.989247311827957,0.15098371303041466,93,238
baa9a0c384dffa55,0.5869565217391305,0.2901690886886709,92,40
bab689048d0d1b86,0.46236559139784944,0.22557049483954542,93,249
babce7d79debd7d8,0.7934782608695652,0.3489373704586979,92,57
babf9fd83fb61863,0.6141304347826086,0.27896090672607493,92,46
bacd6ed4a5c33f57,0.21739130434782608,-0.13186508588283982,92,105
bad2883b9c493415,0.8924731182795699,0.6450258734722002,93,77
bad537605c54debb,0.7391304347826086,0.23719999950971393,92,2493
bad893b1d25f840c,0.26881720430107525,-0.2749499093843997,93,173
baf4f698c2c96eac,0.75,0.5275329624262329,92,24
baffd1e5f555177f,0.946236559139785,0.5120875619165862,93,217
bb15b5cb30066dd9,0.8817204301075269,0.41765418007914334,93,48
bb15e9b40d392185,0.5913978494623656,0.501889232742619,93,101
bb34b5ab078f0915,0.7934782608695652,0.32676454348613365,92,46
bb3571943a3d23f1,0.053763440860215055,-8.819824972982216e-05,93,161
bb3db287f56a3804,0.8709677419354839,0.6330249211348253,93,123
bb788ca008854bbf,0.34408602150537637,0.2877676401590148,93,74
bb83b013e0dc632d,0.03225806451612903,0.13235782953589298,93,179
bb94ef0eb8fc91c0,0.946236559139785,0.38047664917697815,93,67
bb99e7f8d6b2ad31,0.8709677419354839,0.4523145689506306,93,65
bba1480f1f37e416,0.9247311827956989,0.6147566916930283,93,73
bbbbcca4b5aeb2f7,0.5913978494623656,0.27868430002435896,93,65
bbdb2c7b4ca11949,0.6989247311827957,0.332310940327828,93,197
bbde3af61b707989,0.3118279569892473,0.27821835956370305,93,56
bbdea66d654fffed,0.8387096774193549,0.5470697423063688,93,227
bbe9c6992cff38a4,0.7934782608695652,0.2822747022996723,92,13
bbf10bf15f4ae7b7,0.8924731182795699,0.3084063736547859,93,72
bc061e72a4b8f606,0.07526881720430108,0.19142800910845872,93,1087
bc3998f065ec7fd0,0.5483870967741935,0.46216403553899144,93,356
bc43813bbef05fe6,0.7096774193548387,0.2877967525158708,93,83
bc4a6d8ea00ea7fe,0.6236559139784946,-0.09839467359160903,93,68
bc511b9b1284dd40,0.7526881720430108,0.30085735340569136,93,268
bc733060be7edc13,0.16129032258064516,0.2880938360183846,93,722
bc85be828e2a76f0,0.9139784946236559,0.582891965199962,93,103
bcb88cb906266d9a,0.9032258064516129,0.5692513605400229,93,89
bcc968172176beb5,0.6236559139784946,0.4832036706062881,93,133
bccc759e2e3240f0,0.20071684587813618,0.42587670536254807,93,590
bcd383fc32aeeee1,0.7419354838709677,0.17280850687220872,93,265
bcf808c57fa610d4,0.9247311827956989,0.6097122702925974,93,62
bd1cf6808751e40d,0.8279569892473119,0.48120372704090025,93,140
bd1ed33d076e5d8f,0.7688172043010753,0.22135396079005706,93,138
bd6f1f2a46374976,0.32608695652173914,0.06472915986548125,92,30
bd7b352179fae042,0.8804347826086957,0.3509858837305984,92,44
bd956ad42cb0751c,0.7419354838709677,0.42826836823077924,93,290
bd9b74b6139f9f39,0.043010752688172046,0.1307193640862101,93,419
bdb372172c0b8eeb,0.44565217391304346,0.17164548683586922,92,75
bdb3aa736dec0605,0.3548387096774194,0.07895045549383113,93,94
bdbdb5468f677fa8,0.8978494623655914,0.5822979428527789,93,75
bdf7242cb28ab89e,0.9139784946236559,0.31745911053925324,93,19
bdfaa7f52e3c9612,0.23655913978494625,0.21970122650411003,93,454
be105e90ca31ba71,0.9247311827956989,0.5961852402052283,93,75
be2e4dc52c9adb8d,0.09782608695652174,-0.3554906660370671,92,62
be373c04bd48b26d,0.6881720430107527,0.22296344729764594,93,284
be3758168a6111e3,0.7204301075268817,0.3831910773805698,93,118
be3fdf414ac1ead6,0.3655913978494624,0.19027152944223044,93,111
be6852cfae715ef6,0.7634408602150538,0.47401926283735707,93,91
be68f74ba4f9bde6,0.3695652173913043,-0.0039921686541230786,92,25
be75e9e7177bd261,0.7043010752688172,0.25942470635974796,93,16
be7da7b882e4c5a4,0.8279569892473119,0.6225452663182238,93,119
be7fd9b16ec4829d,0.8478260869565217,0.3573103665624724,92,42
be818896cae580d5,0.8387096774193549,0.34963098596693876,93,134
be878868e320ca0f,0.2826086956521739,0.05232327511694575,92,90
be89dda24b891508,0.15217391304347827,-0.2633658679072925,92,31
be92c2eac6e712dc,0.41935483870967744,0.12522145191690473,93,49
be95296cd1ea05ca,0.12903225806451613,0.0228555866880137,93,344
be961cee1c69851a,0.978494623655914,0.24534639462393112,93,251
beaa2aa25bb6e2d1,0.8369565217391305,0.3490517480460247,92,29
beaad67b014bef96,0.9021739130434783,0.262701615175015,92,32
beb3f0b722a83258,0.5591397849462365,0.320850127969129,93,106
beda7e6ea7ca753f,0.6559139784946236,0.2263473407952761,93,73
bf0ce36566b37446,0.7204301075268817,0.3840976984808026,93,81
bf2e919e989e3140,0.7391304347826086,0.22461867324786278,92,42
bf3b153dd0092ab4,0.5483870967741935,0.3290097445176465,93,94
bf5f626c8a83965b,0.0,,93,522
bf6bd0fcf0e7893e,0.7419354838709677,0.4244447269317746,93,446
bf7f6be1bcbef1fb,0.12903225806451613,-0.17370155740108323,93,58
bf897da8a18eadb3,0.8602150537634409,0.6183775093856794,93,84
bf8c4535253c18a7,0.6881720430107527,0.27025364943885066,93,71
bf932b806fbe14a3,0.8064516129032258,0.5030875986803794,93,92
bfc94a9a51c93bfa,0.8924731182795699,0.24448010705966047,93,61
bfceaceef8e9b868,0.946236559139785,0.5419615071056841,93,326
bfe8745b7f8ed652,0.7956989247311828,0.39660808962642374,93,64
bfe90be2e5c64890,0.41397849462365593,0.26553898469175224,93,62
c003049edcd17614,0.946236559139785,0.46516427648724323,93,116
c003e0fa5122b30d,0.4731182795698925,0.4311553732374792,93,189
c0153bcb8769b07d,0.7849462365591398,0.43573475452584354,93,424
c01a31706602e449,0.3333333333333333,0.11013636403247888,93,137
c027c8ed93da85c1,0.41935483870967744,0.37175869846687243,93,95
c02a06d00b19d78a,0.8494623655913979,0.3891620363558699,93,80
c032d466191f007c,0.0,,93,466
c0346e0cdce7cc9d,0.9247311827956989,0.49659872514206843,93,133
c038cf4fe5f664e8,0.9354838709677419,0.483752232991749,93,94
c04178b36014bc89,0.9032258064516129,0.49815580735263393,93,77
c052bd2b83a64638,0.9247311827956989,0.39965854661086253,93,62
c053b45801fce0a8,0.7311827956989247,0.598040617014169,93,74
c060ecf3bd5cf3b8,0.8695652173913043,0.25897094598212833,92,34
c063d2ae590fbf43,0.9354838709677419,0.42874188868928764,93,98
c065b2834d758fda,0.6739130434782609,0.286987368190259,92,98
c06d9284d868528c,0.9139784946236559,0.38463047899765046,93,165
c0a23ad1521cf513,0.8172043010752689,0.5670456561358326,93,377
c0a9bb33537a523c,0.03225806451612903,0.13509258242950734,93,944
c0c13bf55ca4be8d,0.7849462365591398,0.45931341619138555,93,271
c0cb832f161d8a57,0.8279569892473119,0.40990393029532857,93,101
c0e8bf1aa4a20258,0.9354838709677419,0.5156087385079118,93,63
c0f364364b598ec1,0.8709677419354839,0.7128570659240518,93,199
c0f977af96d56659,0.7096774193548387,0.07289187252234965,93,140
c10d4d9dc1c98f51,0.9032258064516129,0.47795622098773993,93,43
c113c77ebf239f45,0.8333333333333334,0.41212660626554254,93,101
c12ae585c64619b1,0.6989247311827957,0.22724608107665145,93,103
c13159ffe991c336,0.9247311827956989,0.5385228634537592,93,62
c1b7532bd9280f93,0.9032258064516129,0.44134381263188827,93,54
c1ea641db7cab34a,0.5108695652173914,0.3196821257486759,92,31
c1f000dff456addb,0.9247311827956989,0.5604806248355946,93,124
c1f073e6f1cda50c,0.7956989247311828,0.4793275610656067,93,207
c1f54622e00c980a,0.7634408602150538,0.3756134687357349,93,111
c1fca40f833b056e,0.43478260869565216,-0.032670787430714436,92,15
c202f9cbc9424056,0.15053763440860216,0.26552676901087807,93,1046
c208ced5d9ed4ed3,0.22580645161290322,0.15536105876981082,93,120
c20aa0e8b1c1b8bb,0.06451612903225806,-0.08132872325154203,93,93
c20e449c4e3ec552,0.9301075268817204,0.35253094305536475,93,67
c20f44cdf08e34c7,0.3010752688172043,0.2720602758710868,93,84
c21f47addded3d32,0.5376344086021505,0.4246631148934669,93,77
c2393d40cfdf859f,0.75,0.29514772690770225,92,49
c23d1bb5209481a9,0.956989247311828,0.43385644684809094,93,80
c24b896911f1ba0e,0.3225806451612903,0.24657187263878522,93,250
c26171acfcb5d98d,0.946236559139785,0.523671968280689,93,130
c26b10a52cad687f,0.007168458781362007,0.11147957101609698,93,1357
c274f6faf03c5cb6,0.21505376344086022,0.3616678158954557,93,514
c275b3f2979dd3ff,0.43478260869565216,0.136918253851878,92,39
c2847c13adeac448,0.7849462365591398,0.4655837163760792,93,348
c28f9eb389bc4691,0.6881720430107527,0.4995779827220219,93,387
c29711c0f41c7769,0.25806451612903225,0.15958320856885697,93,78
c2acd45fa0ea5d97,0.9032258064516129,0.5910782843186028,93,175
c2ba1193b2715f16,0.6989247311827957,0.47393349647992644,93,193
c2c9caaca5210c5a,0.7849462365591398,0.31005820683990354,93,308
c2dcb9f6dc1bd90c,0.956989247311828,0.5603654340527764,93,107
c2f2a34aeae4d57d,0.12903225806451613,0.22964224385404647,93,728
c2f405c3c8bc10c4,0.7526881720430108,0.5207847673191344,93,83
c3005fc7a0d99533,0.6559139784946236,0.34309626060433396,93,54
c302f5fa5a2166ee,0.5913978494623656,0.38628730490889085,93,486
c31d4904820d2f9c,0.7096774193548387,0.4385207542147459,93,177
c3323368f6dc9469,0.4731182795698925,0.2902695129422571,93,468
c33d12af8202d783,0.5591397849462365,0.21854191638845585,93,46
c360c80a8e817ff5,0.7634408602150538,0.20040742510969123,93,66
c3673d410678abe8,0.6236559139784946,0.3788967609475188,93,43
c3708071472be1cb,0.5543478260869565,0.2552628956476273,92,12
c37e74728218b24d,0.717391304347826,0.4487178767365269,92,36
c3828a0bb325eb1e,0.04659498207885304,0.1832988585049213,93,912
c390c286aab384eb,0.26881720430107525,0.3220200892763635,93,236
c39ff4caec903cac,0.8387096774193549,0.5812795862103021,93,114
c3a58797bb831611,0.8967391304347826,0.4894826735268457,92,23
c3aba7ed7a1679db,0.8043478260869565,0.4309328217718955,92,185
c3b50b13bc47db88,0.9139784946236559,0.4080855635383288,93,394
c3c0b9a4e03b52cd,0.07885304659498207,0.2869813573092273,93,1138
c3d0fbef23bf762d,0.8064516129032258,0.5619119130967036,93,114
c3db1cf17fb0f4af,0.06451612903225806,0.17998973870479415,93,834
c3dbe1d5f4b24b8b,0.45161290322580644,0.25489998084283766,93,134
c3f8e9648faa39aa,0.956989247311828,0.5045169335525211,93,78
c4146bbc47ce67e2,0.15217391304347827,-0.0766208599737484,92,140
c41b0a3583326368,0.8260869565217391,0.2882838683680726,92,28
c43293682cd669bb,0.8709677419354839,0.4848353815068663,93,118
c436efe1f033c443,0.5483870967741935,0.3249842821052999,93,58
c4397947602d528e,0.9247311827956989,0.6331000660588691,93,64
c48939add2997759,0.8924731182795699,0.3719513544110577,93,80
c496e4cd09e26bd6,0.9247311827956989,0.40872176288224815,93,86
c4abf812a96fff44,0.7849462365591398,0.3282878308236488,93,65
c4c1008c02adb23b,0.4946236559139785,0.342517639528799,93,54
c4c20382f1300d6e,0.32608695652173914,-0.02503896174947071,92,68
c4c52ec6329cc4ff,0.21505376344086022,0.051172332347054095,93,566
c4e38cc312eeae60,0.41847826086956524,0.10325374990154225,92,62
c50af6211f2428e8,0.8709677419354839,0.5172834718307115,93,78
c53085108585ede6,0.6989247311827957,0.4333618772634971,93,35
c53da69d77a02f48,0.2608695652173913,-0.001425550866833936,92,11
c53fabe31162ff13,0.9139784946236559,0.446808717102682,93,83
c567e118d08e168c,0.6881720430107527,0.4448704352674647,93,35
c570c15f2376be85,0.2903225806451613,0.06949479739618189,93,29
c5742fe9c6a27878,0.24731182795698925,0.21213701644038413,93,41
c575bf83bf7d33c2,0.33695652173913043,-0.16415409636197129,92,30
c57f6ea921fec8b7,0.9384057971014492,0.35916944229373604,92,30
c588a5d7a6ae6452,0.3978494623655914,0.17822123356528113,93,167
c590780a6c10c451,0.9193548387096774,0.6332690848891441,93,51
c5970a1c1a038f77,0.7419354838709677,0.19684052172626407,93,80
c599a66cf170fa26,0.5434782608695652,0.23814676371447857,92,105
c5b0d5f0dfb6fec6,0.8279569892473119,0.3892035447239321,93,73
c5b1bfcf70b79647,0.8172043010752689,0.416966567668299,93,98
c5b32fe45ea6ec1b,0.5913978494623656,0.5020853935583403,93,506
c5bec41691f80f53,0.43010752688172044,0.4086119509640329,93,212
c5d98df7599cd095,0.10752688172043011,0.2463690961916377,93,971
c5e8d016bd0c4df8,0.978494623655914,0.39994618084992467,93,121
c5f934e01fc38b29,0.9139784946236559,0.44565086208523275,93,54
c5fee8620060354e,0.5698924731182796,0.39084624775814164,93,37
c604f6ebfb57308b,0.8279569892473119,0.2698763058425711,93,71
c60b8189daad0871,0.8387096774193549,0.42390865666768396,93,74
c616b8d5d4150be7,0.946236559139785,0.4853143813486931,93,79
c6316a33979554ce,0.7634408602150538,0.15997313192957077,93,192
c6337f0c7517b83b,0.8064516129032258,0.6062370198778398,93,95
c67148d88675948b,0.7311827956989247,0.3226461969200047,93,52
c67ca01508d006c9,0.7096774193548387,0.5161255335211663,93,196
c683841b70938143,0.12903225806451613,0.3720627641887626,93,986
c6a3801623a24004,0.7526881720430108,0.30231905840603424,93,56
c6cb0751210600b8,0.967741935483871,0.4978241988736175,93,66
c6d7614e9c484dee,0.956989247311828,0.28656536439037467,93,94
c6e040ad18483208,0.9139784946236559,0.4512774938877047,93,242
c6f4626f7ff4a54b,0.7282608695652174,0.3404552386188017,92,9
c70304de653b8478,0.6774193548387096,0.37329682807636866,93,67
c70b2f1d9a05ad00,0.07526881720430108,0.17846835525038518,93,489
c734db64ff3a1ec3,0.9021739130434783,0.29938116426163963,92,60
c7351c311342487d,0.8924731182795699,0.3554434347948283,93,127
c73e12fc796f945a,0.7849462365591398,0.4346105920102623,93,51
c74536008443f5f2,0.6989247311827957,0.5066506363445146,93,160
c745bb9e6572afa7,0.75,0.3526395329246839,92,43
c749f1a7d2cafbeb,0.7956989247311828,0.5933573627719637,93,100
c74b632fca906bc6,0.5978260869565217,0.45257576187651044,92,67
c756695181a43c5a,0.17391304347826086,-0.2053612190080833,92,447
c75aec918086e15e,0.8817204301075269,0.12045397839167576,93,118
c770639254044ff4,0.9032258064516129,0.33896809114304555,93,309
c772aeb0a217605a,0.9247311827956989,0.28842575344275917,93,86
c7a4d28a8061b0fb,0.8586956521739131,0.448727969220299,92,12
c7b3514bd1121634,0.8064516129032258,0.3494168270010897,93,207
c7bdea69c9fad523,0.8010752688172043,0.42271392313687656,93,55
c7c94af4112bf38b,0.9139784946236559,0.44097993676892583,93,91
c7d9830d3fbd749b,0.32608695652173914,0.02058179680070898,92,98
c7f12ce6e0f01fa5,0.956989247311828,0.3417653214422349,93,117
c812df7afbcc005d,0.6413043478260869,0.37848177738699235,92,70
c813882acdf54c76,0.9139784946236559,0.4437327930027261,93,88
c81b64f5ed030197,0.5806451612903226,0.2509669646880851,93,63
c82126c376fefb14,0.946236559139785,0.5120875619165862,93,74
c8375ee995b00a93,0.22580645161290322,0.1510263108670377,93,111
c83879b45b3786f7,0.7849462365591398,0.5501882794670233,93,139
c8421c63e1f0ae04,0.6344086021505376,-0.024965792921995633,93,93
c8666ff908b1d7a3,0.46236559139784944,0.233062910737271,93,88
c86a3e0e24b527f1,0.9130434782608695,0.37555138458805337,92,10
c8708717197a76e1,0.946236559139785,0.481075242070527,93,83
c887af886bc88da4,0.6451612903225806,0.23271627934803965,93,85
c88c4a604317f0cb,0.8152173913043478,0.3332397488182197,92,38
c8aedfe1b9d052ae,0.8494623655913979,0.27783547170446643,93,159
c8b902ef0c185789,0.6129032258064516,0.2798129869619504,93,266
c8cad86f43762306,0.6021505376344086,0.4378924334700179,93,161
c8d7ad18d8598db9,0.9247311827956989,0.4998415206839468,93,94
c8ec2cf8f9a0ae63,0.5376344086021505,0.03561977847196717,93,361
c8f34f4e4be8612c,0.9354838709677419,0.5368621420575794,93,110
c8f6b404ee63199d,0.9139784946236559,0.2522344077848614,93,15
c914754c1dc8705c,0.3548387096774194,0.05528621901788363,93,27
c91498cadb02efa0,0.27956989247311825,0.4521813871752071,93,270
c93309325f5a4810,0.956989247311828,0.30006791292287033,93,372
c93534bcf7bcec06,0.010752688172043012,0.01999875155625831,93,164
c95b6830e407e49a,0.33695652173913043,0.12654367314821893,92,59
c961f40556d3147d,0.6989247311827957,0.43270646458921114,93,111
c964a5c13a5a1606,0.946236559139785,0.6263118691994467,93,75
c9950b8769776e6b,0.9247311827956989,0.3832789149550526,93,105
c9aa8e79c7cc92bf,0.13440860215053763,0.38100122868147895,93,242
c9b3f3768789b1ca,0.8709677419354839,0.3559030730851341,93,45
c9cbe00a92e4fa4f,0.25448028673835127,0.40855408303622587,93,297
c9d5373fcf768694,0.1935483870967742,0.011300356949292005,93,166
ca128d9fb662fa0c,0.8387096774193549,0.24011854283577466,93,64
ca1a1372ca51720c,0.3118279569892473,0.4505565255872822,93,511
ca349d309164ae87,0.09782608695652174,-0.09285500392328302,92,116
ca3c632518504110,0.9354838709677419,0.5265217682107428,93,153
ca60eb123a4d4862,0.7717391304347826,0.4890157568155712,92,37
ca69e088a3986aef,0.9354838709677419,0.271819412284557,93,76
ca79e82d08af8e5f,0.42652329749103957,0.6261892217633763,93,497
ca7b70dd2f1489b3,0.7956989247311828,0.5410011777319642,93,72
ca80f6c83a56c9e4,0.946236559139785,0.48253448851799474,93,91
ca83c0874359bab2,0.4838709677419355,0.1928615064309223,93,69
ca9cd4af9ea0964f,0.10752688172043011,0.17916092638196393,93,833
caba714caff68215,0.946236559139785,0.30603753507434983,93,114
cae37cea96e84457,0.8172043010752689,0.33353393481120697,93,113
cae5889910dda6e4,0.7634408602150538,0.3968678385306598,93,115
caea1dde9ff0c15e,0.8494623655913979,0.3682669457463462,93,94
caee3645d826a5df,0.7849462365591398,0.404807213136312,93,53
caee65c1bcdd8827,0.7419354838709677,0.5187156241252098,93,308
cafc71dc68cc9fcc,0.0,,93,157
cb268738f5ff57e8,0.4782608695652174,0.02807614613840813,92,42
cb5dc47603350197,0.6413043478260869,0.4502610357893102,92,43
cb67535d886bc4cb,0.6989247311827957,0.4632069343334951,93,189
cb692ab12c6c00be,0.9347826086956522,0.30993630690827606,92,35
cb73aa7ee98819f7,0.7849462365591398,0.35220816084308487,93,102
cb7febbac5846750,0.8152173913043478,-0.06856721731136599,92,878
cb81b6bf0c847bf0,0.6413043478260869,0.15146074048921676,92,68
cb91b70fc5d897bb,0.9139784946236559,0.44449781425846635,93,82
cb9a442efdfa7591,0.7717391304347826,0.42853220989285634,92,28
cbbe4d208224c9e4,0.8817204301075269,0.4769505442426488,93,99
cbd94a488e1b5c8e,0.9139784946236559,0.42733854711559005,93,22
cbda0d2523758459,0.10752688172043011,-0.19037812892864497,93,75
cbdf27a224fd4e69,0.03225806451612903,0.1460074616340122,93,912
cbe336029b4df00f,0.5806451612903226,0.19667073156410125,93,45
cc3d0c5fb3ab97c3,0.9247311827956989,0.6332266809574174,93,65
cc496186f3c83948,0.6989247311827957,0.2910061539963881,93,125
cc5187ff85df4925,0.6304347826086957,0.3470881238234077,92,54
cc5462eedba0a192,0.46236559139784944,0.3732124505082102,93,19
cc6f0c282f6f1759,0.08695652173913043,-0.46419510910368517,92,23
cc888e2f3f67a0e5,0.7717391304347826,0.293602695084119,92,591
cc8d650a57d24124,0.8064516129032258,0.4756008570932565,93,86
cc9926e3212da21f,0.5978260869565217,0.3114164627431447,92,72
ccab24a591f5ee24,0.0,,93,340
ccad0fa04f16496e,0.08602150537634409,0.054042434360489056,93,104
ccbf85361aa3460b,0.10869565217391304,-0.4227802652799068,92,162
ccdd465de594238c,0.7526881720430108,0.35932699533808204,93,130
cce6c68e7dfd769b,0.0967741935483871,-0.04982453636919786,93,80
cce9314ea45163b5,0.9247311827956989,0.5458828375073685,93,92
ccf0e8bf18fae814,0.44565217391304346,0.21221314255489956,92,12
ccf2205bed97c968,0.7849462365591398,0.6113159775181026,93,224
cd06a990eb6f879d,0.956989247311828,0.2839493850907822,93,79
cd0717bbf161c346,0.7311827956989247,0.4917349759737221,93,477
cd13a6ec6630f1b7,0.5591397849462365,-0.08612859450280837,93,128
cd171f785879c995,0.0,,93,241
cd2bd4c4f5e8b9c0,0.5268817204301075,0.12228515990730297,93,165
cd5786527cc24fe4,0.6236559139784946,0.4156283511560597,93,50
cd6063e20cb6b9f4,0.0,,93,104
cd63e01762e6aef5,0.44086021505376344,0.21211496990310666,93,154
cd724e3225f9409b,0.946236559139785,0.2131765646724653,93,328
cdcdc62afe87b8d3,0.7741935483870968,0.3796648074742467,93,116
cde311bf7e683431,0.0,,93,218
cde419a540651471,0.6129032258064516,0.3088490742726156,93,53
cde9adf08914111f,0.9021739130434783,0.33929298924390705,92,24
cdfcaed9eaf58f00,0.8709677419354839,0.5344379006717963,93,116
cdfd755d09d9b999,0.6451612903225806,0.44498205152144393,93,56
ce0b79ae8687d9c6,0.9516129032258065,0.5705238566782993,93,57
ce22db2a3ab6bd50,0.956989247311828,0.4317216367026857,93,285
ce24907d274d8e24,0.7311827956989247,0.41541346301190546,93,65
ce2e89df358324bf,0.9354838709677419,0.3851639808997139,93,146
ce3011cd378ac687,0.9247311827956989,0.4717807150588206,93,98
ce3128f393ef6bb1,0.8924731182795699,0.5452525459651233,93,86
ce4e605927d06f92,0.7849462365591398,0.4164211358358272,93,108
ce62a8253aa57bd2,0.6559139784946236,0.4002990319910101,93,156
ce79b54809f5c1f5,0.0,,93,186
cea9c363a618bd44,0.3858695652173913,0.2054244514884491,92,71
ced19336149392e3,0.8817204301075269,0.09152088621648072,93,104
cee90cb756682a73,0.0,,93,719
cef3e6b66485d04a,0.8043478260869565,0.4579303267984348,92,47
cefa61d4472657a1,0.7526881720430108,0.5064603766188372,93,71
ceffd92cfab63dfa,0.6774193548387096,0.20754108220213938,93,137
cf229c54a9a2169a,0.956989247311828,0.496362866791972,93,82
cf2cbcd106b9322a,0.15053763440860216,0.2584708552192204,93,598
cf2ee9956ba63f65,0.8387096774193549,0.34492075011930556,93,51
cf31be039f75e6a7,0.946236559139785,0.481075242070527,93,104
cf373adca26f5c43,0.8172043010752689,0.36938903918717136,93,97
cf4e9629abc65837,0.8924731182795699,0.6222161663859234,93,80
cf5b4039af2774b8,0.007168458781362007,0.013221153411379107,93,622
cf7f7c2881fefa0e,0.014336917562724014,0.06333974836292071,93,839
cf8806e8b9a4994b,0.6451612903225806,0.5016151076907291,93,50
cf8f44eb1dbc2eae,0.5652173913043478,-0.05760072597743951,92,11
cfab1717529f5a5f,0.6739130434782609,0.1534966167595198,92,14
cfaeffb157e2c004,0.5161290322580645,0.38970160122877573,93,460
cfce157f07ff7e9c,0.8172043010752689,0.3850388831263333,93,79
cfe4d6f80bf5f793,0.9402173913043478,0.282559849480949,92,15
cff96bc941f45d46,0.8494623655913979,0.1949215620679168,93,103
cff9bd0987963988,0.9032258064516129,0.5160720232968762,93,127
cffa7f70667b8886,0.021505376344086023,0.019904189123483854,93,660
cfff32a60a5e004f,0.9354838709677419,0.40524485030571616,93,34
d00decec219db65e,0.1218637992831541,0.2879282711512869,93,404
d014f5f67eb808a8,0.03225806451612903,0.10133339542541814,93,704
d01941bb875dca43,0.21505376344086022,0.2947233457485364,93,305
d0268c202ea8fcff,0.6666666666666666,0.32648631636149955,93,264
d0432fa27305559e,0.9247311827956989,0.6898627106600715,93,177
d045b56f05b8886b,0.3978494623655914,0.2654112157541545,93,292
d091597bead5c5c4,0.5913978494623656,0.3655347913135081,93,199
d0b346543a521368,0.7311827956989247,0.5018627194500063,93,52
d0bdea93a117094a,0.8172043010752689,0.4136177155849795,93,127
d0f08f70351fb795,0.7096774193548387,0.3347606323903884,93,108
d0fa776203aba4f0,0.9139784946236559,0.7380179987386216,93,108
d10fd139ad44f995,0.043010752688172046,-0.015260662322426722,93,304
d113d7a3b443798c,0.7956989247311828,0.6131033426791609,93,116
d11424f00c126eef,0.7526881720430108,0.4910376145041866,93,155
d154eafb9c06b5df,0.8279569892473119,0.3373059353832995,93,413
d186b4a9155cd922,0.9139784946236559,0.39016170655426025,93,137
d1aa35320cd2892e,0.7065217391304348,0.21484000871566963,92,144
d1b296450abe5827,0.8709677419354839,0.5848658698410257,93,113
d1be40b060f7749b,0.7096774193548387,0.2671187234694342,93,96
d1cf554dcc1f9391,0.8602150537634409,0.552564264076036,93,131
d1d9b17e36e4a265,0.7526881720430108,0.37554910108981976,93,111
d1e27c9ed57d956c,0.06451612903225806,0.17991419118122953,93,324
d1e7a1b92e011618,0.6451612903225806,0.48471463684626875,93,833
d1ec83d79a4bf6e8,0.6881720430107527,0.4215844654399804,93,121
d1f17cdb4b0548c0,0.15053763440860216,0.2599166968093457,93,287
d22418831cf96171,0.946236559139785,0.5375320513214009,93,109
d22897283c0f674c,0.978494623655914,0.4400345737170437,93,260
d241373889776f4d,0.46236559139784944,0.02939041506380644,93,107
d247510c8aa0f2f0,0.7956989247311828,0.3040457604048852,93,56
d25e5aee1f785070,0.3870967741935484,0.09328825919346803,93,121
d267f66c528598d7,0.40860215053763443,0.28042056903189555,93,74
d289a3c69c557aa4,0.08602150537634409,0.012924421413620971,93,106
d290b9a19296e0fb,0.017921146953405017,0.18001757285628842,93,387
d2bc109bf95d364d,0.8494623655913979,0.4138755907872239,93,211
d2bd54de9e7c735e,0.7204301075268817,0.5038215970830284,93,610
d2c7a470abb1e7cd,0.9354838709677419,0.3851532888852058,93,76
d2d793c156c48b58,0.9139784946236559,0.5960465959813219,93,84
d2dfb16a930e15f7,0.510752688172043,-0.13103203972943617,93,53
d2e6702ecf78689a,0.08602150537634409,0.24632303578538325,93,636
d2f63c54fb10e871,0.043010752688172046,0.05976160700682589,93,296
d3044d062a2cf803,0.5268817204301075,0.3349325340828847,93,44
d325eab634a81e12,0.946236559139785,0.5055280016624661,93,83
d32973abec8cf442,0.12903225806451613,0.389671316375378,93,1517
d34ae4646cfeaf8e,0.9086021505376344,0.6142947371067699,93,91
d369dae51392a267,0.29347826086956524,-0.06694543596077601,92,232
d36e41c9681552f7,0.8817204301075269,0.45283366893139215,93,118
d370c62e529ded53,0.8913043478260869,0.31257936117902907,92,17
d3715057d474d0e0,0.10752688172043011,0.25697018133548966,93,463
d38742c45d5e7caa,0.8064516129032258,0.4133237505123307,93,83
d387cd06cc264492,0.5913978494623656,0.5281540410311073,93,57
d39205bad31ea03b,0.8064516129032258,0.45857029588754716,93,87
d3bd96762e04eaf2,0.4731182795698925,0.3362308360743794,93,77
d3d8eca7ed492568,0.7741935483870968,0.4297486205981939,93,474
d3d8f99b3f6ba4ef,0.8172043010752689,0.577796956194616,93,96
d3d919c2531d0da5,0.9354838709677419,0.44643020882247947,93,67
d3e4eca287cbcb67,0.32608695652173914,0.2777809672407921,92,316
d3ee3feb864e4a60,0.9354838709677419,0.3105990675369761,93,80
d40055b39a062aa0,0.8817204301075269,0.5710356555573866,93,75
d42a07ed8c3227ef,0.6666666666666666,0.575271616756637,93,732
d465df824de74e19,0.967741935483871,0.23374107567006724,93,88
d471466dd7204367,0.26881720430107525,0.21460461912758677,93,81
d486412f6114c1ce,0.967741935483871,0.5037886552414119,93,68
d488f576e558f876,0.7204301075268817,0.554402804473829,93,72
d48a8393cd7bda26,0.8494623655913979,0.4654991765360035,93,100
d49122199b182521,0.41935483870967744,0.2965838891327132,93,94
d4a109ce193af43e,0.946236559139785,0.48428127838231394,93,52
d4b0b43ddadbfbd5,0.9032258064516129,0.5686618844316127,93,147
d4bad3942c57b834,0.7956989247311828,0.6270517772752225,93,90
d4d9f089c153e573,0.8172043010752689,0.48643542999257583,93,29
d4ea6bbd4f3a1242,0.8387096774193549,0.413048614736651,93,55
d5025a9b27dbecb4,0.7204301075268817,0.3090780273045443,93,152
d536f628542f3df1,0.9139784946236559,0.43933144014856435,93,70
d544182f8a0a8dab,0.7526881720430108,0.21444737299480443,93,192
d54a96b33afa3d92,0.6666666666666666,0.11414090629809999,93,400
d550177a5d994a11,0.8817204301075269,0.23672402337761683,93,159
d5506c0cfc632902,0.8387096774193549,0.44956786026036255,93,44
d5532842c03a7740,0.7608695652173914,0.4007333212586857,92,23
d5664b9ef53e7049,0.6236559139784946,0.41366924740931954,93,49
d57a53269089aabf,0.956989247311828,0.4766476229562179,93,57
d57eb9cd9ee39431,0.0,,93,102
d57ec1b5c3449477,0.9247311827956989,0.6242068268499426,93,156
d584da57ee01dfd6,0.8602150537634409,0.5510845504063038,93,52
d588b5b74ca9d665,0.8804347826086957,0.47871364172023884,92,39
d5bc8203725d7430,0.7717391304347826,0.5390363247812838,92,49
d5c561def014fd5f,0.9354838709677419,0.3906202847245279,93,89
d5d3c59c7790fe86,0.043010752688172046,0.1665487916884013,93,129
d5d4c7ac5a730b56,0.40217391304347827,0.16814542692671566,92,121
d5dd0ac1275fa179,0.8924731182795699,0.2439683416923388,93,34
d5ea5eb43cbe7ecb,0.9247311827956989,0.40459744467887604,93,39
d5ed3db333fd66d7,0.1039426523297491,0.27788468489954166,93,597
d5f80e368a4409d3,0.9239130434782609,0.4019630187094552,92,50
d61323fad40799ce,0.7849462365591398,0.5105439449123257,93,46
d62417690e7f9b37,0.12903225806451613,-0.2930748348105975,93,121
d6311e61af197629,0.14130434782608695,-0.13264863035485547,92,60
d631fdc828be659a,0.0,,93,1581
d636f47ff6657c7e,0.21739130434782608,-0.04077398920532655,92,892
d639f6a2a7d0f55f,0.967741935483871,0.4475903978307068,93,138
d6437afdbef098eb,0.17921146953405015,0.4040151217695342,93,949
d64aa7ec893844b4,0.8817204301075269,0.38413232005083314,93,69
d652bc8752f6fd7b,0.9354838709677419,0.3331372713826451,93,333
d654f47b8f97bf3c,0.8924731182795699,0.46640765507914445,93,19
d660cec01aa6c326,0.6666666666666666,0.4044563568761025,93,570
d66751427c7b8d46,0.5913978494623656,0.007376174130873074,93,62
d670d1e1dd4b11f3,0.9139784946236559,0.5448102018078873,93,81
d6718fd835f093a9,0.6344086021505376,0.389360309919454,93,102
d673cdd775e01d40,0.9139784946236559,0.2763190494130601,93,53
d674d8e5bc49c0c1,0.6344086021505376,0.4849645282044852,93,554
d687a7dffb789051,0.10035842293906809,0.27969013894237366,93,824
d6a3d4a7bd62c464,0.27956989247311825,0.11915333081564577,93,175
d6d112be8f493dc7,0.8804347826086957,0.39016091346252635,92,175
d6d4facb89dff4a6,0.967741935483871,0.36216216878797075,93,86
d6d77dd2db8a3891,0.946236559139785,0.5279985274998698,93,56
d6f63aaa13547114,0.7634408602150538,0.427523412617349,93,211
d704ff15cfedb255,0.9247311827956989,0.4014498886933816,93,64
d73d17a83e3aac40,0.0,,93,751
d75d4809841c6d2e,0.946236559139785,0.5155153276843727,93,101
d76a09cf8898ed81,0.6236559139784946,0.30625875283215165,93,153
d778a6b50bfbed79,0.8709677419354839,0.29399704180347414,93,270
d779934037842c03,0.7849462365591398,0.4263683257818924,93,231
d78e0a4db6174256,0.5108695652173914,0.18966774781602902,92,47
d79257ca3827f633,0.7282608695652174,0.2912340472012782,92,11
d7a98ddbb99d39f6,0.8924731182795699,0.4432884007917266,93,212
d7cb8ad66b49c291,0.17391304347826086,0.03219596163520718,92,209
d7cc5140a3e9cf81,0.9247311827956989,0.514167803224545,93,86
d7e360b2cc7f70b9,0.3333333333333333,0.24027489253312426,93,160
d7e6baebee54d867,0.5161290322580645,0.22406521839546312,93,73
d7eed299483efa18,0.8478260869565217,0.42186190155951153,92,138
d7f4b724cb2ddebc,0.956989247311828,0.38420675767656237,93,67
d7ff729bbc84023f,0.6881720430107527,0.4979307335854444,93,352
d81ce4ba2f4cb7f4,0.9139784946236559,0.5201789579467746,93,78
d820723f14cd2ce0,0.25,-0.06993318204636098,92,65
d828a2c2c079de01,0.967741935483871,0.41182643885074705,93,68
d83b086af82dd494,0.7419354838709677,0.3854579948521734,93,88
d83eefde880dfd36,0.6774193548387096,0.5046632991982205,93,887
d84d26a22bf9b6ca,0.6774193548387096,0.5839311322601949,93,489
d84d6dbbe003404f,0.7741935483870968,0.2704353103685838,93,210
d8522f109d3bbbb6,0.7934782608695652,0.27196015886230845,92,55
d865ef47b07de350,0.46236559139784944,0.4945240281876645,93,161
d87429c113da5316,0.8602150537634409,0.37226947733650473,93,51
d87c2257be7530f8,0.6344086021505376,0.24223449772820507,93,179
d8a40c97317215d0,0.45652173913043476,0.09632582259774587,92,125
d8aaf9d9106ddb5c,0.40217391304347827,0.141294477142649,92,98
d8b9aafaebb3eccd,0.8924731182795699,0.11790933022922523,93,222
d8e0718a33d4d411,0.8494623655913979,0.4369765333711738,93,50
d8ec4fdb7cb795e7,0.7526881720430108,0.3724205381047593,93,132
d8f594ed54d093dc,0.21505376344086022,0.16933997062158454,93,820
d90ea6bbcd7af4e0,0.010752688172043012,0.10104475075234767,93,726
d920be0b98e1a6d9,0.6989247311827957,0.4250598201450627,93,56
d9229a7740b6c624,0.8172043010752689,0.40466811305953343,93,759
d936097bac6e2661,0.3978494623655914,0.2851525765606648,93,112
d93fac55dc38c296,0.8064516129032258,0.32303545305428794,93,50
d943a5ab74a13758,0.8279569892473119,0.39619257708860406,93,243
d94cbce576935b6f,0.8709677419354839,0.40280628088592324,93,137
d956135349bb4545,0.9032258064516129,0.35802924095060346,93,39
d958b7bfb1cc66a9,0.8924731182795699,0.37515197986888194,93,74
d9853c84d0c88db3,0.32608695652173914,0.0717857124939277,92,11
d99e1483762e3193,0.946236559139785,0.4923301955456187,93,75
d9b6e0f8de73bc2f,0.8804347826086957,0.2732282117014799,92,46
d9dca67ec5b4afd7,0.6344086021505376,0.5649764886341077,93,116
d9e210b3ba43ad8e,0.7311827956989247,0.4177540137320758,93,265
da04aa3cebf31f8f,0.5483870967741935,0.2754552359729659,93,292
da0a9cca05fcb868,0.03225806451612903,0.1460074616340122,93,390
da17b16b622d789f,0.8064516129032258,0.5530118468054351,93,71
da4248ff379c23bc,0.8494623655913979,0.3050729545615386,93,148
da5ce68ff63700e1,0.5806451612903226,0.34911286743298164,93,53
da855da1a8944a93,0.7634408602150538,0.5364776660052144,93,496
daac95811046cc3d,0.0967741935483871,0.13684685313009815,93,111
daae4f84ecc739d2,0.0,,93,1042
dadd504b53aba18b,0.75,0.2769767931980745,92,38
dae4812ef5b1472a,0.6195652173913043,0.28682209630968497,92,78
dae8a62e6832465a,0.9032258064516129,0.5786425303353677,93,97
daf3a726d629e544,0.6129032258064516,0.18004462960385345,93,423
dafd6e5dae25dc46,0.956989247311828,0.3732573272583539,93,64
db0c775f5e2a8334,0.20430107526881722,0.07093622716129955,93,112
db2032a32f479d54,0.7311827956989247,0.5623705959741467,93,622
db4b5fffd3cd5d8d,0.3870967741935484,0.28140632581631847,93,401
db4fcc7c9c5a90a9,0.8172043010752689,0.24300626812737086,93,305
db65d62de1ee8f70,0.8064516129032258,0.42735664005905916,93,310
db79dc4832c3fcaa,0.9354838709677419,0.2292802477728941,93,131
db93c784c50ccd31,0.5869565217391305,0.4787976630626726,92,44
db9e8101ae2c6889,0.6666666666666666,0.436235918067351,93,52
dba01b7ad579180f,0.8260869565217391,0.33157944657990024,92,60
dba10a7faa567395,0.6559139784946236,0.5330198737869516,93,574
dbb258fb95ff5a68,0.7634408602150538,0.35360860313468906,93,12
dbb43067321fc8a7,0.6236559139784946,0.46218548521852204,93,355
dbb9f0e9d5b55c7b,0.46236559139784944,0.29241890469749804,93,460
dbee807b871e9f71,0.25,0.15549986387461867,92,186
dbf53258c87777b5,0.29347826086956524,0.22199999858737818,92,54
dc1816fd5ad45c88,0.6666666666666666,0.4848276195755312,93,139
dc2a17805e2ea0bd,0.7096774193548387,0.4439485369652731,93,484
dc4e2d395da71762,0.9247311827956989,0.3339942785756872,93,153
dc538034c60178e8,0.8387096774193549,0.5902566144548949,93,222
dc6aa98c39bbc5a7,0.34408602150537637,0.30735406022267747,93,68
dc6e6b56f7262965,0.7204301075268817,0.39568088526728035,93,99
dc6f3bc92e0af74e,0.9139784946236559,0.6079527130594037,93,106
dc747d9fc928ad14,0.11827956989247312,-0.07450451858115269,93,177
dc98b045f2ed0bdf,0.10752688172043011,-0.10557675552397193,93,81
dc9ecef1ffac63a6,0.8709677419354839,0.6026825068632162,93,314
dccf62a5732908db,0.8763440860215054,0.31439397600197067,93,149
dcdd20f60d65834d,0.967741935483871,0.36316938384236724,93,65
dcffb40e0e932811,0.7849462365591398,0.4923146574128471,93,346
dd1496c6068c8a03,0.9032258064516129,0.31211030879720064,93,113
dd25dbb7d7032061,0.8064516129032258,0.44425213042177425,93,54
dd3e414f5a0dd13d,0.8602150537634409,0.23480133907471154,93,263
dd4730eb06664eb8,0.30434782608695654,-0.08401389634239882,92,25
dd601e800665cc23,0.5108695652173914,0.2431490775680361,92,91
dd61bae63d2dc88c,0.18478260869565216,0.20926190290170982,92,358
dd62a2380a0c0410,0.021505376344086023,-0.02436894810683022,93,14
dd645ede43752835,0.8387096774193549,0.3318111183414014,93,55
dd7fafc9e17e91ff,0.7634408602150538,0.4605403077359887,93,210
dd8ba446dc4d0626,0.5555555555555556,0.521047438395018,93,591
dd915683edc858b8,0.010752688172043012,0.03797320992441474,93,129
dd98dfcfa9f04d8b,0.8804347826086957,0.33027553442415714,92,9
dda7d24d717bb5ee,0.017921146953405017,0.16571627457562652,93,904
ddb9e0d61e790819,0.8709677419354839,0.2920410763402148,93,33
ddc78c7894770089,0.9623655913978495,0.4143556631139768,93,66
ddc93958c519284b,0.17204301075268819,0.35101255110522483,93,467
ddecde86f7be1de8,0.31521739130434784,0.153800388767276,92,69
ddfe3aa2c7bf76e5,0.7634408602150538,0.6544585670707259,93,118
de0077f723e31999,0.956989247311828,0.13535934182560352,93,309
de2df837ba2ab9a8,0.946236559139785,0.4913712939223315,93,109
de4348a194b3f245,0.6666666666666666,0.23530592353618304,93,30
de4954aed1de258f,0.8172043010752689,0.5182593389743156,93,162
de539c4dbfc237bc,0.9354838709677419,0.6069490709230038,93,94
de61ea9b8143e475,0.6881720430107527,0.5827283461023491,93,90
de6e53faa98827cf,0.7311827956989247,0.5748522697080397,93,708
de8240a376091e60,0.7741935483870968,0.3252001729040321,93,53
de86d890695fabd5,0.9139784946236559,0.6134580557431052,93,168
de960848b8935478,0.3548387096774194,0.16155948977502116,93,97
dea4e11bde1b8d82,0.6630434782608695,0.3045769536334529,92,75
deb37f117dced6f5,0.9032258064516129,0.4097608108433078,93,98
ded742a7621ca229,0.5268817204301075,0.24962222673926623,93,103
dedb1c3bff6bb369,0.3870967741935484,0.044583325236791344,93,126
def2371d4704f3b9,0.5108695652173914,0.23225315728316556,92,68
defc9218dd75f5f6,0.8817204301075269,0.5022493837681019,93,88
df0d3bd200b79688,0.6881720430107527,0.5677433831673642,93,396
df210c7942d006e2,0.16129032258064516,0.3205979872342709,93,743
df249a6214782e84,0.9139784946236559,0.5312579917047855,93,105
df40ca90f6c7fcaa,0.9021739130434783,0.4402872823249722,92,29
df66bcc037a17290,0.8064516129032258,0.4508449260209733,93,195
df7d3c51802614e6,0.8279569892473119,0.24584549477081927,93,92
df8c6b0efd63330e,0.5698924731182796,0.39559491798891705,93,44
df98734d74bb42cf,0.23655913978494625,0.30061284572344044,93,1050
dfb00ac757593620,0.18996415770609315,0.47151293772282493,93,819
dfd50158c3434ab5,0.8172043010752689,0.4818796784274873,93,41
dfdaf3f6eaccafd5,0.9354838709677419,0.4835147755195703,93,71
dfeb16aadcad7d02,0.9139784946236559,0.5480772425528162,93,85
dff65926698cb481,0.391304347826087,0.25477652601694517,92,58
dff9fae23739e6b0,0.967741935483871,0.2203834948588416,93,77
e00680218a6b68d3,0.7419354838709677,0.3485509485329781,93,584
e00f93fb11bb3fe4,0.8279569892473119,0.44929046854686466,93,403
e0107a1b400b21c5,0.7717391304347826,0.1407971392473794,92,12
e023d6327654fbfd,0.0,,93,1381
e02876b0f203c1fc,0.7065217391304348,0.314074600653309,92,26
e02eef938b887d5e,0.1971326164874552,0.36505405163700355,93,475
e039917c3c76f91b,0.8064516129032258,0.2802294231775889,93,173
e046825d02f112f2,0.43010752688172044,0.31916506247791865,93,94
e04cc20cabc2f22f,0.3978494623655914,0.10484627865138103,93,174
e053b5a0733b0fe5,0.9139784946236559,0.24690612995798275,93,59
e060ebe7f06defe3,0.6774193548387096,0.5336587724653841,93,227
e084987f71fb744c,0.6666666666666666,0.2682539191659949,93,250
e08f8de229cc39ee,0.7111801242236023,0.4713524569912397,92,25
e0964878dc2a67a6,0.8709677419354839,0.45552229251383525,93,108
e09a33551ffd7649,0.7956989247311828,0.46977238382667064,93,148
e0a76edb5061678f,0.15053763440860216,0.06942649948926166,93,138
e0a8e2ce61a30c87,0.9247311827956989,0.5532408465082328,93,73
e0c1f1daa3fc752e,0.7741935483870968,0.5171759524948814,93,304
e0c554627bf31c26,0.8602150537634409,0.5724771246687229,93,58
e0cb48376d7b4239,0.7634408602150538,0.4492716067008272,93,266
e0dbc81253c802ce,0.021505376344086023,0.1721951467653543,93,828
e0e3ebb7329aae07,0.8172043010752689,0.4356680324680676,93,411
e0f662c10cf12828,0.7741935483870968,0.2583415151155865,93,70
e100e9f7f45a5c88,0.8172043010752689,0.5638482868608051,93,51
e10890a70aefa39b,0.24731182795698925,0.3992252031068776,93,838
e1119b6b5e3c0871,0.4946236559139785,0.18530907265383428,93,92
e11bbf6db8940b36,0.8709677419354839,0.19919271957098048,93,153
e12907d5f3e1a98d,0.9032258064516129,0.5572336465297527,93,99
e12f11f5b967f6ce,0.07526881720430108,-0.22449531694642713,93,73
e1315811c8572264,0.13978494623655913,0.26587294715823206,93,675
e14a8da5f0fe8343,0.946236559139785,0.3681388683343521,93,79
e14af6dfb651f13a,0.9354838709677419,0.5393441666096952,93,198
e1527b451f646888,0.5268817204301075,0.3325177579580391,93,128
e15fa6f10c954243,0.9354838709677419,0.5618361556294962,93,53
e17d670478c7f184,0.7634408602150538,0.5650529890107515,93,278
e183c129191ff52e,0.5108695652173914,0.25828406881398513,92,30
e18dd3de9d83688c,0.9032258064516129,0.4436054486321575,93,62
e1c9a41ecdf1bb1f,0.08243727598566307,0.15097664318855672,93,462
e1d00b9de054c788,0.05434782608695652,-0.4196476812392836,92,68
e1d0da11de725e57,0.8709677419354839,0.48597749543275676,93,55
e1da1e32983eeafc,0.46236559139784944,0.11973203410523509,93,146
e1dcda2823e07cda,0.0,,93,127
e1df0c57659c0bcd,0.010752688172043012,0.12137369142289822,93,609
e1e1d2e3879144bd,0.6956521739130435,0.4131995146065669,92,227
e1e55a18e9ed59d7,0.7096774193548387,0.5681884507383675,93,405
e23be97242931efc,0.7311827956989247,0.3132602950229212,93,196
e248f69fcb6b4ca5,0.22826086956521738,-0.14275726436173508,92,79
e24e2c152a6668a3,0.7096774193548387,0.37465543903637827,93,60
e2598eb13294ec46,0.7717391304347826,0.3833988601391009,92,64
e285d362f96caad3,0.6989247311827957,0.5314849019078931,93,153
e291294d2c967c12,0.8924731182795699,0.45101793219149233,93,62
e29577bb4d48248e,0.010752688172043012,0.1544213794127846,93,973
e2b70df47be9a9e6,0.09318996415770608,0.2132628318210193,93,239
e2bfbe434ff1044d,0.26881720430107525,0.3861703351817195,93,363
e2c5b521493b5f0e,0.16129032258064516,-0.08128822731892339,93,96
e2c696a7e0ff89cc,0.8817204301075269,0.4950533578867066,93,63
e2c76811eb47c938,0.34408602150537637,0.28552595159699345,93,172
e2cde09a2f1f0f8b,0.4838709677419355,0.29560928429298106,93,39
e308a90acdc121db,0.4946236559139785,0.22898343089009532,93,76
e308c7fe218fe6c1,0.9565217391304348,0.37748258247128263,92,62
e30a8e6fb377dd14,0.06093189964157705,0.2997170842486934,93,676
e30bc2e375ff393c,0.6129032258064516,0.45196908379326683,93,481
e30fd5064a3ca5c3,0.6344086021505376,0.48059870062217297,93,510
e321e107bf0ccc83,0.7065217391304348,0.16405181212099626,92,40
e32603888c8c282c,0.12903225806451613,0.12226250293366907,93,859
e32e4d84571383df,0.6881720430107527,0.1570098262789099,93,84
e3558ceb83c90877,0.6559139784946236,0.5282761829880958,93,215
e355df7eeea36e84,0.8602150537634409,0.5569694668442877,93,49
e35c1fe0be227be0,0.7204301075268817,0.5041404643300457,93,101
e35cadd1d2ccebde,0.9032258064516129,0.5141404003960697,93,72
e36506066e44405c,0.956989247311828,0.5029314347675962,93,131
e383ced4d9c6a3d8,0.8763440860215054,0.463237447665611,93,45
e399772702d1a866,0.5760869565217391,0.08657215218706872,92,158
e3a396ca17db42ed,0.010752688172043012,0.0571037975187681,93,142
e3af36795c2825d2,0.13978494623655913,0.07764457663222098,93,265
e3c74709c4d8e088,0.8586956521739131,0.42740398403995666,92,35
e3d3788fdd843011,0.5268817204301075,0.45625097890494876,93,93
e3e3e5c8e44d9e06,0.46236559139784944,0.032887558470329106,93,72
e3e8c6ada3419952,0.0,,93,836
e3efb56b54c8289d,0.8709677419354839,0.6027998833485585,93,45
e405d93c43c0a86d,0.5108695652173914,0.17691233256641156,92,83
e408dc564bd28c96,0.8817204301075269,0.6108236168874877,93,99
e424afe785954086,0.15053763440860216,0.2779766930451308,93,64
e43beb8a79421b66,0.27956989247311825,0.22956349283396119,93,145
e444aa924105e177,0.7717391304347826,0.2125816764202265,92,19
e445429e467841f8,0.06810035842293906,0.2756507256064916,93,429
e458b7294e2e0745,0.0,,93,285
e45fd71b418b2674,0.016129032258064516,0.12947724370793337,93,950
e4690ed9c38b9d09,0.1541218637992831,0.3635817802955002,93,790
e46b248311eec700,0.8709677419354839,0.3114442805410941,93,100
e4866eb913000e3e,0.8494623655913979,0.4744593447432127,93,113
e48e2f88d0d83fed,0.7608695652173914,0.4927040955256456,92,14
e4949c9fe575fc53,0.7741935483870968,0.2802219402149208,93,103
e49516d671da2982,0.13978494623655913,0.2834692400076684,93,903
e49a4c14df76cb4f,0.8279569892473119,0.4624828675222804,93,182
e49d95aee132c863,0.3225806451612903,0.07200703519185501,93,55
e4a4baf63d2ea0f5,0.07526881720430108,0.2691052995925893,93,451
e4a7fed29e4d7bb6,0.8387096774193549,0.4503747788683152,93,172
e4d0e91a741b9ae0,0.946236559139785,0.5084131661837464,93,24
e4d155ae83d7edce,0.5543478260869565,0.11903133944346733,92,32
e51200828e635f25,0.9354838709677419,0.6343247782538238,93,175
e521f30af6ed6540,0.40579710144927533,-0.002782228198205789,92,8000
e52f80343b3d7187,0.21505376344086022,0.06500640965548263,93,117
e534d4f4d3e48f3c,0.08602150537634409,0.22435497556263823,93,931
e544adc8ad949a0c,0.3333333333333333,0.2814795886872507,93,44
e5871ab1cd9c2f73,0.13978494623655913,0.29333981088946276,93,980
e5912f0a901f18f1,0.9139784946236559,0.3935286505824856,93,58
e5d0672766a85ebe,0.9139784946236559,0.6225753859185642,93,144
e5d20dd8b983b2e1,0.6532258064516129,0.3979295756851099,93,50
e5d382f28a72a46a,0.053763440860215055,0.2706763817294487,93,395
e5e5fd2797f5f153,0.956989247311828,0.49372346360896624,93,189
e5f8171a2138812e,0.9354838709677419,0.5314976348046945,93,86
e6091d57de706368,0.391304347826087,0.15958575964035948,92,222
e61c4da0becfdaa8,0.12903225806451613,0.29116010006662646,93,779
e61db6b4a748dbc5,0.9354838709677419,0.35354213696512626,93,403
e62614698ad5be0e,0.9032258064516129,0.35739236126024776,93,70
e63a1777cc20ad58,0.6989247311827957,0.39234841591409886,93,98
e64e4814e44c6d07,0.06451612903225806,0.001817164833828481,93,30
e650e5ae4fadf23a,0.6021505376344086,0.23394050537969133,93,30
e65796fdd6058023,0.6881720430107527,0.3317470780521129,93,50
e65ac3e5c54ad4b5,0.6559139784946236,0.19321875885187614,93,127
e666b6f907a89e62,0.053763440860215055,0.13170038919909147,93,960
e670f03c20258515,0.8924731182795699,0.5641016219946675,93,91
e674501d18492956,0.3763440860215054,0.19742038915262147,93,85
e6988f0321295cdc,0.7849462365591398,0.2871669298284144,93,122
e6ab84e660afd103,0.9139784946236559,0.5940834132631752,93,75
e6b772c67ee0b255,0.7849462365591398,0.48162678147520405,93,355
e6e8507f8d8f2e5e,0.4782608695652174,0.2369063320362927,92,57
e6e8fafdb81c34e9,0.7311827956989247,0.47261423534595903,93,481
e6fdb46f57423b2b,0.3695652173913043,0.20917017183533862,92,101
e707deddbb74cfb8,0.9498207885304659,0.47262716087998863,93,116
e710b150b89d27a4,0.9247311827956989,0.49688346128484756,93,137
e71713b4685dd059,0.8494623655913979,0.60677489586328,93,164
e72059f44ce4fdaa,0.16129032258064516,0.03304566490926405,93,84
e721210f44f6c12e,0.021505376344086023,0.10941147282966822,93,850
e72c5feeadc0e810,0.956989247311828,0.41404980727814616,93,309
e737ae8ff46796ce,0.6666666666666666,0.17024613086668197,93,494
e74ccd7658fab88a,0.6956521739130435,0.35311050863438675,92,41
e761560c84b7e133,0.8817204301075269,0.31950609353390574,93,115
e7671f65eccf7aa2,0.8387096774193549,0.5175818334892323,93,99
e79b9b3f44eb1a58,0.40217391304347827,-0.052828272111944255,92,105
e7dc4f3ef7353a93,0.8924731182795699,0.3468747956279765,93,105
e81660293c95243c,0.27956989247311825,0.41274242592085997,93,291
e8211380863fc5c6,0.6129032258064516,0.3131879346583214,93,137
e83501d12192b753,0.8279569892473119,0.47208983946073996,93,93
e848fac9036a1547,0.8064516129032258,0.5242496742886255,93,134
e84e7ab144ff5ed2,0.8260869565217391,0.3347803335922108,92,24
e8575101038f37b2,0.8709677419354839,0.29314849796279546,93,20
e85c26592f6b9623,0.053763440860215055,0.24680961966372295,93,809
e88dbad6d70c4011,0.9247311827956989,0.4969866920557284,93,62
e89ebd14f27721d2,0.45161290322580644,0.17265107599526905,93,122
e8ab0e8a5bce52a6,0.967741935483871,0.5037886552414119,93,96
e8ad2c988c4963b5,0.7634408602150538,0.28366756647202196,93,126
e8ad931308efff94,0.9139784946236559,0.4601148360212055,93,21
e8c7aad48cd8af05,0.31521739130434784,0.09166357788163347,92,40
e8d1d58afb1d8ed9,0.9032258064516129,0.6337021122443887,93,110
e8e0a055934892c6,0.1827956989247312,-0.053006586113390555,93,274
e8f15c3cb3d3c735,0.9354838709677419,0.4885352916135496,93,100
e8f960d474fca34b,0.6774193548387096,0.42798712970643293,93,176
e91d859b827a7a2d,0.9139784946236559,0.5145080753377592,93,43
e9238d223df34d9c,0.6086956521739131,0.3000526863078786,92,80
e92bb999209edced,0.6666666666666666,0.46802604617728283,93,63
e9319a587cee08bd,0.8172043010752689,0.4581687290229167,93,146
e93409b9f9b5d41e,0.9301075268817204,0.6756569779292306,93,142
e935f05eb0fba6f1,0.8602150537634409,0.5099463492295659,93,34
e936566dbd344fb0,0.40217391304347827,-0.3237878940697352,92,1245
e93e9e7467c18f82,0.9139784946236559,0.5044349770454852,93,149
e94ae023a774d4ab,0.8924731182795699,0.5105834267902947,93,139
e95ccd1bf1750fac,0.16304347826086957,-0.2319573988897107,92,27
e96d4ba5664ba5d4,0.6739130434782609,0.4130167199264335,92,96
e97777d74dff67a7,0.23655913978494625,0.04383711646982683,93,51
e99246c00fb1bc5f,0.8817204301075269,0.4269542820607829,93,41
e9be5e46775d299c,0.8924731182795699,0.5964985341778081,93,117
e9e00156b9e4d2e4,0.10035842293906809,0.3356945278027297,93,373
ea05a8c65a2e759c,0.9032258064516129,0.6165833987317922,93,104
ea102c7e0e1c8a75,0.3118279569892473,0.4215196808829854,93,474
ea1a88aac9527940,0.946236559139785,0.2764674527126518,93,139
ea2db97ebd898b66,0.9086021505376344,0.648655588332987,93,62
ea30aa0f51db2a30,0.4838709677419355,0.3431721778485396,93,456
ea3d6b71c67999d4,0.7419354838709677,0.47885995524369174,93,447
ea4dc53e1d1c2ea1,0.8924731182795699,0.426574190753833,93,52
ea6551133106675f,0.6881720430107527,0.5731932940881216,93,198
ea66ebb616e9a651,0.0,,93,124
ea74f9249d3f69d9,0.7741935483870968,0.25022241301209464,93,49
ea7ea1f62c59128e,0.45652173913043476,0.2916055158553754,92,97
ea8631d15c81b102,0.5913978494623656,0.05046876806679412,93,201
eaab428c8ab4c49f,0.8043478260869565,0.07916575253487101,92,110
eaac1b7d537d7eb0,0.7311827956989247,0.43062854337086115,93,266
eaadf5b6cb1bb4a1,0.967741935483871,0.4368090497377567,93,68
eabcf25b02f75c61,0.5652173913043478,0.3461239847392114,92,63
eabd02a56013ddc6,0.7634408602150538,0.22610161846333654,93,60
eadaafd75bc93f2d,0.6666666666666666,0.30315029471694566,93,345
eae0585cbf096271,0.9032258064516129,0.5411206371243756,93,70
eae5f222ed9c4c04,0.8478260869565217,0.4648639615631388,92,38
eaf24db220c7df30,0.9021739130434783,0.42055254927876273,92,114
eaf3af66938ffaa4,0.0,,93,113
eafe3af400b700be,0.4673913043478261,-0.026557578604432662,92,344
eb1f9d6061cefc82,0.16304347826086957,-0.06134095188474236,92,21
eb400db184a2694f,0.391304347826087,-0.07410174128875499,92,172
eb485b2f20fd1c62,0.9354838709677419,0.4206664633631712,93,54
eb61bfa1787def68,0.6559139784946236,0.5167336657977983,93,220
eb63454a57676f6f,0.956989247311828,0.49227791188021575,93,79
eb86e70c62d37e66,0.9032258064516129,0.5038860879440177,93,140
eb8ad2318ac99e64,0.7849462365591398,0.40701879803825186,93,254
eb94679d89e17cbd,0.6666666666666666,0.26105583309292163,93,188
eb94d4cbe2080756,0.946236559139785,0.35492857365450214,93,144
ebacdbc6800cc066,0.9247311827956989,0.3395710327647908,93,69
ebadf54f2c98452f,0.8602150537634409,0.4235154514247947,93,29
ebbea1d55f5c5970,0.18996415770609315,0.39011874068967906,93,677
ebbf80dbc5b1debf,0.17204301075268819,0.20011532176160202,93,507
ebc9b8cfb35c4a69,0.9354838709677419,0.4206246800959481,93,82
ebd41800b81fa8a1,0.9021739130434783,0.2924705653049526,92,55
ebd66664b30078a8,0.8064516129032258,0.3282135040466832,93,152
ebe05698646ee6fd,0.7526881720430108,0.5347317657263911,93,502
ec09d6144e31bf54,0.21146953405017918,0.42536343757569084,93,816
ec0ed1c86bda6c8b,0.75,0.39701794161558157,92,11
ec25e53ca7d50023,0.7419354838709677,0.4897090605506418,93,477
ec2b5e66406a4a6a,0.8279569892473119,0.45715784033444096,93,91
ec4278b62a2c4dd1,0.20652173913043478,0.06946337054566658,92,38
ec4b0a100e4ea241,0.9247311827956989,0.45885431952116496,93,87
ec541efcd12bf683,0.8709677419354839,0.6817669371509518,93,185
ec79ac362623fb71,0.9139784946236559,0.5468696516009934,93,99
ec7c4b76d786bc60,0.8602150537634409,0.3918727628587967,93,124
ec7fa78975c2094f,0.946236559139785,0.5146064974124069,93,92
ec8c4fe0df26c42a,0.20652173913043478,0.020137843308395124,92,64
ecbdd181c7b9287d,0.6881720430107527,0.4667524097208982,93,142
ecd11ecc5b4b2ffd,0.8924731182795699,0.2390396295167374,93,55
ecd62f6169663379,0.3978494623655914,0.22231967962098018,93,155
ece4fea9731033a5,0.8924731182795699,0.46569060340794893,93,97
ecf73d2a36b001fd,0.24731182795698925,0.07594102887225725,93,168
ecf8efe28f48eb62,0.946236559139785,0.3937823319607395,93,74
ecfaeffa192beb95,0.946236559139785,0.37295715514462013,93,235
ecfec4d0a4cc26be,0.7956989247311828,0.5395294723059527,93,398
ed01e3721f361654,0.5,0.23602789113932274,92,387
ed154982c9882e8c,0.7956989247311828,0.612395027920438,93,141
ed28c6d3d5e988dd,0.9354838709677419,0.5808867931638739,93,480
ed3204a576f931cf,0.874551971326165,0.5447237604331692,93,30
ed32f3ae478c6000,0.6521739130434783,0.4108449920015384,92,27
ed340f2844e6d9cf,0.8709677419354839,0.6332291702927487,93,61
ed3bbfb1003d5109,0.7849462365591398,0.4441211515600429,93,112
ed46afb4bf71c2d6,0.7096774193548387,0.5798884369859149,93,207
ed4b0c9dd3dc16d2,0.6847826086956522,0.4034733387784968,92,53
ed501ce0aff12d7e,0.0,,93,1010
ed58fa0ee4983613,0.6739130434782609,0.22050481657829699,92,38
ed743dfa0cf52c79,0.8870967741935484,0.42325151107083253,93,87
ed8a8d8a3e8c457d,0.12903225806451613,0.04639966282071387,93,167
ede0cfc8cc1f92c7,0.5760869565217391,0.19947214240653366,92,38
edf7d4b364f2b3db,0.03225806451612903,-0.43498847282743053,93,81
edfc3333bd388e23,0.22580645161290322,0.23551646980281657,93,136
ee057a150e4359a1,0.0,,93,970
ee1cc13da7070928,0.9139784946236559,0.6421126716832684,93,102
ee23a4cbe0cbd40f,0.9247311827956989,0.5746844190884086,93,122
ee443cd454d6d6c1,0.956989247311828,0.3146084376127258,93,117
ee6e8d2e9827dd70,0.7204301075268817,0.4406448251559792,93,81
ee869838ca22fd42,0.8709677419354839,0.4808766958714298,93,63
ee922d8bb5563a27,0.946236559139785,0.44268670189035425,93,84
eeb37fdb3dde97a2,0.5806451612903226,0.3871828192108429,93,101
eec68225c263c3cd,0.6666666666666666,0.19524696094344246,93,124
eecb8658a0ea3074,0.06451612903225806,0.193274707415627,93,557
eed125a394df070d,0.978494623655914,0.2981356677085983,93,78
eed5fb900762953a,0.07608695652173914,-0.3451456984905869,92,198
eed7c4bab4a37fb1,0.532608695652174,0.30403644564469956,92,29
ef025d2ed15bcdcc,0.7741935483870968,0.5633192631179097,93,399
ef0c185136837014,0.8494623655913979,0.36524159506924453,93,94
ef15b0ebc8968885,0.7634408602150538,0.5830819672609249,93,116
ef234cb81ad5cb41,0.946236559139785,0.3701338808900261,93,68
ef247efc6a165312,0.946236559139785,0.5703486237449786,93,64
ef27ced870174fde,0.8817204301075269,0.49301643884408697,93,57
ef2e83db93d88974,0.12186379928315413,0.31365204756587445,93,209
ef32f3ed6b6bca0b,0.6666666666666666,0.4252585347709156,93,60
ef3698bca63d8be0,0.8494623655913979,0.404981289824486,93,122
ef3b3dd1752f0d94,0.8387096774193549,0.49933994752570543,93,68
ef555774eb4c4663,0.21739130434782608,-0.10620360697283149,92,21
ef55d6c4b4e95074,0.7741935483870968,0.4524923768785705,93,63
ef76ed046986a0fe,0.9139784946236559,0.46434645955737125,93,38
ef7794063d6f5621,0.9139784946236559,0.45119342968140236,93,113
ef7e696b1b05bd5b,0.08602150537634409,0.10710950535503995,93,424
ef8f77f50a5300db,0.12903225806451613,-0.11845692533596701,93,45
ef91591f7aeae5ce,0.44565217391304346,0.15148112092964572,92,183
efa409a127936170,0.0,,93,170
efb59be03da2eb8a,0.17391304347826086,-0.05941893276338726,92,192
efc12255b1bd5e77,0.9032258064516129,0.2815984759885632,93,76
efcd5862efe6e71d,0.17204301075268816,0.29869580665852496,93,874
efe8cb4eb59240a6,0.035842293906810034,0.290558984748136,93,641
eff2ec7ce5b05880,0.8369565217391305,0.34300556344618033,92,75
effb33e2f317e062,0.9247311827956989,0.25441147644454165,93,68
f03305c6111be336,0.9139784946236559,0.6432598645983054,93,94
f04dabb82ce82b45,0.1827956989247312,0.3417320819883547,93,4746
f05a02badb08fd11,0.6989247311827957,0.45459298347108346,93,99
f06479ad97a6e086,0.8172043010752689,0.5215907088327109,93,198
f06800e7b96e8dd3,0.8172043010752689,0.25238912579223677,93,214
f087a62fb03ea16f,0.1935483870967742,0.13103576032131073,93,17
f0cd3a0e647cdc1a,0.7204301075268817,0.25739534928481095,93,263
f0d00c0c881af9d4,0.8494623655913979,0.4771616897988564,93,188
f0d1496a619c7dfb,0.6075268817204301,-0.04263059566075627,93,40
f0dae3ecd81ec9b4,0.7634408602150538,0.36645332096427197,93,170
f0e24a15765f482d,0.8804347826086957,0.32012132443411884,92,1107
f1107f79b4839ec5,0.9086021505376344,0.5854518451840885,93,69
f13aee3b61648ff8,0.6344086021505376,0.20203634289785452,93,434
f13cf199e73134d3,0.7849462365591398,0.42481629210277666,93,99
f1504455717e5c0f,0.13978494623655913,0.2040800433828851,93,1272
f15047972e59ad06,0.946236559139785,0.5432356469996985,93,293
f16cae84031a0d9a,0.6630434782608695,0.2858882216889918,92,61
f1708530031651e7,0.7096774193548387,0.6431685206171643,93,474
f19e349310f75fd6,0.7204301075268817,0.3471146426744417,93,136
f1a5587fb09db6bf,0.9032258064516129,0.6277646236406781,93,66
f1bddf3e1a77fc86,0.3010752688172043,0.16843236690430927,93,104
f1c23dbb48bb7dc0,0.10752688172043011,0.2524082146857032,93,814
f1dc73156c516b5c,0.8064516129032258,0.46620157981393917,93,111
f1e22dc06ee56907,0.7634408602150538,0.5169388720427813,93,50
f1f5548f31b057c3,0.9354838709677419,0.4226710050568557,93,140
f1fda71dc0392cbe,0.7849462365591398,0.3829102471322563,93,156
f214f5d5175244ee,0.6989247311827957,0.4274678721605659,93,630
f21f1973140892a6,0.956989247311828,0.4728383032689172,93,78
f22ecc3ca8cfdd05,0.75,0.3151187639242804,92,92
f24d251f619c283b,0.8064516129032258,0.5665307847960807,93,66
f259c78a1a9eaa30,0.8064516129032258,0.35887668495318775,93,268
f25ac736841c357d,0.41304347826086957,0.1565808961357003,92,25
f28bbcfe5fe2eb6e,0.7634408602150538,0.5980821240100606,93,118
f28c4123ffb9f0bb,0.5869565217391305,0.2082131522584272,92,44
f292f76c89bf650a,0.6559139784946236,0.33855104479928916,93,158
f2a556820fd7f812,0.8279569892473119,0.38696252691052335,93,132
f2aa926c726aaca4,0.9139784946236559,0.656914073426796,93,58
f2b0a56e9c1083a0,0.946236559139785,0.5349698272483026,93,91
f2b6efb7fe3b5636,0.8279569892473119,0.3413148841546772,93,16
f2ceb0b3839fc3d0,0.9354838709677419,0.34045082033285246,93,80
f2e7be96575333cf,0.8709677419354839,0.515165063239222,93,235
f2eb361bddea4c38,0.03225806451612903,-0.0039062248967806305,93,682
f33df8f493ec35c4,0.9032258064516129,0.6512869122704665,93,214
f34574f5c358ce51,0.5483870967741935,0.2996968276323467,93,200
f359458546f85d32,0.9032258064516129,0.5284203349144018,93,101
f35d010198cd6572,0.6989247311827957,0.5020176545694978,93,167
f360c9463bed66a1,0.9247311827956989,0.5493456534549502,93,72
f37286c52f340c4e,0.946236559139785,0.5494546449069215,93,70
f385a25435fad19b,0.8387096774193549,0.43757779647770834,93,89
f3b8373443b4fcf9,0.9354838709677419,0.29241553831077344,93,158
f3c1b0f839db726b,0.8279569892473119,0.5034190340607775,93,109
f3d4a10304d0a0fc,0.9247311827956989,0.6039544037421454,93,105
f4125d782a94b6a8,0.2903225806451613,0.26026326389949894,93,79
f419b733b4aadd62,0.5053763440860215,0.04005958454878292,93,230
f4227f966f2ec808,0.5543478260869565,0.3471993662409916,92,45
f42671287a2ed1fa,0.7634408602150538,0.40278596315872056,93,155
f44fe0ce78f2a21f,0.010752688172043012,0.035001957813088465,93,464
f46903198a846e77,0.6989247311827957,0.3716008167675062,93,72
f4715c9e096abb06,0.014336917562724014,0.20364253407506597,93,1082
f4a56f0cb98706e9,0.8602150537634409,0.23479964468443573,93,136
f4aef204911cd156,0.6774193548387096,0.2447316628776771,93,42
f4c692d6d09a44bf,0.9032258064516129,0.3408260660620376,93,169
f4e101b709644cec,0.7849462365591398,0.47631478848143105,93,146
f4e21f9e8a4eda19,0.8494623655913979,0.08177912978756342,93,90
f4f87f3d12355cd0,0.967741935483871,0.4349884728274306,93,71
f5126a1ef721190a,0.8817204301075269,0.6563267776004572,93,241
f546c1f9933664e8,0.8695652173913043,0.2813185786707053,92,14
f557e84e5c6f9d2d,0.8827639751552796,0.5241580632477266,92,39
f569f3197910bac9,0.946236559139785,0.503279753854291,93,51
f575d84fd3be6c50,0.8064516129032258,0.527591715360461,93,115
f59fb36de2ff4b92,0.7311827956989247,0.3541641346950178,93,86
f5aef0a4de56d44f,0.0,,93,455
f5b3a8d72491d3ea,0.967741935483871,0.4368090497377567,93,63
f5b4838bd6278a28,0.3978494623655914,0.2261761616777804,93,95
f5c010fd7aea174e,0.9354838709677419,0.6301041055267139,93,493
f5cad05be7073687,0.9354838709677419,0.5705921417475003,93,150
f5df6c4bd35ddcf5,0.0,,93,210
f5f099abc4271431,0.7741935483870968,0.49809523364219804,93,332
f5f5052d4ea891f8,0.46236559139784944,0.4981283629305237,93,41
f5f72de32aa6bce9,0.6774193548387096,0.15468936011302267,93,436
f5f8633818d27444,0.7634408602150538,0.36394784585599493,93,55
f5fa40702a5e1ee1,0.6559139784946236,0.2636745509245515,93,162
f600dc6af37ce644,0.21505376344086022,0.30410284467652504,93,111
f60225fba93d9da7,0.7956989247311828,0.623313558914682,93,99
f6069a075382f449,0.5913978494623656,0.29817636623324817,93,29
f61e1c7e7e52d38e,0.6684782608695652,0.25626911083858595,92,385
f62b9f9e8921e373,0.053763440860215055,0.19821845982952227,93,843
f63d1e96de8af330,0.9032258064516129,0.3376155401119486,93,162
f646c4e91811dcda,0.978494623655914,0.24534639462393112,93,204
f653359ae48f880c,0.34782608695652173,0.022469823731149034,92,140
f658380b3f992679,0.3548387096774194,0.12909134107278025,93,129
f677684d1c00f9ae,0.0,,93,390
f681209a8304cac4,0.16304347826086957,-0.08839211823331539,92,75
f6950dbc096e6a67,0.7204301075268817,0.5517309195078465,93,223
f699e9adbcde96e0,0.7849462365591398,0.4412342847958211,93,50
f6a1f540e95d155f,0.8279569892473119,0.4523617032406415,93,40
f6a631683cae6e1c,0.4891304347826087,0.0648070519968264,92,337
f6a723b4a78b61d7,0.8369565217391305,0.44669904884671263,92,35
f6b98bc978feda6d,0.956989247311828,0.45080341355318754,93,60
f6c1f61c46e4b580,0.8817204301075269,0.47606845903317707,93,65
f6c78eb95fdd2ce1,0.34408602150537637,0.17435090666011438,93,1099
f6d0dfa8cd6daafe,0.7688172043010753,0.34832507241331445,93,64
f6e2e59a2f52e27d,0.5698924731182796,0.40812559102126295,93,96
f6e6591fa9b05e83,0.4731182795698925,0.3325545213969462,93,144
f6f7cc3deed33afb,0.9247311827956989,0.49456306150156365,93,68
f6fa3250955c4305,0.9032258064516129,0.5521089744618434,93,420
f6fe2bcf9354a7fc,0.08602150537634409,0.10973071852090625,93,94
f70b4e0d77ffd1f2,0.9032258064516129,0.4538448561355094,93,61
f7149d1b17967c0f,0.7096774193548387,0.5135806976159115,93,82
f727ee3dbc713ebc,0.13043478260869565,-0.15144856867932083,92,70
f7407fc6e41da870,0.8494623655913979,0.42157476128552823,93,178
f74095a8ea826f2c,0.5806451612903226,0.32557853973944434,93,47
f7424a7c40529e21,0.6086956521739131,0.2864123715143177,92,51
f7435550cf49001f,0.9408602150537635,0.46275755620239906,93,90
f74e00b70c627a36,0.9247311827956989,0.411970191575329,93,79
f76ae25cc118f478,0.7526881720430108,0.5190202492637257,93,78
f788aabf4241331f,0.8387096774193549,0.519216625968859,93,111
f795731822309937,0.8924731182795699,0.47491950580650116,93,468
f79e91d74f74712c,0.08602150537634409,0.14867555753252412,93,828
f7a249e71396adfb,0.967741935483871,0.23044772304706843,93,66
f7c4254cabff9b67,0.8924731182795699,0.5317233417749762,93,104
f7d4dcd9ff1ee3ba,0.021505376344086023,0.08289228748775247,93,126
f7ff4bf14423e4d8,0.7204301075268817,0.3734836278485254,93,333
f80505476fe896d2,0.4946236559139785,0.03404324131041606,93,87
f80ac2d77109efad,0.8494623655913979,0.43436639279275047,93,55
f80af2e83a04711e,0.5806451612903226,0.21136701228371194,93,272
f8694764507ca6e7,0.967741935483871,0.4349884728274306,93,93
f8962d2d04116b4f,0.9032258064516129,0.5509399588774898,93,108
f8aa3ba1648e6f06,0.6129032258064516,0.33994496838727545,93,296
f8af65d2b1207cbc,0.9782608695652174,-0.03740974506518137,92,563
f8b0213234391d60,0.946236559139785,0.27958913376146144,93,65
f8be7bb575839eed,0.7096774193548387,0.3237577691495599,93,149
f8bfabdc4b608b39,0.946236559139785,0.5312954315154629,93,160
f8ca3af2aadbd578,0.7634408602150538,0.36245824017925876,93,67
f8cba69c2c5dd59d,0.7204301075268817,0.4284122750977099,93,97
f8ec9268186664fb,0.956989247311828,0.3119532765445148,93,80
f8fba8cde0a23308,0.7419354838709677,0.38725950132894515,93,120
f8ff470d0fbbc9a9,0.7311827956989247,0.15630408709285187,93,265
f90b47d975a6ec97,0.34782608695652173,0.16512226677130645,92,75
f92eaea23c2cdebd,0.4731182795698925,0.3309920918812852,93,270
f95601d3b6d4452c,0.8494623655913979,0.5562883053660953,93,539
f95a4f8f31939206,0.9247311827956989,0.1712568634402143,93,42
f9745952d3d13f80,0.6666666666666666,0.46948670350720934,93,371
f9851950507a9a84,0.6451612903225806,0.27032305632350295,93,123
f9b4fe9429aa1114,0.9139784946236559,0.22102409205954998,93,75
f9d6ce3e6a65a53b,0.7741935483870968,0.37800231164914216,93,222
f9dbbf773a08f71f,0.8924731182795699,0.6364254372419761,93,119
f9e8f84b24e56d16,0.946236559139785,0.5100346619448847,93,136
f9f010c5874bd498,0.7956989247311828,0.4584936949649729,93,206
f9f2dfa333899cfe,0.8709677419354839,0.23227742381503488,93,67
f9f79157fbd86eee,0.8279569892473119,0.22360526782827528,93,130
fa0f378a2a56fe8c,0.0967741935483871,0.0845023099157383,93,126
fa1baac4db9534f4,0.8387096774193549,0.5802254800632528,93,41
fa2efea14b2deb39,0.5161290322580645,0.3718868510355316,93,126
fa37b72a7ebe8e18,0.2903225806451613,0.04257742035787501,93,390
fa3cf4749967710e,0.8494623655913979,0.42861762727380576,93,458
fa3f5f47bd049bff,0.7419354838709677,0.4621171392051045,93,48
fa6ff315ab9e5c82,0.9301075268817204,0.5474019900247247,93,48
fa707ca5e94bf045,0.8817204301075269,0.6662709451960979,93,173
fa71f076d2015d16,0.946236559139785,0.533543679323638,93,192
fa804a32ba6209d9,0.956989247311828,0.5077414227543116,93,117
fa93e301db239157,0.6021505376344086,0.5020999146957332,93,69
faa3e33238e07548,0.8279569892473119,0.2008276001352966,93,49
faa67c01eb44e3a6,0.946236559139785,0.42804642843829266,93,82
faafc4ae9ac9cec7,0.946236559139785,0.544209754913859,93,110
fab49a7514690261,0.9354838709677419,0.23007216026850766,93,197
fadcf22fae560fcd,0.7608695652173914,0.1602230592155903,92,216
fae36309bb69e2fa,0.5806451612903226,0.4544629981192536,93,204
faeb9c28c943400e,0.26881720430107525,0.05061533829390432,93,52
faeddebe3f6e916b,0.6666666666666666,0.34895874669435784,93,57
fb01b84d244fa071,0.967741935483871,0.2924381027651503,93,332
fb0581529b1b27f4,0.0,,93,213
fb1dadbc369a0186,0.8279569892473119,0.43563483858872915,93,37
fb35c554e42c2e8d,0.8709677419354839,0.6452281063573337,93,79
fb3eefb3fee5c451,0.7096774193548387,0.21182656314410597,93,169
fb3f0d54032b3f53,0.06093189964157705,0.24331981912095194,93,361
fb7ca1699c07b870,0.12903225806451613,0.15269909675675847,93,1016
fb7eb5a51daca6fd,0.0,,93,126
fb902d8f92c5c130,0.946236559139785,0.41649083004774057,93,103
fb9a2078bd700aa4,0.3225806451612903,0.2914316608021269,93,163
fba54ffe5d628447,0.6630434782608695,0.38646458522895216,92,34
fba8b52caa9424af,0.6344086021505376,0.37157406433696066,93,577
fbf9cccabe0d458e,0.8602150537634409,0.4838310607533531,93,132
fc01d28969ba9ea4,0.8602150537634409,0.28119628641217626,93,175
fc03f584499c2285,0.0,,93,234
fc31b10dc04b8095,0.717391304347826,0.3804423557937009,92,26
fc52e9695c1d6398,0.6021505376344086,0.538268878911609,93,89
fc54ec9d20822df9,0.946236559139785,0.43928015901797585,93,174
fc552f66ed02203e,0.9354838709677419,0.4276072689918066,93,292
fc5a5d77e57f46b4,0.8172043010752689,0.3944147210742861,93,65
fc764b98149a0d13,0.8315217391304348,0.2795254985520547,92,24
fc84055fceb49ee8,0.967741935483871,0.44941097474103314,93,205
fc88c43aea50b87a,0.9139784946236559,0.3419089753980585,93,347
fc9c32e0e40af243,0.15053763440860216,-0.05220831308451999,93,221
fc9e493f410cba55,0.5978260869565217,0.4004829932756811,92,75
fcad1fdbc86acd6c,0.45652173913043476,0.11175964217348255,92,31
fcb656960a2d8361,0.6559139784946236,0.25623670350070127,93,77
fcc61fa73a69ea86,0.7311827956989247,0.5781755791525449,93,770
fcf79f2cbb699501,0.9408602150537635,0.5366185390852649,93,62
fcf919254ab956c7,0.6881720430107527,0.4255723629179655,93,409
fcfa09a23478639c,0.717391304347826,0.16901689383253465,92,61
fd1099c950111cd6,0.8478260869565217,0.31505388974788295,92,37
fd3b4cf30210ed53,0.9086021505376344,0.6194299979833472,93,87
fd64b1ebaa7d4c10,0.9032258064516129,0.3534364125227958,93,129
fd7a3736fb95323a,0.9247311827956989,0.6645453641015358,93,169
fd8a5451336dc0a4,0.978494623655914,0.4400345737170437,93,87
fd94d9aae0b9e02b,0.7311827956989247,0.406379889090568,93,206
fda1a6099931530d,0.9239130434782609,0.30770890975106474,92,29
fda57ceb5659147e,0.6774193548387096,0.3112273937242593,93,137
fdad553233c97d86,0.9354838709677419,0.5551302929512382,93,81
fdbbff39b5e01dfd,0.6021505376344086,0.4875688335570646,93,422
fdcdd8c6385bb879,0.989247311827957,0.3183877063295677,93,124
fdd2b619c893ff8a,0.946236559139785,0.4779927889005947,93,92
fdede7f5e36e1d33,0.7956989247311828,0.5455983659629857,93,89
fe184fa81da673e7,0.9354838709677419,0.4839188033230347,93,186
fe198c9734727d50,0.45161290322580644,0.04799389888488036,93,121
fe1c2643f90af6c4,0.9354838709677419,0.4778176254084757,93,80
fe1f797989572d4c,0.4838709677419355,0.39834413800388385,93,951
fe3f06c4a70f0a2c,0.13978494623655913,0.3068268086399619,93,518
fe54b1bacd4e4065,0.7934782608695652,0.3632996398735559,92,12
fe559da6df84ac4e,0.8913043478260869,0.38072542583954266,92,19
fe59f7d124d521e1,0.9032258064516129,0.39633758939596936,93,200
fe686953dcc5e798,0.7956989247311828,0.4658600655901813,93,122
fe740057cd20a3a4,0.1935483870967742,0.36840076538326344,93,380
fe88a3eacb314852,0.8172043010752689,0.4871605175669786,93,76
fe92c2ce6c99e461,0.9408602150537635,0.2653535162735638,93,152
fe944cbd824bde4b,0.6413043478260869,0.29749386019481433,92,35
fe95ec5bf8b863c9,0.9139784946236559,0.4750662467663014,93,85
fe9b7165df07aeb8,0.6666666666666666,0.2589009833099165,93,312
fe9dc7244f58c3d1,0.8369565217391305,0.4131899684476247,92,90
fede716c382b2403,0.7311827956989247,0.4606337588966512,93,89
feefc96bea549552,0.11827956989247312,0.3445637335065039,93,877
fef1909f1d0f1acb,0.7634408602150538,0.6386249191784347,93,429
fef1c90607c88806,0.8817204301075269,0.5575628260542606,93,204
ff1b4cdbf966ca30,0.21146953405017915,0.45185338270672665,93,429
ff244fe327ea8c03,0.29347826086956524,-0.039219390677176856,92,34
ff34454cfe33e522,0.9354838709677419,0.12589376094112914,93,73
ff89dc10bdce0586,0.9354838709677419,0.49792435753795994,93,103
ff931dfdd44ac984,0.8709677419354839,0.3459287393231351,93,63
ff988fd6b2c2a9a4,0.8763440860215054,0.5656676060005633,93,62
ff9ddd5dc30c5985,0.8494623655913979,0.43203813309253836,93,33
ffd97dbf658851ef,0.21739130434782608,0.09979091982458503,92,101
ffeb21afbf0a7464,0.8763440860215054,0.23583201641818965,93,73
fff1e41d32f06ad8,0.9139784946236559,0.4942500807545074,93,111
