item_id,item_difficulty,item_discrimination,n_models_observed,content_length
001c1f0e962cdc17,0.3333333333333333,0.13969111016554145,18,432
0037c0817a7900e0,1.0,,18,490
0044d99fdb42a8e2,0.6111111111111112,0.41176969946787817,18,394
004f76fe179a4a3f,0.8888888888888888,0.5742955928467053,18,387
0057bf45fca71d96,1.0,,18,330
005a32c786e20a1b,0.9444444444444444,0.3592452611155529,18,288
005c733edfd786a5,0.05555555555555555,-0.1641616746294184,18,270
005f0de21041741d,0.05555555555555555,-0.3592452611155529,18,302
0064c9871e985e5a,0.9444444444444444,0.3796353534883974,18,200
0074b0d587912a4a,0.2777777777777778,0.20110045043396796,18,452
00801866d003cf94,0.1111111111111111,-0.4791003410949165,18,679
008ba35d34f0ba40,0.7777777777777778,0.3988378458635059,18,626
009e1f90ea4778c4,0.7777777777777778,0.2883157021442665,18,587
00a87eb58d0bec5b,0.5555555555555556,0.1684547422070066,18,331
00c2112f6ff52663,0.2777777777777778,-0.12469355241794786,18,200
00d97eda8ff347db,0.1111111111111111,-0.026822478341690246,18,242
00e60873441e5c13,0.5555555555555556,0.6808473251969177,18,732
00f56df074d8ce79,1.0,,18,404
0100a4394962f769,0.9444444444444444,0.0770904693615955,18,190
010bc7a2169d529b,1.0,,18,341
011a530b05a5bb86,0.8333333333333334,0.7176262342277034,18,143
013215cf3e43acf8,1.0,,18,485
01365de42f1a0d13,1.0,,18,311
01564ad1db4b440f,0.9444444444444444,0.3592452611155529,18,186
015ac5ed760477b7,0.8888888888888888,0.35980502560849686,18,284
019773d886d6fa9d,0.4444444444444444,0.4353911525708906,18,217
01aabdf122d70f77,0.8333333333333334,0.4740894520959921,18,391
01b49c08578f9a94,0.8888888888888888,0.5148487689679511,18,472
01b5137180f577f7,0.8333333333333334,0.38094256046008035,18,303
01b59acf1fbc65ec,0.5,0.7851629706025376,18,258
01c08c847b9c9c86,0.7222222222222222,0.12751183963985013,18,268
01ce94fb7659b63f,0.0,,18,601
01cfd20241e56b8e,0.1111111111111111,0.20614480442640135,18,218
01e2cb12fa6236ee,0.9444444444444444,0.16416167462941847,18,226
01fc843927ed4677,0.9444444444444444,0.3796353534883974,18,323
02369e0e6008fa26,0.5555555555555556,-0.44707685352157783,18,183
023f33d9518f303b,0.8333333333333334,0.16077718022974352,18,529
0269e93cfa87d4cf,0.3888888888888889,0.665414310319528,18,351
026d686f49e5448f,0.8333333333333334,0.6674962707291036,18,182
027c94305ac4865a,0.2777777777777778,0.36681573908182846,18,332
027e0f19c2d7b7e8,1.0,,18,213
028cb3e44a90609a,0.0,,18,419
02b254ca641dede0,0.8888888888888888,0.35980502560849686,18,193
02cdbe9b72d2ec32,0.6666666666666666,0.5155628449304587,18,238
02dda528282f4cfe,1.0,,18,337
02ef8d30eef39710,0.9444444444444444,0.3796353534883974,18,482
0326068ab2013248,0.8888888888888888,0.4642386351252276,18,373
03353fe4133554cc,0.8333333333333334,0.6549637798544538,18,442
03371eb29660842e,0.9444444444444444,0.4286817918987533,18,582
034c4cec84c9cbb8,0.1111111111111111,0.06515943157881485,18,290
035a888307eb4693,0.05555555555555555,0.2127794924793841,18,187
0363bc0a971305f9,0.8888888888888888,0.3963567889393528,18,224
03829389096735d4,0.8333333333333334,0.3033766034250849,18,565
038803fc5cfb9d26,0.0,,18,255
03b039b16f903f62,0.0,,18,262
03d6c183040b5a56,0.3888888888888889,-0.40218897630390377,18,269
040b2e5eba0ea9dd,0.8333333333333334,0.7176262342277034,18,266
04219442d9327f46,0.5,0.5349711687160055,18,205
0424232fe91df278,0.7777777777777778,0.6295983657168622,18,433
047d2ca7075d0fa9,0.5,0.3713745111756696,18,435
04b8a93b75af025f,0.1111111111111111,0.1852580825230552,18,243
04c19e82ab2d767f,0.7777777777777778,0.6450836111280744,18,273
04c3a2bdc4de09b9,0.8888888888888888,0.3814950829696641,18,220
04dd0084392596c2,0.7222222222222222,0.6381854842485626,18,986
04e8184f9c51fc97,0.9444444444444444,0.4286817918987533,18,782
04ea15cdf756233a,0.9444444444444444,0.3592452611155529,18,274
04f056ba772cc4ea,0.5,0.7952615297099656,18,316
04fd719fca14825a,0.5,0.3968733729219257,18,196
051da46e5beb5d33,0.8333333333333334,0.4740894520959921,18,506
05227fc3b08efabf,0.6666666666666666,0.5335040034884612,18,361
0527105ea80cd184,0.7222222222222222,0.7974187122860475,18,403
054e387d963d20ef,0.6111111111111112,0.6862444711925536,18,250
055e624b0cb18235,0.5555555555555556,0.5711033510513341,18,315
05860d72519a31c2,0.8888888888888888,0.3180315818018046,18,373
05860e6cf938fc7f,0.8888888888888888,0.5891572988163939,18,420
05a81f374fccbf57,1.0,,18,198
05b6dd1921df54d4,0.8333333333333334,0.4121044296619128,18,552
05b75d4ca62ceff3,0.8888888888888888,0.13848610697880992,18,410
05c653538cd2c15c,0.5,0.2062630697692197,18,481
05e0d47d7de12f06,0.16666666666666666,-0.4513954821337883,18,284
05eeec20647e1a1b,0.4444444444444444,0.24587956758800844,18,285
05f20eec2147b3b9,0.7222222222222222,0.7266797030162977,18,439
05f8a8e75d36bdb6,0.8333333333333334,0.5543651368876689,18,241
05ff3017c902f4c1,0.6666666666666666,0.6960455444542443,18,176
06001c102d2e39d4,1.0,,18,220
06002fe0da808160,0.0,,18,274
0605e856bc218a9f,0.0,,18,342
061146cb3085851d,0.8333333333333334,0.5049126053282394,18,225
062e3487cf47221f,0.9444444444444444,0.11401306906377343,18,585
0638295d688c5c81,1.0,,18,281
063a3fdb43cf2147,0.8888888888888888,0.5148487689679511,18,230
063d2980543770fd,0.9444444444444444,0.3796353534883974,18,256
0663d995578567bb,0.6111111111111112,0.5699811009054035,18,374
067cba4a29dc84da,0.7777777777777778,0.4346664528933692,18,344
06b4a9b79d617c78,0.8333333333333334,0.18008399049609602,18,268
06d0a271e9ff6c46,0.7777777777777778,0.6563180048577772,18,234
06d1c609eb912730,0.7777777777777778,0.5873934811647352,18,551
06d4ed6e08b5dd7d,1.0,,18,450
06e1b483b23ede86,0.6666666666666666,0.49199833816770916,18,907
06e5e3abd5fd5cfa,0.6666666666666666,0.6440965181818193,18,355
06f6d4cf9cc865ad,0.8333333333333334,0.5851882901199161,18,219
06fb2dcec8d91171,1.0,,18,278
07025fcecef47ba9,0.8888888888888888,0.03766750702227384,18,368
0707cf67a6248a62,0.4444444444444444,0.23648019943202092,18,286
074d717be4774875,0.5,0.6326747280803728,18,486
0753c03a7a97805b,0.9444444444444444,0.4286817918987533,18,270
07727f3cfe6b6589,0.9444444444444444,0.4286817918987533,18,233
07735bd2cddc617a,0.5555555555555556,0.2271372839376309,18,394
07a0d89e11f82706,0.16666666666666666,-0.014451881368965698,18,282
07aa6e6f09167595,0.05555555555555555,-0.4286817918987533,18,382
07fb69a586f18dc3,0.4444444444444444,0.5766357118878914,18,220
084fc441c91c47ce,1.0,,18,690
0872382b775df898,1.0,,18,562
087679b6f7f06f90,0.7222222222222222,0.5719557345338566,18,190
087981009816ab98,0.2222222222222222,0.423094689982594,18,611
0884d6e49df155b5,0.9444444444444444,0.0770904693615955,18,279
089307f6b36d04b9,1.0,,18,281
0898c050803ae360,0.8888888888888888,0.2854964957600539,18,648
08b1e1fb9cc4462e,0.7222222222222222,0.5939383748646951,18,339
08d4ec9f7f5cdb18,0.8333333333333334,0.6674962707291036,18,468
08f41bd7ea8291c1,1.0,,18,193
09019fcfd01f7000,0.8888888888888888,0.3180315818018046,18,383
09176d4956b65b70,0.8888888888888888,0.4791003410949162,18,234
092c2d0661ab2e43,0.16666666666666666,0.2643113615995994,18,233
09388f5f041e1629,0.1111111111111111,-0.0918926504251917,18,240
0938c4fad8759ad4,0.2777777777777778,-0.04239956553839811,18,425
096226708c60e86d,0.6666666666666666,0.47539607203940826,18,151
09694225c4f6d063,0.6666666666666666,0.42264371030916237,18,266
098018ee94d95889,0.9444444444444444,0.4286817918987533,18,213
098419e3b06accfe,0.8888888888888888,0.35337834194592893,18,384
098b040ada786ab9,0.8888888888888888,0.368641715644528,18,197
09d2783c94167597,0.6111111111111112,-0.013666196705369065,18,299
09d7d2166c72e582,0.6666666666666666,0.8374325850307415,18,483
09ea44ae4b287f08,1.0,,18,590
0a0d58a6409d3637,0.8333333333333334,0.5851882901199161,18,461
0a109fa1700025bc,0.8888888888888888,0.5891572988163939,18,194
0a14b5b6e366c615,1.0,,18,327
0a332c551ec6f652,0.8888888888888888,0.3891267698189637,18,459
0a4177726403f859,0.8888888888888888,0.006337424167254542,18,219
0a511ac59187b155,0.0,,18,293
0a6fc40d077753e1,0.2777777777777778,0.6548446931602522,18,222
0a8f302d67ded77b,0.6666666666666666,0.21752539007886568,18,832
0a911dbf6d20ec8e,0.9444444444444444,0.2776848916241747,18,336
0a93203c5cf004b3,0.6666666666666666,0.5672440927169432,18,483
0a9691c5e4953b6e,0.5555555555555556,0.8784880934498431,18,461
0ae8e58c92d43ba6,0.8888888888888888,0.33851663597624027,18,161
0b07bac9ede43bb2,0.16666666666666666,-0.6674962707291036,18,293
0b0bd1cb1bee696f,0.8888888888888888,0.368641715644528,18,507
0b272e6a2c72a85f,0.2222222222222222,0.316823397944864,18,292
0b3341a42b0117dc,0.6666666666666666,0.48021608478633443,18,227
0b3f45e8df1437d3,0.9444444444444444,-0.26623459951089556,18,231
0b403d6b95776d77,0.6666666666666666,0.10023841323699878,18,250
0b53eb47aa6130b2,0.3888888888888889,0.31869570716920664,18,207
0b57e79c8f68dc97,0.8888888888888888,0.2854964957600539,18,391
0b5cc47f7786d8a3,0.2777777777777778,-0.3371924089493876,18,532
0b60fb61baee5c9e,0.2222222222222222,0.16895448588093703,18,216
0b67a311820c76a2,0.2777777777777778,0.39922604213370577,18,210
0b71bfc0b0ec0acc,1.0,,18,346
0b84c67dc1c55ba1,0.1111111111111111,-0.18467789580351787,18,398
0ba21740fc5e8240,0.9444444444444444,0.3796353534883974,18,502
0baa37069a91499a,0.7222222222222222,0.5271449677056084,18,378
0badd22f2d284419,0.6666666666666666,0.7113089181528435,18,303
0bb498cbdbe2f55b,0.3333333333333333,-0.735676760373414,18,253
0bcac9ef912f4714,1.0,,18,211
0bd97aa7e738b312,0.7222222222222222,0.39158535233210384,18,506
0bf18826fc4e6237,0.9444444444444444,0.11401306906377343,18,183
0bf6b6bd7f566568,0.05555555555555555,-0.2776848916241747,18,504
0c039db912b96fa3,0.9444444444444444,0.3796353534883974,18,370
0c2423e0619fffa7,0.5555555555555556,0.528679175860796,18,291
0c27bc83ec0c80b8,0.8333333333333334,0.24037543308225004,18,174
0c4e6fc6a21188bf,1.0,,18,167
0c55b2b140d93e23,0.7777777777777778,0.7337442319138374,18,362
0c9fc97a01624dd8,1.0,,18,265
0cb2e002778c6afb,0.5,0.46705835871855134,18,337
0cc0c7a16864f069,0.9444444444444444,0.4286817918987533,18,304
0cc0f59f7643b15a,0.7222222222222222,0.38143951833325523,18,327
0cec1ebbfed873fc,0.16666666666666666,0.24331097148532116,18,356
0ced569717310299,0.3333333333333333,0.48833869885985787,18,379
0cf0617293b11340,0.05555555555555555,-0.1051957318214624,18,484
0d045c13ccd0787e,0.3888888888888889,0.30005213776904,18,409
0d15c143b5225248,0.1111111111111111,-0.2228363300500156,18,318
0d49bc6ea2fc9127,0.9444444444444444,0.4286817918987533,18,222
0d4b9bcc1e20ad42,0.6666666666666666,0.7702201850597175,18,221
0d68b53954938230,0.8333333333333334,0.5668976277623188,18,500
0d855a03eb648e8d,1.0,,18,579
0da1fb5144d4aadd,0.8333333333333334,0.3711197973421116,18,545
0da91677da3180f3,0.7777777777777778,0.7962924780846157,18,461
0dc9990e400b0157,0.5,0.8485314290016489,18,254
0dd9dacf71e9cbb3,0.2222222222222222,-0.35936565167806334,18,373
0ddaa5f810225101,0.2777777777777778,0.6771091622132811,18,249
0de74c500921dd6e,0.0,,18,397
0dfa2797f3fb169c,0.3888888888888889,0.34614318434167424,18,366
0e0de0ba008b0a5e,0.05555555555555555,-0.3796353534883974,18,283
0e117186d414e2a7,1.0,,18,422
0e141901928f4049,0.1111111111111111,0.07198778297029355,18,602
0e16f97efba4bd5e,0.8888888888888888,0.5891572988163939,18,265
0e21aad07120d603,0.8888888888888888,-0.2904950274976069,18,201
0e5450136dbda550,0.2222222222222222,0.6192411318579469,18,361
0e58c2bfae670263,1.0,,18,253
0e5ca644ec0f94b8,0.6666666666666666,0.2614410617730805,18,185
0e7510d69dfe8c67,0.9444444444444444,0.4286817918987533,18,260
0e90e01fcd426d4e,0.6111111111111112,0.8418664879911669,18,250
0ea6335f420146ed,0.7777777777777778,0.46260062108614386,18,363
0ea6fe4531d76b14,0.6111111111111112,-0.06778433565863048,18,182
0eaad2b177b6a45d,0.1111111111111111,-0.4321052168123875,18,384
0eab5a440949822f,0.8888888888888888,0.2585847579230503,18,185
0eb21cb1e17e3095,0.9444444444444444,0.4286817918987533,18,540
0eba212cd27027ab,0.7777777777777778,0.7962924780846157,18,465
0ec4b6b1d622783a,0.7777777777777778,0.5075381960049553,18,215
0ef0d3f5e3b3f5e1,0.3333333333333333,-0.16316635743297755,18,511
0ef49006b53f23cc,0.3333333333333333,0.5322543705540729,18,252
0f0d6255f6b0e824,0.8333333333333334,0.28813438479375364,18,326
0f3d20827495e743,1.0,,18,303
0f3fb6eb69fcd73b,0.8333333333333334,0.5543651368876689,18,512
0f9713d516b7176b,0.4444444444444444,0.368579427570223,18,283
0fb48037143ff23a,0.8888888888888888,0.4642386351252276,18,450
0fc4ee64bbd58dd5,0.7777777777777778,0.5424559062459237,18,257
0fcd119fa8d8284e,0.7222222222222222,0.32676474622834883,18,224
0fe4b0eeac278426,0.7222222222222222,0.4318868596053079,18,230
0fed5f1ea5b9e26f,0.7777777777777778,0.5105745186346048,18,437
0ff25eea9a62c815,0.5,0.09012964003379602,18,197
0ffaf13b14981f22,1.0,,18,827
0ffe8111164a94c9,0.8888888888888888,0.39555345348153165,18,251
0fff3c8939b5c31d,0.9444444444444444,0.3592452611155529,18,663
10092ce472ad94dc,0.8333333333333334,0.27831162167578494,18,200
1012cccbc8451850,1.0,,18,293
10176d68d2b16650,0.9444444444444444,0.3592452611155529,18,202
1021a78e253930a9,0.8888888888888888,0.4791003410949162,18,225
10412dff06d274f0,0.2777777777777778,0.3555425901942188,18,556
105021099986f735,0.7222222222222222,0.4611970467130926,18,390
1054775d93611791,0.7222222222222222,0.44400549465948813,18,356
1066a3b1cf6f04b2,0.8888888888888888,0.5891572988163939,18,509
1097ada4ab9a0f25,0.2777777777777778,-0.21431508607444372,18,370
10a57cf1263bb632,0.5,-0.02221683003634183,18,187
10d52f7a90db1bcb,1.0,,18,169
10dc21078fb18953,0.5555555555555556,0.685165953809128,18,476
10e8f7e6a2f3f706,0.2222222222222222,-0.13407051255807584,18,178
10f1844042c13176,0.5555555555555556,-0.07440460798553436,18,294
110153b56fcbaf0f,0.5555555555555556,0.22307269230260937,18,192
110bc533ef8bec2d,0.8333333333333334,0.4615569612213422,18,213
112c6765c37fea25,1.0,,18,219
1139510a6af19f88,0.6666666666666666,0.2684033024075293,18,227
113b418446b6fed0,0.8333333333333334,0.00970985779477391,18,211
113d814cd43528cb,0.6666666666666666,0.7415678870641015,18,329
1149042f7a5e8895,0.9444444444444444,0.11401306906377343,18,411
114c99b8c2dabb6c,0.6111111111111112,0.7569346718348521,18,269
116a8172fa65f982,0.0,,18,218
11793e756568ed60,0.5,-0.04948293962639787,18,265
11878d25712d3109,0.5555555555555556,0.7011702833720258,18,439
118a08337acd9fb0,1.0,,18,361
1191b8431ec258ce,1.0,,18,476
11b3bc3edb4c3d4a,1.0,,18,289
11b6ed3da903b3b9,0.9444444444444444,-0.0535163385401386,18,769
11b828d6336bb44c,0.7777777777777778,0.7962924780846157,18,161
11c260082697a5c8,0.6666666666666666,0.6585565564225975,18,621
11e99e3fd3a68b8f,0.3888888888888889,0.6260556638080652,18,186
11f248bfc0bd9c82,0.7777777777777778,0.1185852671468637,18,400
12063800ebb73ce0,0.8333333333333334,0.5550425688268392,18,441
1236c4d22dbb8394,0.8888888888888888,-0.0719877829702935,18,273
12492e5213080f1a,0.8333333333333334,0.36908750152460085,18,258
1259486c24379253,1.0,,18,234
1266b054a5c8d747,0.2777777777777778,0.6463898314945451,18,425
1269b5a9e0453d05,0.9444444444444444,0.3592452611155529,18,204
127419d39d8d2399,0.8333333333333334,0.4686699965826301,18,277
128ed50fec7a2fe0,0.3333333333333333,0.6318679673238775,18,404
1292132d53681c3c,0.8888888888888888,0.4791003410949162,18,231
12a5dc7960bb1abc,0.2777777777777778,0.6012972359441069,18,308
12b7aa84e270401c,0.8333333333333334,0.3033766034250849,18,285
12bad6ccf71e39ca,0.3888888888888889,0.1338136439508874,18,423
12c557e714912dfb,1.0,,18,665
12dc02fb96b711c9,0.5,-0.3554692805814705,18,216
12e3ed26d6649190,0.8333333333333334,0.23529469353847296,18,454
12e87548f7a05aed,0.8888888888888888,0.035257500648810815,18,321
13031400c103566d,0.9444444444444444,0.3796353534883974,18,531
130a38e4e0bc0050,0.6666666666666666,0.654272100647552,18,667
130e3a698a3c5f21,0.7222222222222222,0.2292520083505263,18,324
13214780383d16d3,0.05555555555555555,-0.11401306906377344,18,348
1329e9a2e985c2cf,0.16666666666666666,0.24331097148532116,18,488
132fa0064a9ffee5,0.3333333333333333,0.4165740646278481,18,248
133af903091d4524,0.3888888888888889,0.8267329733237477,18,378
135f2a5dd1a4fc94,0.7222222222222222,0.26448059862430623,18,844
1360c8e7cd2ef1ad,1.0,,18,207
137ecaf4bb18b7df,1.0,,18,217
138bf6684ee0f9d6,0.8333333333333334,0.6674962707291036,18,301
139193ead4cabf1f,0.8333333333333334,0.524219415594592,18,221
13a2cc744643e10a,0.05555555555555555,-0.3796353534883974,18,259
13a8a20f8846fb26,0.4444444444444444,-0.1593094110282079,18,275
13b3101e4b6aeffb,0.8333333333333334,0.5668976277623188,18,328
13b3720caa17cec5,0.6666666666666666,-0.006605202653194983,18,311
13cb4424c20064f0,0.0,,18,207
13ccc0423e30892c,0.6111111111111112,0.35480323741181335,18,224
13ce07096e64ad10,0.3888888888888889,-0.4366277920014337,18,268
13e58e608975140b,0.5,0.44812356039212353,18,629
13f6677c2b9cb906,1.0,,18,296
14000e708ee2a937,0.6666666666666666,0.4561160210517042,18,253
14024d96c6948172,0.8888888888888888,0.3814950829696641,18,243
14082c579e41f6be,0.16666666666666666,0.18572925665584825,18,107
1413492723048d8f,0.1111111111111111,-0.4321052168123875,18,451
1414603bcdc0fc0b,0.8333333333333334,0.03883943117909539,18,417
1429362174c00419,0.3333333333333333,0.3099982272235946,18,549
1452d2a070764d57,0.5,0.5450697278234338,18,470
145be3afbb46dd1f,0.6111111111111112,0.6316084553115097,18,271
14ab86177e7cfd2f,0.8888888888888888,0.39555345348153165,18,523
14b077a03949bec1,1.0,,18,460
14cad2fba80b65f7,0.4444444444444444,0.5392922762411305,18,365
14d64b8ec04fab4f,0.6666666666666666,0.291432252198398,18,453
14eeed652e5d6bca,0.05555555555555555,0.33126246167294054,18,375
14f8e72fa8765f74,0.9444444444444444,0.3592452611155529,18,466
151152c5d1e015c6,1.0,,18,391
15458efb0facbdf1,0.3333333333333333,-0.11523400844965756,18,510
1551bf31a38c93e1,0.3333333333333333,0.38497620328688853,18,667
1567049ce3fc91be,0.7777777777777778,0.7962924780846157,18,679
156c14f90fbe498c,1.0,,18,225
1589d25189b00b2b,0.8333333333333334,0.39178147148680464,18,215
15b169996fccf78b,0.6666666666666666,0.5731352194076305,18,253
15c3241ddde251b6,0.05555555555555555,-0.1051957318214624,18,422
15dd04e46b16eed8,0.7222222222222222,0.507698785874482,18,190
15dd7a78ef17eb18,0.8333333333333334,0.28813438479375364,18,631
15e97df4e539c51f,0.4444444444444444,0.35943409639142443,18,482
15ec03f1395fe580,0.8333333333333334,0.6248180585613768,18,423
162a08b35462008c,0.7222222222222222,0.33042851961682207,18,606
164378992cdefabb,1.0,,18,492
165900a018dbfe42,0.7222222222222222,0.3456472706150948,18,414
1684118d31618248,0.16666666666666666,0.08580804562823392,18,433
16a71bc8071c44a9,0.7222222222222222,0.136812187472128,18,450
16aa9746fe6777d4,1.0,,18,349
16d5958ac8bb4783,0.5,0.14844881887919356,18,1097
16dfbf974e08bef0,0.7222222222222222,0.6621409256347328,18,224
16f609016b0877b3,0.7777777777777778,0.5154326348420437,18,198
16fc91d645054c7e,0.2222222222222222,0.11430067854724746,18,211
1713da4acb718345,0.7222222222222222,0.15372191080354233,18,441
17159a7bd1d1ffcb,0.7777777777777778,0.6229184559316336,18,305
171f331931290b23,0.6666666666666666,0.5045839270069048,18,457
17202eb50a32f40d,0.5555555555555556,0.4362097161640549,18,428
1739e21c11237756,0.3888888888888889,0.17161865967900328,18,390
174f3957d95c1eaa,0.05555555555555555,-0.3796353534883974,18,356
175692aa2b93f8ff,0.6111111111111112,0.5192291619827275,18,409
1763108406a10d23,0.05555555555555555,0.33126246167294054,18,213
1765e4759fd09eca,0.6111111111111112,0.47054873077118137,18,190
177433ba5fc86581,1.0,,18,730
1775c4713877f9f7,0.05555555555555555,-0.1051957318214624,18,785
17764c6e1e5e4f5a,0.6111111111111112,0.7126561945094564,18,366
1787daeeaafb0c36,0.6111111111111112,0.5347654698161998,18,306
178d2567105113fa,0.3333333333333333,0.33624051884574757,18,223
178f19d4c7e70d7d,0.9444444444444444,0.4286817918987533,18,308
17a212066c6e4acc,0.9444444444444444,0.16416167462941847,18,214
17c27219ad80b21e,1.0,,18,237
17ceafe622201631,1.0,,18,299
17d54ef1eb6b57b7,0.5555555555555556,0.27565834658070126,18,761
17e2c370e44ff123,0.8333333333333334,0.524219415594592,18,230
17e3eb6ad177b964,0.5555555555555556,-0.061956796103280795,18,335
17ecc073ebf9e151,0.7777777777777778,0.14166131913219945,18,323
17f23b11df8b91ec,0.9444444444444444,0.3592452611155529,18,290
17f26738279b3e9e,0.7222222222222222,0.26278962629116476,18,473
180f5cfc19b8cd45,0.6666666666666666,-0.030973044873765402,18,177
182918297ddb1e63,0.8888888888888888,0.5891572988163939,18,285
1829f6e2ad6556e4,0.8333333333333334,0.6248180585613768,18,407
1836a7d0655bb7cf,1.0,,18,250
183ed829fc74f6db,0.6111111111111112,0.40270685323168603,18,421
184c9df5cdc9eb4c,0.3333333333333333,0.5710822510154213,18,241
1863fa31858b6c3b,0.7222222222222222,0.11003845886405537,18,453
1865bd78e7a13b94,0.5555555555555556,-0.030710247909052146,18,196
186fcebcfff84f76,0.7777777777777778,0.328698793118604,18,256
18a5112ad9ad50ce,0.8333333333333334,0.10251803346110036,18,232
18ac404af932924e,0.0,,18,290
18bef6c13731a455,0.8888888888888888,0.5891572988163939,18,337
18c33e442f61e4aa,0.5555555555555556,0.04194432756695898,18,232
18d7a511dd11443b,0.3333333333333333,0.6953314684917369,18,433
18f2446e843e2691,0.4444444444444444,0.1767815097926411,18,246
18f619cd2ab14ecf,0.7222222222222222,0.7974187122860475,18,861
18fb55f0614c05ec,0.4444444444444444,0.7755466650267611,18,245
1919314c0a69a89d,0.7222222222222222,0.4028585012197133,18,398
192cc032a90f3206,0.8888888888888888,0.4642386351252276,18,777
1932e41ca8df5e19,0.16666666666666666,0.24873042699868317,18,342
1949ef9fc1f254af,0.8333333333333334,0.25798866350067684,18,418
194f369a02ea2fea,0.8888888888888888,0.3180315818018046,18,299
195e442e292e9520,0.0,,18,240
196b79e7ed10dd41,0.9444444444444444,0.2776848916241747,18,233
1979c455bd34d544,0.2777777777777778,-0.5133353603182869,18,452
199928555b56d6ce,0.7222222222222222,0.7974187122860475,18,282
199f1b1ca7070730,0.7222222222222222,0.3758029438894505,18,244
19b59494f981735b,0.0,,18,236
19cb3cfdd568d68e,0.8888888888888888,0.5385471649736705,18,201
19e5be212cb3f1ef,0.9444444444444444,0.11401306906377343,18,265
1a082c321168b10d,1.0,,18,274
1a37784796b65795,0.6666666666666666,0.6665899110008074,18,230
1a3848eb4cd22ffd,0.9444444444444444,0.11401306906377343,18,209
1a38df1c08ea3455,0.9444444444444444,0.4286817918987533,18,280
1a3d025a3157f3ee,0.9444444444444444,0.3592452611155529,18,230
1a3f8b76b011a6bc,0.7777777777777778,0.6775722632653233,18,208
1a4d49f98ba01935,0.7777777777777778,0.5737300293313128,18,610
1a52ce42abc00f2c,0.0,,18,390
1a595fd1b79780ff,0.5,0.7291159675563113,18,212
1a5a8468f9d40e09,0.3888888888888889,0.21589713700439894,18,244
1a7277dde8ac8862,0.0,,18,487
1a79540b125ae73a,0.2222222222222222,-0.6295983657168622,18,380
1a7dd52932f54ed1,1.0,,18,543
1a841f30aeee5bae,0.05555555555555555,-0.3592452611155529,18,280
1a86b52bfe39116c,0.8888888888888888,0.5385471649736705,18,583
1a9528ef9a2fe050,0.6666666666666666,0.5075294903522485,18,180
1a9f5da9780a8608,0.5,0.1661212973171928,18,378
1aa1e31f6d0ece90,0.2222222222222222,0.09729727182121048,18,511
1aa96f42397be669,0.1111111111111111,0.2663949637629768,18,230
1aa9718e94d485c2,0.0,,18,256
1aad8c8d297eaae9,0.7222222222222222,0.40652227460818646,18,401
1ac5188f8d1c34a1,0.6111111111111112,0.35635686819516055,18,204
1ad9796cf2af93fc,0.2222222222222222,-0.13619593839883035,18,570
1af0e976afb1a072,0.2777777777777778,0.49025671940115284,18,573
1af7606e7d445d7f,0.7777777777777778,-0.0019567412502185856,18,403
1b106a1ae1685527,0.3888888888888889,0.3634920614223848,18,446
1b123c40acaec3c8,0.6111111111111112,0.3698216683175033,18,222
1b2f127cbbcb9e88,0.9444444444444444,0.3796353534883974,18,205
1b4b4960d15aa7d7,0.2222222222222222,0.23028820299985547,18,448
1b5397c0dc00479c,0.5555555555555556,0.694057248010738,18,212
1b5b8dfd705d49f9,0.1111111111111111,0.040256032386363855,18,329
1b73b921b3206191,1.0,,18,581
1b9516a472432d50,0.8333333333333334,0.6248180585613768,18,455
1babc46ec0a0ed0f,0.2222222222222222,0.33929218540426986,18,378
1bb55e33e829a1b4,0.16666666666666666,-0.2031166764278852,18,329
1bcd27dfbdb0390d,1.0,,18,167
1bd84d641f22b1a3,0.6111111111111112,0.4506104690515587,18,271
1bfc68c0f0ffc978,0.9444444444444444,0.3796353534883974,18,456
1c0d7d897e9943f7,0.16666666666666666,0.065823803422711,18,533
1c15f1e5df66e1c7,0.6111111111111112,0.7395857947541415,18,477
1c1fe59b56826d82,0.7222222222222222,0.3803122034444942,18,256
1c264decdfdfb3a1,0.7777777777777778,0.17748992616206258,18,368
1c367d2ac41a7cfc,0.7222222222222222,0.2393978423493749,18,364
1c632ece63c1e24d,0.0,,18,525
1c72bcfd939d8a02,0.7777777777777778,0.5345614674088353,18,225
1ca2cb262638a287,0.3888888888888889,0.28710521457447985,18,403
1ca96692d9ee7b32,0.4444444444444444,0.4168464532361046,18,335
1cbec0d37c2c3139,0.7777777777777778,0.5345614674088353,18,204
1cbf44b5212e525c,0.2777777777777778,0.7044465482657342,18,412
1cc2f8db02a1d012,0.2222222222222222,-0.06271693076131432,18,583
1cc313628028016a,0.4444444444444444,0.13080081692145917,18,601
1cd6437aba60e980,0.7222222222222222,0.8230651260053592,18,303
1cdf22cf638f9e19,0.2777777777777778,0.04243087984086368,18,234
1cf339fb5f802ec4,1.0,,18,217
1d1163ce055d6448,1.0,,18,332
1d11d96da9840644,0.6666666666666666,0.39051029199632215,18,469
1d172283d8727ed3,0.8888888888888888,0.06538258031709841,18,263
1d1ae10ff6609f3a,0.8333333333333334,0.7176262342277034,18,418
1d3aaaf3efce6311,0.8333333333333334,0.19329391330991644,18,522
1d3fb8cef2f0b276,0.8888888888888888,0.4642386351252276,18,622
1d6cfc5f7ad248f4,0.9444444444444444,0.3796353534883974,18,195
1d6e3474c9d16067,0.5555555555555556,0.2124031392606776,18,301
1d844e5940335c36,0.3888888888888889,0.6167338791079817,18,485
1d87bb0b3896b2ef,0.6111111111111112,0.2587370673081769,18,278
1d9d45ecd750b037,1.0,,18,218
1db9662c8a2aa73a,0.7222222222222222,0.7041334052410785,18,215
1dbd721af6aeca4b,0.4444444444444444,0.40922534392043913,18,386
1dd0ff1e85bd8526,0.9444444444444444,0.3592452611155529,18,501
1dd246aacd4bbbea,0.5555555555555556,0.6150517481050053,18,358
1dd6d9358d05e3b7,0.2777777777777778,-0.11482954714128943,18,382
1ddfc478123687da,0.7777777777777778,0.5603702097608553,18,220
1de36df4c8f52465,0.9444444444444444,0.3592452611155529,18,280
1df99c4e137845a8,0.4444444444444444,0.2397826801354759,18,185
1e03906aaf4d0ac9,0.8333333333333334,0.504235173389069,18,217
1e060d760fc4de39,0.7777777777777778,0.6775722632653233,18,386
1e0ab833bb7a0355,0.3333333333333333,0.5400199466463425,18,252
1e138293d4195195,0.9444444444444444,0.4286817918987533,18,375
1e1496aae31743cc,0.3888888888888889,0.47664817014284067,18,265
1e1857fa49b52f78,0.16666666666666666,-0.0964211460085681,18,694
1e19e28493c90490,0.9444444444444444,0.2776848916241747,18,300
1e217ccd32713283,1.0,,18,508
1e2f47c1da23f935,1.0,,18,353
1e3bdf4e02c71fa8,0.8333333333333334,0.04019429505743588,18,187
1e44eddb8bff2936,1.0,,18,181
1e484167597db963,0.8888888888888888,0.5385471649736705,18,539
1e52614f3aea1c0e,0.3333333333333333,0.6158012581674575,18,263
1e6a3edf74c78440,0.8333333333333334,0.6248180585613768,18,206
1e6c42dee8fe8943,0.9444444444444444,0.3592452611155529,18,444
1e6e0a8fb1136e6e,0.16666666666666666,-0.19871336882327845,18,403
1e764ae2812b65fc,0.2222222222222222,0.41459298661957567,18,511
1e9c3f6b7e201959,0.5555555555555556,0.29547323080143156,18,392
1ea97956f29556ba,0.8333333333333334,0.22953652205552574,18,228
1ead704f519d7324,0.5,0.7228043681141687,18,408
1eb130d54f49ae68,0.8888888888888888,0.06980092533511405,18,287
1ebf000cf6818274,0.2777777777777778,-0.6012659216416413,18,473
1ecac6371e268234,0.8333333333333334,0.4686699965826301,18,237
1ecfbe6f5d8198c3,0.9444444444444444,0.0770904693615955,18,255
1eef514cfb2ddeea,0.3333333333333333,0.09738210938696851,18,693
1ef46af4d4162aad,1.0,,18,154
1eff6e163da78699,0.3888888888888889,0.0597572432780033,18,320
1f1065f67e34c923,0.5,-0.31734721995092924,18,287
1f1865bd6b28f76d,1.0,,18,295
1f1c52e7782f5c26,0.8888888888888888,0.20275294360449037,18,230
1f241cac5b272109,1.0,,18,253
1f305261b1332017,0.6111111111111112,0.6960841328204194,18,218
1f3552ecf767b534,0.7777777777777778,-0.0007422121983588338,18,495
1f57b84cc885c031,0.9444444444444444,0.11401306906377343,18,519
1f661fec978a93ce,0.16666666666666666,-0.20853613194124745,18,334
1f670ce4aa870840,0.5555555555555556,0.4021687612207487,18,292
1f7e43cc2e8fcb8e,0.0,,18,211
1f820071542e225c,0.4444444444444444,0.7120374207295486,18,361
1f990346bd076807,1.0,,18,254
1fb14e385faf2831,0.7777777777777778,0.6505489918614433,18,234
1fc068bcf3787ec9,0.05555555555555555,0.16924388984547276,18,388
1fd3d3fc608fbed8,0.2777777777777778,0.5294309117855961,18,544
1fe5fbc23b6162b6,0.3333333333333333,0.5839356183405574,18,279
1ff81fa465c5c3e6,1.0,,18,329
1fffa05d1cb1c5fe,0.2777777777777778,0.5209760501198889,18,221
2012248317f2692d,0.3888888888888889,0.238942660290716,18,267
201406376f8e0c5a,0.9444444444444444,0.4286817918987533,18,292
201439c69635af3e,0.0,,18,305
201c7c22d2251772,0.7222222222222222,0.7785361878993015,18,192
20387d5842030ca4,0.9444444444444444,0.3796353534883974,18,260
205dd4921c8904e6,0.05555555555555555,-0.1051957318214624,18,364
2063e137e14e0a6f,0.7222222222222222,0.6931420850756592,18,381
206ba3950d9744c0,0.5555555555555556,0.5164854009557314,18,413
209d2cfadaa6f94e,0.5555555555555556,0.38133772909126296,18,655
209e47286fc9d41c,0.5,0.4647861829193799,18,330
20a84ac2ffe9ca2e,0.8888888888888888,0.033249162004258176,18,306
20a98130df2f8274,0.7222222222222222,0.23939784234937495,18,341
20aed04c1e45ba86,0.3333333333333333,-0.1519196610234835,18,213
20bca8b7bc74d2b1,0.1111111111111111,0.3491385159185402,18,476
20ce3390c99cc0a5,1.0,,18,359
20e34166f2de3187,0.7777777777777778,0.0785058084354913,18,456
20e3ed8eac3837d8,0.3888888888888889,0.606635279016225,18,217
20f9c00657904ecb,0.6666666666666666,-0.0663198050178897,18,297
2106de8f569bf061,1.0,,18,597
210bc88cc6c089d0,0.3333333333333333,0.2323424663008974,18,524
214766b63cc8b85c,0.7222222222222222,-0.3854164347463842,18,211
21496eefa41a90e0,1.0,,18,329
2176661168189016,0.6111111111111112,0.7395857947541415,18,395
217f6ed3b83c2c0a,0.9444444444444444,0.11401306906377343,18,236
219a3584ca89ca94,0.2222222222222222,0.12735686585473988,18,306
21a4aeb836e51539,0.7222222222222222,0.15907665652515693,18,225
21bff4b60c7572f2,0.0,,18,209
21cb6252dc75df28,0.2777777777777778,-0.24841636145946258,18,240
21d41b2cefafb091,0.8333333333333334,0.2027779604583,18,238
21d81395f7beedb9,0.8888888888888888,0.3891267698189637,18,234
21f153db67f04e15,0.5555555555555556,0.43443145732373273,18,238
21f29f3ee2b458ab,0.0,,18,654
21f890db326224e4,0.9444444444444444,0.4286817918987533,18,222
2200ec4d9f904167,0.6666666666666666,0.4025603238636372,18,232
2222351cdaeacbfa,0.3333333333333333,0.38792176663223205,18,193
222e6d6125b2bb16,0.5555555555555556,-0.24003671711266483,18,452
2242535011f00625,0.9444444444444444,0.4286817918987533,18,173
2250a91cb7cfbcd2,0.7222222222222222,0.4471056106035808,18,292
225be0077e07142b,0.2777777777777778,-0.07650084092341707,18,281
225d5210b3112ce3,1.0,,18,454
226d04eb8cf22e7c,0.05555555555555555,0.06839559513653871,18,220
2274a2f134a13c7f,0.9444444444444444,0.11401306906377343,18,320
227ec96aaed1bd27,0.7222222222222222,0.5573006409799642,18,820
228523bcba308d01,0.0,,18,162
22958bf697d32024,0.8888888888888888,0.13928944243663083,18,720
229749fe292c5713,0.8888888888888888,0.0677925866905615,18,234
22eb048e1de6d2c2,0.5555555555555556,0.6389312239607573,18,312
22f8b9db0f76b885,0.6666666666666666,0.819491426472739,18,215
23054e9939e1f843,0.05555555555555555,-0.1641616746294184,18,269
230f092cf416c159,0.5555555555555556,0.5027674041875334,18,282
230fcad10c6c416f,0.8888888888888888,0.5742955928467053,18,244
233693de73ea022c,0.5,0.03282031709914146,18,247
233c16b6b8e65d43,0.8888888888888888,0.34494331963880825,18,256
2347390c20b52044,0.05555555555555555,-0.11401306906377344,18,291
234802b58aa4640c,0.3333333333333333,0.16673673724551527,18,558
235c10ebd348d67f,0.6666666666666666,-0.10434435002141722,18,210
2370ddfc21f869f0,0.9444444444444444,0.3592452611155529,18,483
237aa8639ed212c4,0.9444444444444444,0.3592452611155529,18,239
23839e3cb5688467,0.7222222222222222,0.36509345244622154,18,228
23a16ee19fdd69fa,0.8888888888888888,0.5742955928467053,18,231
23a6cf5970e1a9b1,0.8333333333333334,0.37552310494671826,18,421
23aecd784f165b26,0.1111111111111111,0.07198778297029355,18,245
23b3d324ea0ee8aa,0.8888888888888888,0.2854964957600539,18,263
23e2045b7d028c31,0.8333333333333334,-0.26431136159959945,18,224
241841159e2be3fa,0.8333333333333334,0.4290402281411693,18,169
245a3456ec8bb31d,0.8888888888888888,0.25898642565196084,18,694
246233dc27822d6d,0.7777777777777778,0.6229184559316336,18,342
246da7f75384895b,0.8888888888888888,0.4642386351252276,18,220
2499e35915c7eac6,0.8888888888888888,0.5891572988163939,18,406
24a6678bb795b376,1.0,,18,261
24a89c4312ce7fc2,0.5,0.1860659515543634,18,191
24c8289e49696588,1.0,,18,272
24f23a0a9ca3c123,0.8333333333333334,0.7176262342277034,18,219
250d1babc824e36c,0.05555555555555555,-0.0770904693615955,18,353
250d9417e54b20d1,0.9444444444444444,0.3796353534883974,18,253
251fb44c8b51eb04,0.5,-0.04620090791648357,18,380
25263321db7035cf,1.0,,18,776
252c35610fe5776a,0.8888888888888888,0.39555345348153165,18,385
252ebc6f21b0245f,0.1111111111111111,0.05672440927169426,18,252
252edf21ce860330,0.05555555555555555,-0.1051957318214624,18,308
254664d903799fa6,0.6666666666666666,0.5945574982828573,18,278
25555f8d4383565f,0.0,,18,333
255e3eaacb569ae7,0.2222222222222222,-0.09004383442815914,18,248
255eb98230a997a3,0.1111111111111111,-0.5385471649736706,18,191
259918f4dcec39b4,0.9444444444444444,0.4286817918987533,18,210
25cdf5cfee87a495,1.0,,18,466
261067801a2c460f,0.9444444444444444,0.16416167462941847,18,349
262adfcd930d8232,0.0,,18,367
265d0f97403bb78f,0.8888888888888888,0.20275294360449037,18,451
265f991d19cd789a,0.5555555555555556,0.7415621627450529,18,312
266332b9f19de486,1.0,,18,370
2683de9902d1fde9,0.0,,18,336
2686e22aac1f6580,0.9444444444444444,0.3796353534883974,18,393
2687cc36879aa615,0.6111111111111112,0.6792531326674912,18,826
26900d55e6000619,0.9444444444444444,0.1051957318214624,18,389
26aeeeb5d57d7c0d,0.2777777777777778,-0.13850315980526956,18,206
26e999d705d8ca89,0.1111111111111111,-0.3180315818018047,18,457
26f616b56e33cf57,0.2222222222222222,0.18626152486993877,18,239
270e7c593963ff0c,0.6666666666666666,0.5763485612389148,18,285
271126e997aff2c3,0.6111111111111112,-0.05121227396959349,18,298
2724e19ba1bd1cc3,0.3333333333333333,-0.4898561102801865,18,521
272eb917ddd3ea1f,0.7222222222222222,0.47726128387793626,18,637
273398d7b7504a00,0.16666666666666666,-0.12826044714957058,18,239
27bceb2126a24c27,0.5555555555555556,0.6450281114132896,18,203
27ffa946fdaaa750,0.5,0.25726079326173174,18,423
2809bf2b4a2f07bd,0.8333333333333334,0.22953652205552574,18,214
28159c34d37e22e0,0.6111111111111112,0.4622626999266628,18,262
283f8f6d09b066ff,0.7222222222222222,0.6903237978537567,18,476
284482567a8a1c97,0.9444444444444444,0.3796353534883974,18,247
2847e45d0c43ea80,0.8888888888888888,0.5385471649736705,18,214
284e27ce833bc949,0.8888888888888888,0.34494331963880825,18,231
285958cf76fed0b6,0.8333333333333334,0.3186188220564158,18,257
285ff40f909e7de6,0.7777777777777778,0.5670501195460841,18,215
286014308f12c56f,0.0,,18,204
2862a095199cc197,0.5,-0.23832599493530396,18,190
28a2513a3f276151,0.5,0.2890712544501303,18,273
28a6379612214a94,0.7222222222222222,0.5550460112024421,18,192
28b8a2d01899030e,0.7777777777777778,0.7962924780846157,18,287
28cd89e302684628,1.0,,18,311
28f3026214003337,0.9444444444444444,0.3592452611155529,18,188
28f3d38c41f048ae,0.9444444444444444,0.3592452611155529,18,660
28fc9a1a125629fd,0.8333333333333334,0.40431396236145456,18,228
29002edbf85d4d52,0.8333333333333334,0.6549637798544538,18,165
291a2154d4865c1c,0.9444444444444444,0.16416167462941847,18,458
293634deac9083a3,0.8888888888888888,0.39555345348153165,18,636
2948b12f0d652681,0.8888888888888888,0.3220482590909099,18,509
2949b49cfe4ffae3,0.6666666666666666,0.2852733470217703,18,547
2958552008ec8517,1.0,,18,669
29620861cf7d3491,0.2222222222222222,-0.07607675033177172,18,318
2974c089e3315545,0.9444444444444444,0.4286817918987533,18,254
297ae5abf434111f,0.1111111111111111,0.4579904704532865,18,456
2989b38e9c194fde,0.1111111111111111,-0.4791003410949165,18,262
29961d02cd818fed,0.8333333333333334,0.5049126053282394,18,347
29a932a504d2f0a5,0.7777777777777778,0.5670501195460841,18,233
29b451909452cead,0.5555555555555556,0.48625500067025806,18,622
29b580811fea21b3,0.4444444444444444,0.6490362503867138,18,366
29d271b6e6055d57,0.4444444444444444,0.32818754819719576,18,373
29e717345beae589,1.0,,18,441
29f4ffc17a70ffc3,1.0,,18,234
2a11d9cb93dfbdcf,0.3333333333333333,-0.33454458843479207,18,364
2a33bd5f468a63cd,0.7222222222222222,0.43893257766006394,18,297
2a61e1cadf7c6155,0.7222222222222222,-0.07315021055959979,18,521
2a7db14eb84988d9,1.0,,18,441
2a8689e424a7a12b,0.9444444444444444,0.4286817918987533,18,739
2aa268edfa5dfaed,0.8888888888888888,0.13928944243663083,18,179
2ab82a842df4cca9,0.8333333333333334,0.5187999600812299,18,309
2acd5ed932b708bc,1.0,,18,237
2ad5601124b56c39,0.6666666666666666,0.5327006680306401,18,209
2ae75a04c51af6dc,0.2777777777777778,0.48377465879077747,18,193
2b083043ff5ce196,0.6666666666666666,0.7356767603734141,18,366
2b2cb5f9b313a4a5,0.5555555555555556,0.3251955571325271,18,706
2b7ca4bc497fe524,0.05555555555555555,-0.3796353534883974,18,376
2b8892c2726d3d9b,0.8333333333333334,0.16009974829057316,18,252
2b8f27be9536e423,0.5,0.18657087950973478,18,401
2b92eb82364ba2b2,0.9444444444444444,0.4286817918987533,18,231
2bbc69b35631aee1,0.8888888888888888,0.368641715644528,18,212
2bcf688aa5be7947,0.16666666666666666,0.2798922962005155,18,374
2bd4af296a8d8336,0.05555555555555555,-0.2776848916241747,18,533
2bef53031c8d5754,0.2222222222222222,0.41186029625289106,18,565
2c1795fda2f843ac,0.5555555555555556,0.46720222738109446,18,553
2c26fdf44528d885,0.9444444444444444,0.3592452611155529,18,248
2c2a1a4a246172fd,0.9444444444444444,0.3796353534883974,18,214
2c320e2646537e65,0.5555555555555556,0.406995463787337,18,203
2c3980b464a7fa04,0.7222222222222222,0.8230651260053592,18,709
2c3d3aa89fc5a28f,0.1111111111111111,0.13786129051161597,18,484
2c3e7647ea539cb9,0.7222222222222222,0.2644805986243061,18,196
2c531531eef46e1b,0.5555555555555556,0.22154847043947615,18,404
2c54192d6b6240ef,1.0,,18,370
2c599915400d0b2b,0.3888888888888889,0.5059082165625466,18,305
2c708d092f2d7d97,0.7777777777777778,0.44711537567493165,18,215
2c7183a5ecc577b0,0.6111111111111112,0.4192789149207229,18,281
2c739af54f630ccd,0.7777777777777778,0.3994451103894355,18,435
2c7da5a09f79b9fc,0.3888888888888889,0.5160068166543036,18,796
2c7ebd520409861f,1.0,,18,160
2c8128747ce170e9,0.7777777777777778,0.46563694371579334,18,608
2c8d076ce63dbeeb,0.8333333333333334,0.6674962707291036,18,258
2ca0c546ff4559fd,0.7777777777777778,0.12708697050988207,18,384
2ca3eff7ea917f5a,1.0,,18,206
2cae80d280f4b954,0.05555555555555555,-0.1051957318214624,18,187
2cb9627d708007db,0.0,,18,187
2ce6b7f58ec5a8ea,0.0,,18,544
2cf162987f480b4b,0.5555555555555556,0.05185176967732413,18,343
2d06a93fce1b9c14,0.8333333333333334,0.22140733878548247,18,384
2d12ab7242980079,0.6111111111111112,0.5332118390328524,18,420
2d152469dec17c30,1.0,,18,360
2d2a5a65492c0b60,0.7222222222222222,0.38933072255458173,18,343
2d58096be65b7b3b,0.7222222222222222,0.591401916364983,18,266
2d5965ee299df841,0.0,,18,619
2d844e9f764e5a81,0.9444444444444444,0.16416167462941847,18,404
2d9d8bfc2de41f69,0.6111111111111112,0.4379224843208897,18,427
2db9d449207b4ba0,0.9444444444444444,0.16416167462941847,18,302
2dba113ba36252d6,0.8333333333333334,-0.08614676159781913,18,211
2dbddba63f162f10,0.1111111111111111,-0.07703094445550308,18,186
2df5dd5e17521fff,0.9444444444444444,0.3796353534883974,18,204
2e0445c41e13307b,0.8888888888888888,0.4791003410949162,18,400
2e09a87513189ffc,0.5555555555555556,0.8784880934498431,18,373
2e0be2708b6b48fb,0.2222222222222222,-0.37060004540776614,18,223
2e369926bc080bf7,0.9444444444444444,0.2776848916241747,18,414
2e3ff8d1b79062b7,0.8888888888888888,0.3963567889393528,18,246
2e65b27f395987e0,0.6666666666666666,0.5707252130341677,18,329
2e6cd8693cd1db51,0.7222222222222222,0.5029076975972482,18,1127
2e75d38cd9fa515a,0.6666666666666666,0.7908391284771231,18,422
2e78fdf34ca54a16,0.5,0.6786231720191708,18,289
2e894e975690a428,0.8333333333333334,0.33826434829235347,18,169
2e8a5e206eed9697,0.3888888888888889,0.16980609043176478,18,422
2e952f18a7e5659a,0.2777777777777778,-0.1494944799706888,18,202
2e99f1beb15bd91d,0.7777777777777778,-0.1944595959699922,18,389
2e9f430449713474,0.9444444444444444,-0.21277949247938407,18,316
2ea4c345f2829838,0.8888888888888888,0.4791003410949162,18,412
2eae79c21e1e7285,0.8333333333333334,0.14993826920301911,18,275
2ebdb4ad278784a3,1.0,,18,225
2ece5b4ae44b8dbe,0.5555555555555556,0.4956543688262456,18,308
2ee9230bd0b11db9,0.8888888888888888,0.34494331963880825,18,314
2f0a78fc354bf91c,0.1111111111111111,0.4579904704532865,18,407
2f16ca24d4c310ad,0.3888888888888889,-0.17976083582135996,18,244
2f1b153edc9262f0,0.9444444444444444,-0.22931199980871755,18,181
2f2b02b223d62f29,0.5,0.7649658523876813,18,169
2f2bc9dc3dd8f80f,0.05555555555555555,-0.0770904693615955,18,439
2f2f67c366104ca9,0.5,0.7101811692298835,18,389
2f3925766fd5a2c7,0.8888888888888888,0.5891572988163939,18,308
2f4d43ee4a94f307,0.8333333333333334,-0.12543781406969443,18,300
2f51c9c2313e00c3,1.0,,18,190
2f537df879a01092,0.7777777777777778,0.6857703343653764,18,289
2f64a9ecda0aaa1a,0.9444444444444444,0.4286817918987533,18,193
2f6ddf63ae8548a4,0.7777777777777778,0.629901997979827,18,507
2f6f509ce3f25437,0.3888888888888889,0.40673478489221576,18,489
2f8da96a7973ad08,0.8333333333333334,0.5977207809945662,18,282
2f8fe47c5e32c3ed,0.0,,18,541
2f8feb85bf0815dd,0.1111111111111111,-0.2947348535249957,18,456
2f96cbb76e29bb1a,1.0,,18,250
2fab67cc0b48fccc,0.8333333333333334,0.7176262342277034,18,164
2fad6e076cb2a465,0.1111111111111111,-0.2228363300500156,18,865
2fae6572425551db,0.7777777777777778,0.2540052564292282,18,433
2fb3cdb3e53314b4,0.6666666666666666,0.2756333215279184,18,355
2fb4df7b0ad4f5b6,0.7222222222222222,-0.3324326349746194,18,387
2fc2d4b155d1b6d2,0.1111111111111111,-0.07703094445550308,18,208
2fd2d6b67b4d2dfa,0.5555555555555556,0.005871076806142274,18,290
2fd4455488489acd,0.6111111111111112,0.6787352557397087,18,568
30097721b7efb4fa,0.5,0.577132652989518,18,439
3018caf1f9d31766,0.4444444444444444,0.4872146959174162,18,302
302722f01b472533,0.4444444444444444,0.7051784223454496,18,633
302ae3db9b91b452,0.4444444444444444,0.5601233083706163,18,492
304f8c1364a42636,1.0,,18,428
3054eb68c8d18c54,0.2777777777777778,0.6097520976098141,18,500
305d13e49f007c22,0.8888888888888888,0.4791003410949162,18,295
306c08b139b3e87a,0.7777777777777778,0.6408327594465653,18,415
3070c49f6a7ecbfc,0.9444444444444444,0.4286817918987533,18,289
30bec21a34bde5ec,0.3333333333333333,0.46879086938621345,18,387
30bfb388a720a9a2,0.9444444444444444,0.4286817918987533,18,383
30c7fd2d1cf24a70,0.6666666666666666,0.4636138186580336,18,340
30d29fc7ba8a9fce,1.0,,18,179
30ecb1a775070f6c,0.5555555555555556,0.2926788240523543,18,344
3129708707b8bf78,0.8888888888888888,0.5742955928467053,18,394
312cc212d8651b72,0.4444444444444444,0.6889200558053631,18,433
31342fedcc98e3ac,0.3333333333333333,0.10675435639488023,18,281
3140875e85d145c8,0.4444444444444444,0.0474766884035162,18,269
316b592b17f7b4c7,0.9444444444444444,0.3796353534883974,18,242
317dbe6903fcfce1,0.9444444444444444,0.3796353534883974,18,237
31862312832b143e,0.7222222222222222,0.1306119555839428,18,222
319c23dd5dad6ab5,0.05555555555555555,-0.2776848916241747,18,453
319c603b43f688bc,0.2222222222222222,0.1306968207473541,18,363
31af219bec990ae8,0.2222222222222222,-0.09824190552821262,18,473
31c1106660368e95,0.7222222222222222,0.5682919611453833,18,405
31dcb1398a80d4d1,0.5555555555555556,-0.054335686787615155,18,410
31f1b8684307227b,0.8333333333333334,0.29152154448960504,18,640
32351a01f487c5bd,0.0,,18,222
32691f5bef25cf81,1.0,,18,461
32941e795fd70ec3,1.0,,18,285
32a04c2aac699e7f,0.8888888888888888,0.368641715644528,18,319
32acacfbf8516659,0.7777777777777778,0.7962924780846157,18,366
32ba4688ec8b57dd,1.0,,18,335
32e5fd5f9509f144,0.8333333333333334,0.49881571787570694,18,301
32ee6a9ee0e030f0,0.7777777777777778,-0.0037785348280081816,18,288
330b20847c6c6379,0.7777777777777778,0.6229184559316336,18,274
331bf545a7434f5c,1.0,,18,324
332c1593381436fa,0.7777777777777778,0.4632078856120736,18,193
332e85bf82e5a77b,0.8888888888888888,-0.0719877829702935,18,221
333365d203b4e08d,0.6111111111111112,0.03320166525893871,18,224
33380aab5f1603a5,0.3888888888888889,0.22211166013778788,18,260
334d0fb4abaf5703,0.5,0.6197990652184018,18,281
337287fae02b1940,0.5,0.4890227247772074,18,345
337436446ad00d78,0.8333333333333334,-0.2165524098880956,18,356
337bc9f6f245c309,1.0,,18,365
33803b8289378a0f,1.0,,18,376
3389babee2eb5f23,0.6666666666666666,0.4405848688671648,18,506
3398feb1637269e2,0.8333333333333334,0.6248180585613768,18,201
339936005b7e8cdb,0.8888888888888888,0.368641715644528,18,409
33a30cd7123d3395,0.16666666666666666,0.23856894791112912,18,185
33e2735feff8784f,0.5,0.24337527448901802,18,418
33e4a0905f305cd6,0.5,0.6104578980440307,18,419
33faab844986316a,0.6666666666666666,0.038917139956661996,18,213
340e73e286347e50,0.1111111111111111,0.046682716048931774,18,286
341ee4df38f70c51,0.7222222222222222,0.4738793392116534,18,278
342a93ee9c96408f,0.7777777777777778,0.3964087877597864,18,634
342fac7df1dc7fe7,0.1111111111111111,-0.10193434364795437,18,344
343be8d04005604c,0.8888888888888888,0.19632625994192243,18,423
34415d1267d56830,0.7777777777777778,0.7962924780846157,18,261
34447a1590022fbc,0.6666666666666666,0.7536179189314165,18,318
344792bcbc9d8230,0.7222222222222222,0.7785361878993015,18,296
344df8491d217930,0.5,0.3569840644475846,18,232
344ec75e7450122b,0.0,,18,344
34642725a1a847d5,0.3333333333333333,0.7515649505392074,18,499
346f8242c663f418,0.7222222222222222,0.47754311260012644,18,210
347874b27348d8bd,0.5,0.20828278159070523,18,308
348aa936a7ac346a,0.7777777777777778,0.2348764238624368,18,428
34c30bd90f403093,0.7777777777777778,0.6229184559316336,18,488
350897ae4a593f44,0.2222222222222222,-0.29499561192949536,18,495
351680d2f33de612,0.6111111111111112,0.27349655974997544,18,226
352108ef51077f8f,0.05555555555555555,0.16924388984547276,18,353
352f074eeec8ee90,0.8888888888888888,0.27906981209748594,18,318
353d202fb43e07b1,1.0,,18,229
354bd43bc3534540,1.0,,18,275
354c5be0c93de7cf,0.9444444444444444,0.3796353534883974,18,456
356b1cbff9ac2c8d,1.0,,18,451
357a329c03fda64b,0.8888888888888888,0.5742955928467053,18,404
3583e0e5dd6486e6,0.8888888888888888,0.4321052168123874,18,260
358a63383421c3ac,1.0,,18,242
35a4e9f5dc0bfc46,1.0,,18,176
35b0ff85535672f9,0.9444444444444444,0.2776848916241747,18,169
35b3efdceb76ccba,0.2777777777777778,-0.44400549465948813,18,189
35d0aa91319fc701,0.8333333333333334,0.5977207809945662,18,612
35dcbc5d085e0e7e,0.9444444444444444,0.3796353534883974,18,246
35e87805d97e6b96,0.8888888888888888,0.5891572988163939,18,214
35ecde5b8033dfdb,0.9444444444444444,0.3592452611155529,18,379
35f349fff96b5c3d,0.8333333333333334,0.5614781722489567,18,301
36053793a2638065,0.7777777777777778,0.7962924780846157,18,288
361871b53a874453,0.3333333333333333,-0.26358328966060335,18,223
363291da98f67a0e,0.2222222222222222,-0.3872998198708378,18,346
363941e8495cd018,0.5555555555555556,0.5246145842257746,18,280
363fbd5e7b7b8cd0,1.0,,18,256
366a3263b10a4390,1.0,,18,207
366d08ccdc7a3e38,0.8333333333333334,0.504235173389069,18,264
3688d4af15d41789,0.6666666666666666,0.7139867030122468,18,527
36bb69001d2d786b,0.0,,18,315
36d72ed032f7d440,0.9444444444444444,0.3796353534883974,18,440
36f4ad6645373ee8,0.6666666666666666,0.7201456081888747,18,287
36fea292e2c44992,1.0,,18,256
3709f899a7936506,0.8888888888888888,0.2854964957600539,18,403
370fe917ae2a746a,0.5555555555555556,0.7944018540003338,18,303
3730f352df1eb4d4,0.6111111111111112,0.3814738991926074,18,202
37504fcc8063e5f6,0.0,,18,689
375097573fa6bc47,1.0,,18,159
3754c2175092bb98,0.4444444444444444,0.7585261875551083,18,219
37572b091d4b2fe9,0.5555555555555556,0.4240159412589898,18,270
37607d4bae8109a7,0.9444444444444444,0.11401306906377343,18,180
37642f271eb592f3,1.0,,18,269
376ee1a66959d642,0.8333333333333334,0.43920170722872354,18,284
377aa44b826204d8,0.7222222222222222,-0.1326160709417401,18,200
377e053a44d0c427,0.0,,18,562
3789903c98c1bdd3,1.0,,18,283
37ce726498b6ceba,0.9444444444444444,0.11401306906377343,18,234
37fa6a908cb086b6,0.2777777777777778,0.06074974678322922,18,247
380876e2bb0a9e3c,0.9444444444444444,0.3592452611155529,18,289
38172efa6008da0e,0.7777777777777778,0.27829583746642356,18,231
382b0e64c44b45f3,0.6666666666666666,0.6023230743751271,18,576
3834f9ad4c2b9db0,0.7222222222222222,0.2540529359032673,18,310
38448bf8702e2ece,1.0,,18,213
3848d783c4a17c6c,0.9444444444444444,0.3796353534883974,18,337
387977971c5caf6a,0.5555555555555556,0.4400202708218874,18,803
3881e7b9d9a85597,0.05555555555555555,-0.3796353534883974,18,154
388473588058d1f0,0.6111111111111112,0.045112834597934026,18,428
388c9ffeb101aa30,1.0,,18,343
389086cd555df10f,0.8888888888888888,0.1758412057674867,18,413
38995a79ce235c36,0.7777777777777778,0.6408327594465653,18,283
38a43e883870c0d7,0.3888888888888889,0.07607036650314912,18,304
38b1711b6ea5f648,0.2222222222222222,0.32046698510044347,18,272
38c628ad5eb19cd1,0.6666666666666666,0.6226742393065925,18,258
38d21fbe154bf8cf,0.7777777777777778,0.40005237491536555,18,222
38e92af8786c344e,0.8888888888888888,0.04730753251612594,18,235
391a58543d38be3d,0.5555555555555556,0.5589095761462695,18,235
391d3cb070b6ab4b,0.9444444444444444,-0.024308908924982827,18,852
392087c9492ecfad,1.0,,18,387
3922488d73a764d6,0.6666666666666666,0.591076377965633,18,279
39281f52df13163f,0.2222222222222222,0.3836224957971515,18,193
39284bd4350f4c6f,1.0,,18,209
39415596ab6f5e08,0.2222222222222222,0.5861452151947681,18,344
39483ec699f752c0,0.7777777777777778,0.6408327594465653,18,253
394abd8fc63e9955,0.6111111111111112,0.5870710395222228,18,308
397cee251685d6e4,0.0,,18,293
397e6cfe008af4a4,1.0,,18,185
39a7bee5200c5fa9,1.0,,18,277
39b2ba0f37d91887,0.5,0.5198233300548634,18,201
39c246cb5bac3771,1.0,,18,185
39d6fb2cb7024747,0.7777777777777778,0.5221125446272725,18,222
39fdeb5b9e5a8233,0.0,,18,574
3a10f6003d739e63,0.1111111111111111,0.014147630007180995,18,177
3a12ee5124b05864,1.0,,18,265
3a3643f49305f105,1.0,,18,193
3a4a723fc8c2bda8,0.5555555555555556,0.7916074472512563,18,592
3a697af647a543da,0.7777777777777778,0.5400268481422041,18,357
3a6a7e71f69e9eae,0.7222222222222222,0.31070050906350544,18,541
3a83e281b1108f2a,0.5,0.42565426637809584,18,365
3a898a4d2feef823,0.5555555555555556,0.8784880934498431,18,271
3a8e406ed28d6bf2,0.7777777777777778,0.6563180048577772,18,215
3aacc5225a412d76,0.6111111111111112,0.6238403013947736,18,336
3acd0d4ed1796f24,0.9444444444444444,0.3592452611155529,18,475
3b0b5a403af615c1,0.0,,18,798
3b1198a185c8620b,0.0,,18,309
3b119e12c76b56e9,1.0,,18,313
3b1e3638e60e613f,0.2222222222222222,0.4343290837122969,18,247
3b410a529f705998,0.9444444444444444,0.3796353534883974,18,251
3b6d344c0710d1da,0.7777777777777778,0.5111817831605346,18,390
3b6d48da6e2b1c86,0.0,,18,382
3b706a73c7b3bff0,0.1111111111111111,0.13986962915616838,18,258
3b778edab9cf390e,0.5555555555555556,0.3414539236726135,18,231
3b799ca61a245ab7,0.05555555555555555,0.05351633854013858,18,404
3b8465eb053b018f,0.3333333333333333,0.4304985458967454,18,207
3b84a62d01ef2f0d,0.7777777777777778,0.5688719131238739,18,635
3b89ca9a4a197b8b,0.9444444444444444,0.4286817918987533,18,224
3bab79bad4ce0ae5,0.8333333333333334,0.37552310494671826,18,215
3bba1b248cbd6cd6,1.0,,18,318
3bbb69e67c20179d,0.5555555555555556,0.4184271277608351,18,878
3bc49c1478a85f6c,0.5,0.29487792593690154,18,227
3bdacb0f207ac68a,0.7222222222222222,0.2732172890122036,18,322
3be002d1e7025e70,0.0,,18,509
3bea9aa2a1222203,0.5,0.22267322831879033,18,285
3bf05db647447a5c,0.2777777777777778,-0.08749216108883627,18,305
3bf17f7c430aa7a4,0.9444444444444444,0.4286817918987533,18,384
3bf76a17ef0c1799,0.05555555555555555,0.05351633854013858,18,176
3bf7a6130ece85b6,0.9444444444444444,0.4286817918987533,18,233
3c6e46b7483a908b,0.9444444444444444,0.3592452611155529,18,207
3c745912cb355bab,0.6666666666666666,-0.010086322970419302,18,623
3c747e37e8a8ff57,0.9444444444444444,0.3796353534883974,18,253
3c7748fcfdb09ba9,0.6666666666666666,0.5482318202151795,18,214
3c9d747d511e2cb6,0.8888888888888888,0.33851663597624027,18,349
3caf85cb57bef7ba,0.7222222222222222,0.6381854842485626,18,680
3cb1d5f2d3a47072,0.8888888888888888,-0.2049398012396698,18,739
3cd2c2117205d7c6,0.8333333333333334,0.4740894520959921,18,468
3cd34d50f35fbbca,0.8333333333333334,0.5350583266213164,18,216
3cd9633dc5a8309b,0.8888888888888888,0.5742955928467053,18,184
3ce9c4edc261b438,0.6666666666666666,0.2078853645850135,18,297
3d003d4bf7ef6eb3,0.7222222222222222,0.47923408493326786,18,218
3d02748f1c4a5ce9,0.8333333333333334,0.44225015095498965,18,164
3d2e6c08fd515fdd,0.9444444444444444,0.1051957318214624,18,259
3d582b0f49f0ea64,0.0,,18,310
3d661ccd7fb6b3e3,0.3333333333333333,-0.3251723414268804,18,661
3d691c2f2d0720c8,1.0,,18,160
3d6ec6e360a16c83,0.8888888888888888,0.15977449661106652,18,179
3d8291f2bc2715ff,0.8888888888888888,0.368641715644528,18,368
3d8ec692da59a330,0.05555555555555555,-0.2776848916241747,18,522
3daf21d11fab2054,0.6111111111111112,0.46899509998783406,18,275
3dbad637162a502b,0.6666666666666666,0.43630041309211953,18,229
3dc9307df6ff2eaf,0.1111111111111111,0.16236302197515656,18,343
3ddbd88ecb59c1f4,0.8333333333333334,0.5668976277623188,18,423
3ddd8e47b9d2fce3,0.1111111111111111,0.3836819406048436,18,467
3ded6afa16e1c4c6,0.6666666666666666,0.4515637867907185,18,236
3df804df39afa081,0.5,-0.05756178691234036,18,578
3e212dfad3107150,0.0,,18,240
3e23cbbfc6b75cda,1.0,,18,181
3e3c433fa24ba549,0.6666666666666666,0.4877138823926638,18,408
3e3c644f8b15c4e8,0.3888888888888889,0.665414310319528,18,367
3e451446a213a1d7,1.0,,18,173
3e49577aedd98ebb,1.0,,18,332
3e5203e0acc5463a,0.6666666666666666,0.7487979061844906,18,689
3e604b3608f63493,0.7222222222222222,0.6621409256347328,18,229
3e7854bdd35cf0f8,0.7777777777777778,0.4067322847005943,18,193
3e89096f2654b9d0,0.7777777777777778,0.26372148884410634,18,419
3e9f66c23e789ca8,0.6666666666666666,0.133978502465481,18,299
3ea828a2972ed046,1.0,,18,220
3ec83cdd75e37166,0.8333333333333334,0.6674962707291036,18,207
3ecbcf76cec4a08a,0.0,,18,505
3ed7b12fddff634b,1.0,,18,227
3ee74e06ed2132be,0.3888888888888889,0.08202595117264673,18,761
3ef978a084aa0901,0.7777777777777778,0.45166985961940603,18,243
3efedb1f637b4d84,0.8888888888888888,0.5891572988163939,18,260
3f0ac673cb4ea320,0.7777777777777778,0.6611761210652163,18,377
3f155463960baadd,0.8888888888888888,0.4321052168123874,18,255
3f191580ae60b3eb,0.6111111111111112,0.7706584104210858,18,283
3f23d1fd0e713020,0.9444444444444444,0.11401306906377343,18,599
3f23dff27b929763,1.0,,18,256
3f26404f12705fc1,0.2777777777777778,0.17235392077056375,18,234
3f3675787d54aeaa,0.8333333333333334,0.2234396346029933,18,162
3f6928d21f9a3dca,0.2777777777777778,0.5564864691158589,18,378
3f9942885a06ed57,0.6666666666666666,0.8374325850307415,18,392
3f99d58255224807,0.0,,18,287
3fac3a00880b8e6b,0.9444444444444444,-0.024308908924982827,18,277
3fe71d257b69a5db,0.2777777777777778,-0.18754135746637113,18,404
3fe7bc39a0b37ba4,0.8333333333333334,0.13740577832836925,18,178
3feb4ff9274d4e5d,0.4444444444444444,0.3713738343193005,18,681
4001b7ac7b9d65e9,0.9444444444444444,0.3796353534883974,18,522
4016b888184ab114,0.5555555555555556,0.6877063235810167,18,371
401951f1e9e34e3b,0.5555555555555556,0.5474779121727711,18,237
401df9400350d87e,1.0,,18,373
402f851502ad1e9f,0.9444444444444444,0.3796353534883974,18,520
403a20d6a35af99c,0.16666666666666666,-0.7176262342277034,18,334
405c7da5e3d0f7ff,0.9444444444444444,0.4286817918987533,18,351
406a7d78c2a106f7,0.7222222222222222,0.7974187122860475,18,297
40784131980c2d27,0.2777777777777778,0.6771091622132811,18,282
40784d6651c7bfaf,1.0,,18,188
4087a3c510298085,0.8333333333333334,0.6248180585613768,18,361
40930729542fd97b,0.2777777777777778,-0.14132144702717184,18,291
4099421478892b10,0.6666666666666666,0.5551940608496282,18,642
40ca06b1096e73ff,0.4444444444444444,0.09447352918345359,18,558
40dd2bb0be7f9c47,0.3888888888888889,0.5576959093407875,18,252
41193a9e49c24a56,0.05555555555555555,-0.3592452611155529,18,238
41204a77b7772e4e,1.0,,18,240
41382a9f84addc1a,0.8333333333333334,0.4740894520959921,18,394
414112e635953d4f,0.6666666666666666,0.819491426472739,18,191
41422d78524e7ad8,0.7777777777777778,0.12040706072465344,18,392
415a9037552b7e2c,0.7222222222222222,0.6204302747505775,18,423
41660c0402ff97fc,0.2222222222222222,0.3836224957971515,18,310
416a882268714c6b,0.0,,18,527
416b9c7d67256ed8,0.8333333333333334,0.5851882901199161,18,266
4177b8494449c643,0.3888888888888889,-0.0435592038145869,18,223
417efef2abc77abd,0.4444444444444444,0.1750032509523191,18,241
419b5713db969ffb,0.9444444444444444,0.16416167462941847,18,223
41adc66293e2cba4,0.6111111111111112,0.7735067335238891,18,330
41bfe8ea88da7f99,0.05555555555555555,0.06839559513653871,18,234
41c459f11170b6c4,0.5,0.5645094541052328,18,202
41c5ffc608be4963,0.6111111111111112,0.516121900416033,18,220
41d8edc7336ce055,0.9444444444444444,0.2776848916241747,18,237
41fecc4118d66539,0.16666666666666666,-0.10759877300487751,18,705
420003454edb796a,0.7222222222222222,0.6948330574088004,18,241
420878eaa113d091,1.0,,18,341
420f74c91d497fa1,0.2777777777777778,-0.159076656525157,18,222
422dd1c6220abd73,0.9444444444444444,0.3796353534883974,18,197
422f5d3b01259710,0.4444444444444444,0.5398003501955081,18,642
4248f4e6c432ac56,1.0,,18,660
4270e9e116f3dfe7,0.7222222222222222,0.5742103643113784,18,272
4270f7a35474ffc6,0.3888888888888889,-0.510684192674318,18,654
427ddbe92563678f,0.0,,18,350
427ffc2caf407a5b,0.9444444444444444,0.2776848916241747,18,186
4292c18eaad0a419,0.9444444444444444,0.3592452611155529,18,229
429bec4aa4231448,0.4444444444444444,-0.2004634013328017,18,665
429eab227d21b069,0.9444444444444444,0.3796353534883974,18,274
42a77ffd30090ad5,0.7777777777777778,0.307748166974023,18,178
42aef8b254878df6,0.4444444444444444,0.4831501042823944,18,394
42bacc6dc56b9b2a,0.6666666666666666,0.575009668809213,18,219
42bda68318fdfb36,0.4444444444444444,-0.14762371007752076,18,315
42c8ab87c9d4eae9,0.05555555555555555,-0.4286817918987533,18,476
42dd7448aee115f5,1.0,,18,203
42e146b0f0e846de,0.05555555555555555,-0.3592452611155529,18,276
42fb89eefc1cb70d,0.05555555555555555,-0.3592452611155529,18,601
4304e6b8d0c9bd8e,0.7222222222222222,0.4882526040433555,18,273
4312b1ae6593aa91,0.8888888888888888,0.39555345348153165,18,165
431a768440c7e49e,0.7777777777777778,0.27404498578491426,18,524
431b667346f0feec,0.2777777777777778,0.5266126245636937,18,501
4330cbe666c3a09b,0.6666666666666666,0.819491426472739,18,272
4333cc09a08c47bd,0.4444444444444444,0.07567479287147866,18,325
4337238633ca47c9,0.6666666666666666,0.3072311828688778,18,200
433ae1a97de353e2,0.05555555555555555,-0.1641616746294184,18,391
435b296b35caeed9,0.2777777777777778,0.564941330781566,18,421
4369e3248e0c144c,0.9444444444444444,-0.33126246167294054,18,546
43b021a5bf98ff24,0.7222222222222222,0.7974187122860475,18,273
43c5efc8dc807da1,0.9444444444444444,0.11401306906377343,18,204
43d720824b1634cc,0.8333333333333334,0.5489456813743068,18,551
43d9b587019a8ef2,0.6111111111111112,0.7804980720489518,18,297
43dc33ff97d60e4d,0.16666666666666666,0.3096993015240072,18,392
43e2363119af664d,0.7777777777777778,0.39124703928938226,18,233
4408f2878b12d127,0.8888888888888888,0.27344646389273897,18,273
440c335a1c8284eb,0.7222222222222222,0.19543256168769757,18,195
4416e71e75341477,0.6111111111111112,0.7603008718654378,18,328
44302c62c0a5c525,0.6111111111111112,0.19348457440759367,18,408
44568cb53fe30792,0.16666666666666666,0.5271549539976632,18,317
44586694ac2e2a63,0.8888888888888888,0.26260143521215534,18,194
445ab58242561079,0.2777777777777778,-0.5305269123718914,18,168
44627769e2f34fce,0.5,-0.2060106057915339,18,517
44702a8c2e22c0fd,0.9444444444444444,0.3592452611155529,18,393
447903bdca31fe8d,0.5555555555555556,0.26448071958439195,18,401
44b21eb85d75c352,0.5555555555555556,0.3981041695857271,18,582
44dd2508b414d08d,0.5555555555555556,0.3739706567527863,18,468
44e69d4edd137688,0.8333333333333334,0.49881571787570694,18,203
451f2eda05b5ed9d,0.8888888888888888,0.33851663597624027,18,401
452174606b40be75,1.0,,18,314
453d30000def8971,1.0,,18,196
453ee6a159b225a9,0.7222222222222222,0.6674956713563472,18,238
4545750b16cb66dc,0.9444444444444444,0.0770904693615955,18,325
45501c9cee5aeb19,0.6111111111111112,-0.2889177838217183,18,578
456d51b2673cb35a,0.7777777777777778,0.38881798118566263,18,732
45773447fdeca294,0.9444444444444444,0.11401306906377343,18,292
45790a193c4d527e,0.7222222222222222,0.2842086091776229,18,245
4599de1520832f27,0.6666666666666666,0.25474659962457213,18,673
45b2b1a4a8f82632,0.8888888888888888,0.5891572988163939,18,424
45ccff4600314cea,1.0,,18,192
45d25c43e1ba9097,0.5555555555555556,-0.44021785513747885,18,278
45f79b865bb0a148,0.1111111111111111,-0.4642386351252278,18,371
46073cf12078b82c,0.8333333333333334,0.4740894520959921,18,315
460e0bbc4a411697,1.0,,18,180
460ec866f86549f9,0.05555555555555555,-0.2776848916241747,18,424
460ef845226b61e3,0.2222222222222222,-0.048446214401962,18,461
461ab25b76683607,0.2222222222222222,0.015012928557711067,18,388
463cc23fd3821155,0.0,,18,324
4645f043b132d2be,0.0,,18,494
4652e2189a4e3574,0.5,0.44559892061526635,18,274
467597f574a55641,0.05555555555555555,-0.3796353534883974,18,398
467b6e2d02076f37,0.2777777777777778,0.4558736152939439,18,342
467ce22b28156cba,0.6111111111111112,0.7196475330345189,18,496
469722fb31a5cd0b,0.7777777777777778,0.7962924780846157,18,379
469f6f07b292bb90,0.9444444444444444,0.4286817918987533,18,286
46a04b0dc4518a26,0.16666666666666666,0.3117315973415181,18,307
46dbb94257b97577,1.0,,18,344
46e6ea1dd72437ce,0.7222222222222222,0.2027601084646439,18,403
4705b7da875f13a6,0.8333333333333334,0.504235173389069,18,415
4732be2b68a584cf,0.16666666666666666,0.08614676159781917,18,242
4742a17c1b543ca0,0.9444444444444444,0.3592452611155529,18,231
47499e4d998ed771,1.0,,18,396
475ba5ea8588e3a2,0.5,0.7851629706025376,18,434
4775ad18664185a2,0.9444444444444444,0.3796353534883974,18,559
477989b65bcf818f,0.8333333333333334,0.524219415594592,18,187
47847037303ecbf9,0.6666666666666666,0.819491426472739,18,423
479ca5a26fad322e,0.9444444444444444,0.11401306906377343,18,238
47a323bd349517d6,1.0,,18,247
47c08f77737eabd4,0.8888888888888888,0.5148487689679511,18,229
47e4144003dacffe,0.5555555555555556,0.7314006836574988,18,603
47e8e07bd3b8d965,1.0,,18,358
4811ad930a53dffc,0.9444444444444444,0.4286817918987533,18,399
48142732892a82cc,0.8333333333333334,0.5977207809945662,18,346
48185c93fb3bc32c,0.5,0.5879886040300031,18,297
482e2e47a32ab9a9,0.5555555555555556,0.7545180485816845,18,228
483cb133887852cb,0.5555555555555556,0.5281711019064186,18,318
4856f612d76ce5e5,0.5555555555555556,0.2611782388809369,18,643
485d20bb74a21b2e,0.6111111111111112,0.2012527283243298,18,178
4886412a86f864da,0.0,,18,426
4889d98ded4256c0,0.7777777777777778,0.7962924780846157,18,208
489329b2dd1444e0,0.8333333333333334,0.6248180585613768,18,336
48a1522a9713eecb,0.9444444444444444,0.0770904693615955,18,442
48aa287cc51779db,0.5555555555555556,0.2726099028544351,18,274
48ab6fad2004973f,0.3333333333333333,0.4420130207921798,18,429
48b1159fe42f6eb8,0.3333333333333333,0.29446707503905517,18,202
48b46d7ebcb8292f,0.9444444444444444,0.3796353534883974,18,309
48d6f7a8b1d36243,0.8333333333333334,-0.12272808631301342,18,450
48d74618ced22531,0.9444444444444444,0.3796353534883974,18,263
48e0dbc18a066c15,0.2777777777777778,-0.045781510204681,18,431
48fb705de9081820,0.6666666666666666,0.72443006396392,18,343
490dca5f9d65f396,0.7222222222222222,0.5637827015903396,18,184
491564f6142adbc4,0.8888888888888888,0.3963567889393528,18,198
4929c63bdb0a67f2,0.8888888888888888,0.5385471649736705,18,365
492ff8b33d9196cd,0.0,,18,441
4936313770dfd060,0.0,,18,204
493e0e05b4dc865f,0.4444444444444444,0.30710247909052135,18,605
495333e1dcdacdfc,0.9444444444444444,0.3592452611155529,18,394
496211347bc6f72f,0.2222222222222222,-0.21726575261047001,18,372
49755c11632e2ea9,1.0,,18,271
497d2b7db8cbd3e9,0.2777777777777778,-0.28139032195572045,18,383
49859de3492daad8,0.5555555555555556,0.39657994772259403,18,263
49965b65b9f881f4,1.0,,18,460
49bcfefe802f299b,1.0,,18,279
49c9aef24d911c6f,0.3333333333333333,0.1212143946356583,18,203
49ee7a66c6dacc6f,0.5555555555555556,0.3902290232928728,18,253
49ffccdc3809519c,0.2777777777777778,0.5525408670051956,18,293
4a13aa26c7c5a7c7,0.8333333333333334,0.4923801144535895,18,308
4a147505ad7a0b1f,0.8888888888888888,0.5742955928467053,18,613
4a1dc079e51f4fb3,0.9444444444444444,-0.21277949247938407,18,276
4a59a3c9e91db764,0.7222222222222222,0.5271449677056084,18,247
4a6d4525b61d69f2,0.1111111111111111,0.3491385159185402,18,215
4a6d88072d975e4e,0.0,,18,332
4a909e0b7b860738,1.0,,18,370
4a90e161ddfde2e1,0.9444444444444444,0.3592452611155529,18,246
4a9ac2a461ebc8fd,1.0,,18,327
4aa85089935ee071,1.0,,18,398
4ab2261013118d14,0.3333333333333333,-0.25849549842773684,18,250
4ac5b425318f0fad,0.3333333333333333,0.5258276868915048,18,357
4ad8a50ab50cd24b,0.7222222222222222,0.5801287674773734,18,439
4ae4b3b61452c237,0.3333333333333333,0.05185976677711155,18,159
4ae7307cf3ec7817,0.5,-0.13910765170482256,18,345
4aeb69eccc39c69c,0.7777777777777778,0.7962924780846157,18,477
4b038fa5cef7af84,0.1111111111111111,-0.4791003410949165,18,514
4b06301ef9b7942b,0.7777777777777778,0.7962924780846157,18,219
4b0b632afeb4e89b,0.6666666666666666,0.3396323796676585,18,258
4b1673a0df2b2900,0.05555555555555555,-0.4286817918987533,18,324
4b191ab7ad5e1ea9,0.05555555555555555,-0.11401306906377344,18,247
4b32886fb6403ec5,0.2777777777777778,-0.3160552547851199,18,425
4b3e8a7b83e441a5,0.3888888888888889,0.1459837517537741,18,473
4b4757272da53139,0.6111111111111112,0.3972691454899708,18,335
4b509c83e8e0aef2,0.7777777777777778,0.7337442319138374,18,269
4b5c9631b4fdb7e2,0.3888888888888889,-0.11657985063190625,18,207
4b61924b946650f2,0.9444444444444444,0.3796353534883974,18,289
4b6c16726a4f036a,0.5555555555555556,0.19690688365215775,18,328
4b9d24c1d34be152,0.2777777777777778,0.10330588383395534,18,350
4ba6d5acfa426f16,0.8333333333333334,0.4923801144535895,18,502
4bb2f8fc0136b984,0.2222222222222222,0.6326009514284044,18,232
4bdcbbce58579be7,0.9444444444444444,0.11401306906377343,18,221
4c059e94a2350365,0.05555555555555555,-0.3592452611155529,18,204
4c16d1a12c36198f,0.0,,18,232
4c2596297a15b410,0.1111111111111111,-0.04529919387157343,18,210
4c30b4554af24290,0.6111111111111112,0.30120297538633434,18,229
4c35bb4af1ebe95a,0.7777777777777778,-0.09152825882487663,18,265
4c41a71911d7ebae,0.05555555555555555,-0.3796353534883974,18,286
4c48dc606377e1f9,0.9444444444444444,0.4286817918987533,18,228
4c5201d77963b750,0.8888888888888888,0.4791003410949162,18,255
4c5d22231e5af428,0.16666666666666666,0.07090454296648804,18,588
4c82462b48681423,0.9444444444444444,0.4286817918987533,18,515
4c9f0447d236c249,0.4444444444444444,0.0728803861224012,18,596
4cbf821b12ff074f,0.6666666666666666,0.646238746069342,18,645
4cc3602f66a04f4e,0.8888888888888888,0.4642386351252276,18,982
4cc72f0f354f8465,0.2222222222222222,-0.5825353649572963,18,382
4cd207a9ce8b0acd,0.3888888888888889,0.568830263288109,18,414
4ce3c5f992a7e9ea,0.7222222222222222,0.6525587490802647,18,329
4cec373f3252cf26,0.3333333333333333,0.16914674361897827,18,297
4d2bac0d52d81cf9,0.8888888888888888,0.4791003410949162,18,496
4d2f811b817bc380,0.5,0.5571879987523474,18,212
4d3e49c9d39e949e,0.7222222222222222,0.47923408493326786,18,312
4d5f4491fb4dfcdb,0.2222222222222222,0.4100385026751014,18,441
4d6b07284ffd4792,0.8333333333333334,0.4686699965826301,18,380
4d70dbaab47eb597,0.2222222222222222,0.019871044765150156,18,162
4d8606c7cb5953a8,0.6666666666666666,0.2127053773319395,18,716
4d8f6d4d7c922648,1.0,,18,224
4d9512d9359993fa,0.6111111111111112,0.5482302699385422,18,262
4dafa0b035f97b47,0.6111111111111112,0.1839038512436191,18,333
4dbdc65a32fe5517,0.8333333333333334,0.49881571787570694,18,190
4de31fef822d64af,0.3333333333333333,0.6755158605321522,18,847
4df43df92d43dd6c,0.0,,18,536
4df45422789e259c,0.8333333333333334,0.7176262342277034,18,386
4e1b9702b61d633d,0.7222222222222222,0.4944528359315407,18,234
4e1c27ed0beefb59,0.8888888888888888,0.4791003410949162,18,325
4e38eaee4b2c240f,0.3333333333333333,-0.05632274154278378,18,239
4e54a54ca7542387,0.9444444444444444,0.4286817918987533,18,306
4e665a4c6d03ecdb,0.05555555555555555,-0.3796353534883974,18,383
4e95ac368e722022,0.4444444444444444,0.5159208743397563,18,215
4eac021d9c7571e1,0.6111111111111112,-0.30186470701627843,18,414
4ebad1c413dfc48f,0.2222222222222222,0.2852456425965099,18,343
4ec25b790ec70848,0.2222222222222222,-0.6505489918614433,18,409
4ec6900ef59dc77b,1.0,,18,478
4ed74c579ad8f4e0,0.9444444444444444,0.11401306906377343,18,567
4ef6f765ac4eb215,0.8333333333333334,0.38161999239925076,18,175
4f2b682df5ffb1be,1.0,,18,175
4f7ce3916d1862c6,0.7222222222222222,0.3690390545568847,18,257
4f84dde968d5a87d,1.0,,18,301
4f97db7017f23fcc,0.3333333333333333,0.32472604395031296,18,521
4fb2e4cd6883d1d4,1.0,,18,239
4fba8fd1d6dfb5d9,0.9444444444444444,0.3592452611155529,18,432
4fbbb4ff61ecc1cf,0.9444444444444444,0.3796353534883974,18,497
4fe2f55450e79914,0.8888888888888888,0.2441247196822722,18,479
4ff03d3f5fb674e1,0.7777777777777778,0.5825353649572963,18,391
4ff47d156524476f,0.2222222222222222,-0.42737927858221053,18,327
500f469586bf1159,0.5555555555555556,0.4466252322287976,18,283
50335e66f4c5bf29,0.9444444444444444,-0.06839559513653871,18,164
503aeac4d45af75b,1.0,,18,514
5054824378af5b6a,0.8333333333333334,0.5977207809945662,18,623
505bf866c970d143,0.1111111111111111,0.308168407569669,18,604
506470d994390623,0.05555555555555555,-0.0770904693615955,18,436
5077df24984e374f,0.7777777777777778,0.6888066569950261,18,410
5083ef85e113f8a0,1.0,,18,302
508ae6128efa481b,0.5555555555555556,0.5533207626481148,18,441
5095e9f12cd25354,0.6666666666666666,0.7273756273092638,18,367
50a7ee32a46a9961,0.16666666666666666,0.046178277186773385,18,283
50c2d4343b0b94cb,0.6111111111111112,0.2978367753557487,18,225
50c58e358c757b0c,0.6666666666666666,0.45825824893922695,18,341
50ef026049b19aff,0.0,,18,274
5101a2a92fa4de5f,0.5555555555555556,0.030004589639083167,18,237
5103ee3f23a84a58,0.6111111111111112,0.4200557303123967,18,272
5104b836ffd809a1,0.9444444444444444,0.11401306906377343,18,242
512e6197b2ba3fb9,0.7777777777777778,0.5075381960049553,18,164
51310abcf78295ca,0.7222222222222222,0.5823833972548954,18,197
513ef45b651ecdba,0.2777777777777778,0.6737272175469983,18,296
5162507608eed324,0.4444444444444444,0.6528468050445465,18,188
5162df139e3e7e08,0.0,,18,311
518961f674c0b9b6,0.7777777777777778,0.5394195836162741,18,247
51a034ea2b4cc0f1,0.9444444444444444,0.4286817918987533,18,215
51a84c2ddd91baef,0.1111111111111111,-0.258986425651961,18,318
51b23aacfe247205,0.1111111111111111,-0.5385471649736706,18,367
51d7a6bfad8ef713,0.05555555555555555,-0.1641616746294184,18,329
51dedfd0cdaa680a,0.8333333333333334,0.5614781722489567,18,322
51f04ae2834486f7,0.5555555555555556,0.8784880934498431,18,192
51fa0ccbb00a6c5e,0.8333333333333334,0.32065111787392664,18,363
520ca7dbf8e4abbc,0.8888888888888888,0.4791003410949162,18,398
5214698ed68cf1f0,0.8333333333333334,0.7176262342277034,18,324
524aa1d74003d920,0.5555555555555556,0.4242699782361787,18,383
524ad3deb64d96ad,1.0,,18,381
52524ecedffae2e4,0.9444444444444444,0.3796353534883974,18,200
52844ca8453f5edc,0.9444444444444444,0.3592452611155529,18,257
529e7c9d59d43c38,0.7222222222222222,0.38735792149925036,18,276
52ac01a27dc2c3ea,0.16666666666666666,-0.169922511408542,18,247
52b1ae035012ddf2,1.0,,18,151
52f1114b94e17eb7,0.7222222222222222,0.20529656696435597,18,270
52f3f15d404e4031,0.9444444444444444,0.11401306906377343,18,185
52fb80740dd15135,0.5,0.6278779125043443,18,216
530342f040892b80,0.8888888888888888,0.15334781294849859,18,378
5335e09f066647a4,0.05555555555555555,0.2127794924793841,18,269
5346634f3e43d13a,0.5555555555555556,0.7011702833720258,18,570
535077ee62b41283,0.8888888888888888,0.39555345348153165,18,257
5358ff4c85c937a1,0.8888888888888888,0.4791003410949162,18,595
536777360a9e8a35,0.8333333333333334,0.6248180585613768,18,208
5378d1c00fdf5dbe,1.0,,18,690
5384a72aa02b3757,0.6666666666666666,0.2054753582115505,18,640
538e362b1b11e871,0.8888888888888888,0.5385471649736705,18,219
5393860ce7c0e68c,0.6111111111111112,0.334088160300517,18,504
53afbfaa95207bee,1.0,,18,304
53d5f3c54a3739d1,0.7777777777777778,-0.09031372977301687,18,229
53ed0052ed21255d,0.1111111111111111,0.10171119490967077,18,183
53fb18cd75fb5e73,0.7777777777777778,0.7962924780846157,18,583
53fd15cd126b393a,0.6666666666666666,0.6419542902942968,18,679
540f6552c4b36fbd,0.2777777777777778,0.2690211724818156,18,267
5411b1063ba75fb2,0.5,0.39207655734589736,18,174
5413c3f946c81a2d,0.8888888888888888,0.18467789580351784,18,212
5423c182fd8f2f01,0.8888888888888888,-0.3836819406048435,18,321
54243e28b2f3b94d,0.2777777777777778,-0.19994182124274157,18,222
542bf00038d3923f,0.7777777777777778,0.6563180048577772,18,417
5437edc7be92b7b4,0.9444444444444444,0.3796353534883974,18,322
545398846ed97c01,0.0,,18,218
546a9f7ed7984562,0.5555555555555556,0.5060698848909886,18,244
546cdf7b6c66cb8e,0.9444444444444444,0.3592452611155529,18,280
547682365bf89518,0.05555555555555555,-0.3796353534883974,18,140
547b92e2a3b98fce,0.8888888888888888,0.1758412057674867,18,332
547dcd18bd11b292,0.5555555555555556,0.007141261692086546,18,215
547f87eccb0847ce,0.2777777777777778,0.3862619209129548,18,243
548303c6501f142b,0.8333333333333334,0.5543651368876689,18,279
5495a58f1f5b3d49,0.2777777777777778,0.4634829907930802,18,261
54aa43318ae162b3,0.5,0.3102782285757295,18,321
54b05d6a44b3c30d,0.2222222222222222,0.6122575898097533,18,273
5520035dc20b1218,0.9444444444444444,0.3796353534883974,18,249
5520dbd704b919ba,0.1111111111111111,0.16035468333060407,18,268
5527ef18fdfc7130,0.6666666666666666,0.5948252767687978,18,209
552b0196d21454f0,0.9444444444444444,0.11401306906377343,18,412
553cc5d9b2d70823,0.0,,18,273
5545500ffc02de53,0.1111111111111111,-0.34494331963880837,18,253
55532e3a2752e33b,0.6111111111111112,-0.10248208982005184,18,313
556ebd53ad8a27a2,0.7777777777777778,0.49508927322339263,18,194
559a6a029484c879,0.5,-0.6266155926159158,18,361
55ab3f2f28e36ba7,0.5555555555555556,0.43773393802718785,18,266
55b448ad09ccb615,1.0,,18,742
55b467133425e239,0.7777777777777778,0.7962924780846157,18,355
55baa4084a19bc4e,0.9444444444444444,0.0770904693615955,18,306
55d1722f7071e7e2,0.9444444444444444,-0.21277949247938407,18,181
55f0a2444a436913,0.5,-0.16309172958496432,18,389
5618fafb897edb32,0.9444444444444444,0.3592452611155529,18,191
56617d05ce2741df,0.7222222222222222,0.5657555026456713,18,617
56907bfc1f7113c5,0.8333333333333334,0.6549637798544538,18,694
56abb2b1494a8671,0.6666666666666666,0.3787280386149474,18,189
56acb77c633b061e,0.6111111111111112,0.2737554982138667,18,255
56dedfa864fdbe69,0.5555555555555556,0.19817706853810194,18,254
56e13b91a398e7b5,1.0,,18,378
571ff125099ccb03,0.4444444444444444,0.2336857926829435,18,300
5726e406f03352c3,1.0,,18,595
572ba2a3d50c3a25,0.0,,18,259
574c2308797361dd,0.4444444444444444,0.465367515879175,18,440
5763384725708d52,0.7222222222222222,0.7974187122860475,18,259
5777c0f272911be4,0.5,0.24388020244438943,18,492
579495feeafd46cb,0.8333333333333334,0.6674962707291036,18,416
57a8842d100986de,0.3333333333333333,-0.06971166583980065,18,421
57c60c85b421fca4,0.3888888888888889,0.1470195056093388,18,172
57cc4320c7b4eaac,0.1111111111111111,-0.1328627587740629,18,397
57d6cff14a874431,0.3333333333333333,-0.20252979486620679,18,338
57e2fabd5fc793f7,0.6666666666666666,0.3053567334672957,18,264
57fafe7324ec7d20,0.8888888888888888,0.3814950829696641,18,198
5801ddb2ac8d341b,0.9444444444444444,0.16416167462941847,18,401
580d1795f0ea796d,0.05555555555555555,-0.3796353534883974,18,272
58195ab5e06c5cb3,0.8333333333333334,-0.033307070342538214,18,467
582b574a3cc3f337,0.7777777777777778,0.04935711119085676,18,238
585914061d8a7cb7,0.5555555555555556,0.04245240152133671,18,465
586f937f74188b47,0.7777777777777778,0.4389173045748782,18,293
58732d818a98e763,1.0,,18,246
587f6a9f26944881,0.8333333333333334,0.5614781722489567,18,325
5889e664e8606931,0.6666666666666666,0.3744435828399021,18,514
58943cbf961ec3f2,0.6111111111111112,0.493076377129716,18,249
58ab06e5a85509c9,0.16666666666666666,0.22671388897564962,18,182
58ac484baee9b7a8,0.7777777777777778,0.042677201405628036,18,317
58b59771ac22ae1e,0.8888888888888888,0.5742955928467053,18,253
58d5e442272d6f19,0.7777777777777778,0.3842634972411884,18,246
58eee340fd008d15,0.7777777777777778,0.4149303558006479,18,416
58f18dbc0fdbfdd4,1.0,,18,746
591209266d5e8b58,0.6111111111111112,0.5497839007218895,18,155
59183a3c206cadf7,0.6111111111111112,0.489192300171348,18,258
5922456506f276b3,0.4444444444444444,-0.26448071958439195,18,274
59293ec9fe000851,0.3333333333333333,0.3033037650750862,18,642
59523e54f9e2dd64,1.0,,18,380
595eaf9d34b0aa79,0.4444444444444444,0.7755466650267611,18,434
597b9604c489a855,0.5,-0.007321455352885491,18,410
5988a3b099579ab4,0.3888888888888889,0.8267329733237477,18,147
59a6f11d49cfcf76,0.8888888888888888,0.3814950829696641,18,546
59a88898bd23c824,0.8888888888888888,0.27906981209748594,18,643
59c3df09f45e534f,0.0,,18,525
59c9616704c03792,0.05555555555555555,0.33126246167294054,18,475
59d1e3bd8af90181,0.2777777777777778,0.5204123926755085,18,239
59d4542d44d65406,0.1111111111111111,-0.5891572988163938,18,477
59e26a444ec6cd22,0.1111111111111111,0.08403781483760867,18,532
59e28618c350e687,1.0,,18,198
59e6fd0f7336fc92,0.9444444444444444,0.4286817918987533,18,733
5a0e13cad3c0436e,0.9444444444444444,0.16416167462941847,18,377
5a2362455bdb33b2,0.0,,18,407
5a371fc56b0351a3,1.0,,18,521
5a44eb308ae48afc,0.8333333333333334,0.27323088213200797,18,220
5a460b334b1ada48,0.8888888888888888,0.3891267698189637,18,204
5a4d03b14d3ae41a,1.0,,18,534
5a4f108c53f1843b,0.7222222222222222,0.27434460390096455,18,310
5a53601faff4d3a7,0.2222222222222222,0.1844397312921491,18,326
5a56ad5cfe128d08,0.7222222222222222,0.47162470943413143,18,202
5a647424d14bfbe8,0.5555555555555556,0.6320722255766582,18,382
5a6b3323bd09397c,0.1111111111111111,0.07198778297029355,18,337
5a77e42252232b62,1.0,,18,251
5a9c6776b7720e2c,0.9444444444444444,0.2776848916241747,18,615
5aa413f7178092b9,0.9444444444444444,0.3592452611155529,18,219
5ab49bdc53bcaec7,0.7222222222222222,0.5544823537580615,18,297
5accaedeafff8228,0.2777777777777778,0.24196561515155265,18,301
5aed4bed3423c401,0.6666666666666666,0.6189253405034277,18,203
5aed6e4685c51d8a,0.9444444444444444,0.4286817918987533,18,341
5aedb2d3bd3d84ed,0.0,,18,261
5b0695b8daad866d,1.0,,18,235
5b077401b93f9b03,0.4444444444444444,0.562155604188127,18,366
5b0abfa6136e5593,0.05555555555555555,-0.1641616746294184,18,335
5b12dabaeb88b1f8,1.0,,18,255
5b14648c7e374d65,0.8888888888888888,0.20275294360449037,18,245
5b28ce7584170d19,0.5555555555555556,0.5180096228188644,18,222
5b42f774a7e54547,0.9444444444444444,0.2776848916241747,18,203
5b7d7edadfc1d96e,0.8333333333333334,0.7176262342277034,18,343
5b886138d99deb01,0.5,0.21989612456424767,18,213
5b91c5360148952d,0.1111111111111111,0.43549707763429835,18,432
5b96eb4f6f42cdef,0.8333333333333334,0.38094256046008035,18,261
5ba4b31044f88771,0.9444444444444444,0.4286817918987533,18,457
5ba511b2e930aa17,0.9444444444444444,0.2776848916241747,18,324
5bb537b09cbeda82,0.6111111111111112,0.5070590541798409,18,211
5bc67ca729f718b8,0.1111111111111111,-0.34494331963880837,18,288
5c12bb084a9c5ad1,0.3888888888888889,0.21434350622105164,18,460
5c20dd58ff2ba315,0.4444444444444444,-0.24593602024960587,18,235
5c247429a9f89c5c,0.9444444444444444,0.3592452611155529,18,456
5c25c9ec977a46c4,0.8333333333333334,0.341651507988205,18,218
5c25f218df575914,0.9444444444444444,0.3592452611155529,18,375
5c327799f9831877,1.0,,18,312
5c32ceb5a785379b,0.7222222222222222,0.6319852523603772,18,183
5c3a23a11377b72e,0.16666666666666666,0.5081868597008957,18,369
5c3bac8999c8ef58,0.0,,18,195
5c46b160dc4c28ba,0.9444444444444444,0.11401306906377343,18,243
5c50697096a7d0b4,0.2777777777777778,0.2461930459844062,18,679
5c65f96a9e448ba7,0.9444444444444444,0.11401306906377343,18,453
5c85912d4e79be6e,0.9444444444444444,0.3592452611155529,18,166
5c95dbf96d8df40b,0.8333333333333334,0.29524742015504163,18,419
5c9ae03408817c96,0.7222222222222222,0.5282722825943695,18,304
5cebc2a75ad0b414,0.3333333333333333,0.49637205343806795,18,264
5cfaafdc7380b408,0.9444444444444444,0.3796353534883974,18,389
5d0bf2bf22a0859f,0.8888888888888888,0.2854964957600539,18,313
5d13f3a8b4a843a1,0.9444444444444444,0.3796353534883974,18,220
5d163a53d33c0d14,0.7777777777777778,0.5670501195460841,18,266
5d1c01b6c029d1e2,0.6111111111111112,0.5710168547609681,18,324
5d2b7169f78b7231,0.7777777777777778,0.5278815576236066,18,291
5d2c2d7b4d9fb72e,0.5,0.7288635035786257,18,387
5d2f85b8f13510da,0.5,-0.42237223466818175,18,353
5d335347b4710d1c,0.8888888888888888,0.368641715644528,18,384
5d335a6f3a03dbfd,0.7777777777777778,0.20117324267332812,18,264
5d3b38e1144d99ae,0.6111111111111112,0.7170581483956069,18,405
5d463fcabc9815bf,0.7222222222222222,0.29999101762027613,18,300
5d5666580bf18b82,0.6111111111111112,0.6499930862477852,18,275
5d7ac68247f341a3,0.1111111111111111,-0.38912676981896377,18,754
5d83acc491454d35,0.3888888888888889,0.8267329733237477,18,344
5db629db45dbf6f1,0.6111111111111112,0.41487696103457267,18,280
5dc6dd92f38fd044,0.6111111111111112,0.2802289598111468,18,258
5dc864736eee73a0,0.5555555555555556,0.6257213011469371,18,203
5df1496d04092b09,0.7777777777777778,0.3192861929666908,18,496
5df7958d57a8114b,0.5555555555555556,0.35567999439518916,18,349
5e162c6d27512e5b,0.7777777777777778,-0.08454471677668289,18,242
5e172762aa4375af,0.6666666666666666,0.31071230318610216,18,331
5e1ed20806186f75,0.5555555555555556,0.7712844890761483,18,183
5e565e0dc5f7a418,0.9444444444444444,0.11401306906377343,18,214
5e6c9cdd96beedf7,1.0,,18,477
5e7a29a35a80f949,0.9444444444444444,0.0770904693615955,18,223
5e807f94c722605b,0.6666666666666666,0.819491426472739,18,397
5e9ffda9a2b090d4,0.2777777777777778,-0.23178846685023852,18,561
5eaf0cdea6e5d91c,0.5,0.3138127242633293,18,464
5eaf65a89d156928,0.4444444444444444,0.43335885675337993,18,564
5eb5697d495130ec,0.9444444444444444,0.11401306906377343,18,182
5eb75b231be1037b,1.0,,18,195
5ebd2322f1b8744b,0.0,,18,273
5ec51c26512ed050,0.9444444444444444,0.3592452611155529,18,152
5ec9276f5ab71fb2,0.4444444444444444,0.4323427088446244,18,415
5eccfe7fb0bd232d,0.1111111111111111,0.39653530792997954,18,275
5ee037e4ff126d7c,0.0,,18,238
5eef7f704187cde2,0.8888888888888888,0.2854964957600539,18,363
5ef44ce1126cfe2c,0.16666666666666666,-0.6549637798544538,18,398
5f05c3372b4f9d66,0.9444444444444444,0.4286817918987533,18,276
5f14e96aca568aff,0.5,0.8417149016041351,18,186
5f18d5cd78ee648a,1.0,,18,391
5f26c0a1a25d5e7f,0.5,0.24867701802041778,18,334
5f297d005332fdc8,0.5555555555555556,0.605398342971829,18,272
5f2e1c21e712d07a,0.3333333333333333,-0.11282400207619457,18,198
5f6f221c4eeccc79,0.6111111111111112,0.6290190706725978,18,274
5f76c346c3cdc054,1.0,,18,166
5f84daa25827b3ea,0.9444444444444444,0.11401306906377343,18,251
5f857bc7b6fc59c1,0.6111111111111112,0.3874294838621051,18,497
5f8e837cbd8d0661,0.6111111111111112,0.7810159489767341,18,376
5f9e6afa5f88c117,0.7777777777777778,0.6229184559316336,18,350
5fa1ab13280f57e2,0.9444444444444444,0.16416167462941847,18,335
5fc5f25548c1bc38,0.8333333333333334,0.6248180585613768,18,354
5fd11e226d77c7f5,0.5555555555555556,0.6493467400255,18,464
5fe39237d80fa22a,0.0,,18,224
5fe4a5863abfd57e,1.0,,18,179
5ff23a1a90ff6c69,0.5,-0.10628733460568113,18,207
60648feea4ff39c5,0.0,,18,245
606dc0b78f42b638,0.2222222222222222,0.24638071293699743,18,269
607ad6eb2b940ae4,0.7222222222222222,0.24841636145946258,18,230
6082d990700e0520,0.6111111111111112,0.8592153650718775,18,374
6095b7f1845f3240,0.2777777777777778,0.4634829907930802,18,366
60ad66c2de0ee807,0.7222222222222222,0.4730338530450827,18,217
60bdfad847747bd3,1.0,,18,236
60c0010e7accba48,0.3333333333333333,0.5437688454495073,18,265
60d52732363e958a,0.3888888888888889,0.4631833700204981,18,320
60d88bc027c65fd9,0.8888888888888888,0.35337834194592893,18,199
60d908eb79571676,0.3888888888888889,0.606635279016225,18,279
60e4b2d175e81114,0.0,,18,187
60e69c3348cc7a79,0.2777777777777778,0.13205241349735955,18,315
60f16dba8462afba,0.9444444444444444,-0.024308908924982827,18,225
611f003893730f06,0.2777777777777778,0.02777578628697132,18,315
612020c3fdd4ad4f,0.7777777777777778,0.4738350148158467,18,288
6130f506d7ec6c77,0.7777777777777778,0.5221125446272725,18,180
613ce893da64124c,0.9444444444444444,0.4286817918987533,18,230
613f5da3e0b304b4,0.7777777777777778,0.5051091379012359,18,439
61609bee40212907,0.8333333333333334,0.5543651368876689,18,365
61782b9328a4dc45,0.2777777777777778,0.21688285887662134,18,217
61944b8d54b950a9,0.8888888888888888,0.35980502560849686,18,417
6196b78ed6c08066,0.16666666666666666,-0.0080162779468481,18,314
619fb6695c809fc7,0.1111111111111111,-0.4791003410949165,18,305
61b5d998255d6ff1,0.6111111111111112,0.4762453769767878,18,721
61be50c11b828af3,0.8888888888888888,0.35980502560849686,18,258
61c273c56eb12f03,0.9444444444444444,0.2776848916241747,18,399
61c80d3e625e3c20,0.2777777777777778,0.6737272175469983,18,170
61e32ef4e743d9fa,0.6111111111111112,0.15956363563784604,18,406
61eb1bf5d77ab39c,0.5,0.612730073843202,18,196
61ecb6ed56a82018,0.2222222222222222,-0.6450836111280744,18,193
62003d118dd9c815,1.0,,18,313
620323aee19238c0,1.0,,18,215
6212005eff8e1c71,0.2777777777777778,-0.4730338530450827,18,247
6253ffc03b7c1ed9,0.1111111111111111,-0.5385471649736706,18,484
625acd5edf59e193,0.6111111111111112,0.8418664879911669,18,651
62710dad3326feab,0.1111111111111111,-0.38912676981896377,18,250
62711e7226e150e2,0.9444444444444444,0.3592452611155529,18,351
62723a95ce54d7c3,0.1111111111111111,0.3836819406048436,18,233
6281eb9b76c0aaee,0.5555555555555556,0.6059064169262065,18,406
62835d6d1c69abf4,1.0,,18,227
628b25993fac7e58,0.9444444444444444,0.3592452611155529,18,290
628e78b100bdae1a,0.0,,18,525
629cef1dc1c13452,0.9444444444444444,0.3796353534883974,18,253
62df7c41a9769d09,0.5555555555555556,0.17836218431737166,18,352
632f9891c9ef1f8a,0.5,0.645802854920029,18,336
6357f7bbbb95d750,0.8333333333333334,0.5049126053282394,18,390
635d24e6f2e914aa,0.6111111111111112,-0.2003608291709268,18,363
6372706ac4018529,0.9444444444444444,0.4286817918987533,18,258
639859b16a6ad994,1.0,,18,558
639f2cedeba6c0bf,0.6666666666666666,0.4893205533083059,18,672
63ac53d53e43efa0,0.5,0.5253775375639489,18,297
63b07065c7b9757f,0.8333333333333334,-0.06514637148354084,18,725
63b3bf8ebf3e737c,0.7777777777777778,0.5603702097608553,18,372
63b420b0cc435ac5,0.0,,18,303
63c8369e6793591b,0.6111111111111112,0.8183030877770672,18,285
63ca9a0a4fecb684,0.2222222222222222,0.09547547824342086,18,344
63cce6d4a5873054,0.8333333333333334,0.6248180585613768,18,514
63dcf0bcf33d6194,0.8888888888888888,0.39555345348153165,18,286
63e792186bb395e9,0.8888888888888888,0.5385471649736705,18,292
63ecb0e2a04b19ce,0.8888888888888888,0.34494331963880825,18,738
64250f56e7258f2f,0.2222222222222222,0.6122575898097533,18,246
64371ba65891b8cd,0.8333333333333334,0.26069839125735805,18,347
643c43feece53640,0.3333333333333333,0.5226143450602206,18,245
644009c7373c33e7,0.2777777777777778,0.0528585425619025,18,285
6440eb8751291238,0.5,0.380463214372355,18,500
6471b6da4e6b807c,0.8333333333333334,0.48154120342686507,18,185
6473bfa0ffb9d5df,0.7777777777777778,-0.16014915025495366,18,237
64813903a173cdf6,0.9444444444444444,0.4286817918987533,18,581
64858cf0e3214709,0.8888888888888888,0.5891572988163939,18,393
648cdfe305f41798,0.5555555555555556,0.5695791291882012,18,846
64bca9527f3b4986,0.9444444444444444,0.4286817918987533,18,226
64c57afbd8c66876,0.8333333333333334,0.2999894437292336,18,612
64d400966637750e,0.7222222222222222,0.7974187122860475,18,332
64ede4a6fdb745f6,0.9444444444444444,0.2776848916241747,18,574
64f127242c485290,0.6111111111111112,0.605196731994607,18,618
64f684b0004db019,0.9444444444444444,0.11401306906377343,18,209
65092a9d66561f5f,0.6111111111111112,0.13600023542374656,18,302
65316d24fb34cd34,0.7777777777777778,0.6505489918614433,18,521
65623f1a4cd51177,0.4444444444444444,0.5977207809945659,18,285
6566899053c12812,0.8333333333333334,0.4740894520959921,18,552
656812300c5609a7,0.16666666666666666,0.5169934749101093,18,528
657bcc733bdd17e2,0.5555555555555556,0.3960718737682164,18,298
6580a84eae2f7c2f,0.5,0.4016701884979541,18,226
658768f093f019d1,0.7777777777777778,0.7962924780846157,18,235
6589c3594858414e,0.05555555555555555,0.26623459951089556,18,326
659730d5ab158450,0.8888888888888888,0.5742955928467053,18,356
65ab0d04a08f31de,0.4444444444444444,0.37874090665777693,18,389
65b07438be7bcd9e,1.0,,18,314
65c9d10f0e4984e4,0.7777777777777778,0.4067322847005943,18,162
65f25d0c89aa7db0,0.9444444444444444,0.4286817918987533,18,291
6601b9dfd5127fd1,0.5555555555555556,0.5977772336561635,18,354
6602fb689e510c8a,1.0,,18,195
660f26d0beb9863f,0.6111111111111112,0.027763957517223364,18,184
6622a8db65d1c885,0.9444444444444444,0.11401306906377343,18,197
6622b421caab5eae,1.0,,18,152
663234029a5687b4,0.0,,18,240
6635b3c8cb515d1e,0.8333333333333334,0.1926164813707459,18,157
663c82ccccb133f4,0.16666666666666666,0.2470368471507576,18,482
6662d2a12f861b1a,1.0,,18,246
66734b9d6f33f3e0,0.3888888888888889,0.3963772463365677,18,268
6682aa6570d90779,0.4444444444444444,0.4592706284266426,18,258
6685219b8cb79b32,1.0,,18,185
66c174490a31f78f,0.6111111111111112,0.3617945759368759,18,258
66db6d7b9c19a704,0.3888888888888889,0.7267827262617432,18,264
66dfdd4486235e4b,0.3333333333333333,0.3324916200425827,18,289
66ee9da445839ca3,0.7777777777777778,0.4717095889750919,18,516
66f24cb9d377a7e0,0.7777777777777778,0.32687699954081445,18,324
66fcd84568510dd3,0.7222222222222222,0.5468729782589253,18,272
6708f9b3d59df20b,0.3888888888888889,0.5802235556993224,18,492
67228259b3adc046,0.1111111111111111,-0.21199130136943206,18,301
67254f0ac304507e,0.8333333333333334,0.15603515665555157,18,219
672a2647c5b0bfb6,0.1111111111111111,-0.05895589665453049,18,554
67353963d32afcaf,0.5555555555555556,0.6732262158812522,18,399
676683c9575bc93e,0.8333333333333334,0.40126551863518845,18,347
677a5346c512695a,1.0,,18,605
67ae774255b66284,0.8888888888888888,0.29473485352499557,18,288
67bd90ac8fb12dca,0.16666666666666666,0.19589073574340235,18,374
67cdc78ac403827a,0.3333333333333333,-0.27054553029505196,18,238
67f6c1bffb3820f5,0.2777777777777778,0.4601010461267973,18,433
6808f67105003a44,1.0,,18,409
68125af576a0ecf0,0.7222222222222222,0.7974187122860475,18,456
681c771177898fd5,1.0,,18,208
68264a660cdc90a9,0.9444444444444444,0.16416167462941847,18,356
6837d59817d1d4a9,0.2777777777777778,-0.28561775278857393,18,305
684b8968e486ebc5,0.8888888888888888,0.4642386351252276,18,217
685c887120766791,0.16666666666666666,0.0715819749056583,18,346
6882d29a30ec740d,1.0,,18,423
688a482ac87f34ce,0.9444444444444444,0.11401306906377343,18,268
6890f99ebcfcc8e3,0.8888888888888888,0.2854964957600539,18,180
689ca1d71212f004,0.7222222222222222,0.4800795710998388,18,432
68b3008739313424,0.3333333333333333,0.5850067322843188,18,253
68db7bf56004f7b4,0.9444444444444444,0.0770904693615955,18,367
68f0a29207f7edc7,0.5555555555555556,0.7944018540003338,18,350
690083e913a1f78f,0.05555555555555555,-0.2776848916241747,18,745
691f1431576954d1,0.8888888888888888,0.3891267698189637,18,334
693213332c2e92ea,1.0,,18,220
6942fc59c25bc022,1.0,,18,426
6947089989251c46,1.0,,18,421
694bb6732290fadc,1.0,,18,151
695a3f2977fae371,0.9444444444444444,0.11401306906377343,18,239
697418534439ff02,0.8888888888888888,0.35980502560849686,18,284
69b198f840926550,0.7777777777777778,0.27252682447008963,18,430
69ba151f667613c6,0.5555555555555556,0.36939799116338706,18,213
69be9cdcf3143fc0,0.8333333333333334,0.2515530600785593,18,211
69d3ba45589bca69,0.8333333333333334,0.6248180585613768,18,431
69efa03163d68414,0.6666666666666666,0.819491426472739,18,704
69f21e8dd8d5ef70,0.2222222222222222,0.14375300805484673,18,224
6a10234e308fd92d,1.0,,18,309
6a2e9dc71836ba75,0.8333333333333334,0.5049126053282394,18,237
6a3416b2a69b1d26,0.2777777777777778,-0.20473290951997564,18,370
6a3d33afcefd88ad,1.0,,18,312
6a4ab628903b8241,0.8888888888888888,0.19632625994192243,18,453
6a61e7675efaef8f,0.5,0.6266155926159158,18,578
6a7ba3ddda291bd9,0.6666666666666666,0.5107428321835326,18,222
6a92732517c212d0,0.9444444444444444,0.4286817918987533,18,185
6aa36806d0402540,0.8888888888888888,0.34494331963880825,18,694
6aa44c6dee278337,0.8888888888888888,0.4791003410949162,18,198
6abfeb46d764ca1f,0.05555555555555555,0.33126246167294054,18,553
6ade94bbe561a6b1,1.0,,18,269
6ae7e90279a05e55,0.8333333333333334,0.7176262342277034,18,239
6afd721564df14b5,0.8333333333333334,0.48154120342686507,18,234
6affdc9fe773675a,0.4444444444444444,-0.051851769677324175,18,481
6b0bdd6f2135cc29,0.2777777777777778,0.23858367048526977,18,533
6b0e1f93554d4b04,0.2222222222222222,0.5305805110721836,18,230
6b1ace72354d8392,0.8888888888888888,0.39555345348153165,18,385
6b21c3e1af49a6b0,0.8333333333333334,0.5543651368876689,18,411
6b32d39f3eebe27c,0.2222222222222222,-0.09824190552821266,18,256
6b4cbfe84a22c270,0.7777777777777778,0.4134121944858231,18,251
6b5e86ac846039fc,0.7222222222222222,0.6429765725257967,18,334
6b65815a10ad0197,0.5555555555555556,0.38743461654379546,18,221
6b6e59f7f27814ce,0.8888888888888888,0.3814950829696641,18,280
6b70827bbd9764ea,0.7777777777777778,0.6888066569950261,18,220
6b73d782f51c3cdd,1.0,,18,265
6ba8209d94092811,0.9444444444444444,0.3796353534883974,18,365
6badb38492bdb05c,0.3888888888888889,0.4958096164707898,18,180
6bbdbf5e5f0813a4,0.5555555555555556,0.32875207481317115,18,398
6bbfbf2906b982b8,0.6666666666666666,0.5493029341589408,18,269
6bfd7bb45fb5129b,1.0,,18,179
6c14c5e3da61f8c8,0.7222222222222222,0.7974187122860475,18,341
6c1680e46b06763c,0.8888888888888888,0.3220482590909099,18,207
6c1cf06bec68edc4,0.2777777777777778,-0.4795159136554582,18,241
6c4febf1d8546846,0.2222222222222222,0.20417582838487022,18,547
6c59a5a1fbe9bfd3,0.7777777777777778,0.5099672541086747,18,190
6c5a74fcfaecba6e,0.6666666666666666,0.3133900880455056,18,239
6c61737e51dd6238,0.8888888888888888,0.3891267698189637,18,191
6c63fd4fea3ead5e,1.0,,18,239
6c95878683d8a0d3,0.9444444444444444,0.4286817918987533,18,300
6c967da423c671c6,0.3333333333333333,0.0031240823359705823,18,245
6cb4b2f53d338c2e,0.7777777777777778,-0.32745052714863715,18,482
6cc71ffcbb8b0daa,0.7222222222222222,0.6827144223546203,18,304
6ccf6cb3de93e637,0.7777777777777778,0.6295983657168622,18,357
6cf453c6df0a55ef,0.8888888888888888,0.4321052168123874,18,184
6cf48422ee346e55,0.16666666666666666,-0.054420365780011484,18,238
6cfdc20d21208cb3,0.6111111111111112,0.6108933782002135,18,219
6d35677ef217f4ee,0.2777777777777778,0.21885565993195302,18,199
6d4709880606ebbd,0.8333333333333334,0.4740894520959921,18,493
6d7aac12c6260c8f,0.5555555555555556,0.5335058784273843,18,266
6d7c79f1b76e36f8,1.0,,18,236
6d86627af3f699c2,0.2777777777777778,0.26592105653772297,18,512
6e175896fa5920ab,0.0,,18,328
6e3591ff79445caa,0.8333333333333334,0.524219415594592,18,349
6e3ae4b3fde3a78e,0.0,,18,230
6e3e2d81445fbebe,0.0,,18,298
6e51ecda4b6a58d1,0.6666666666666666,-0.029901930930004143,18,310
6e6dcf5cda9ff986,0.3888888888888889,0.6905313413169747,18,395
6ea51dff79cd51e1,0.7222222222222222,0.4420326936041565,18,240
6eaddf4f6e72ad7b,0.3333333333333333,0.5764378207342281,18,342
6eb2b87dcdde9c04,0.6111111111111112,0.7603008718654378,18,412
6eb529d953ca4b57,0.7777777777777778,0.6408327594465653,18,253
6eb6663fdf951ab3,1.0,,18,707
6eb9cb3783e21d03,1.0,,18,711
6ebfbfa1f9882e41,0.1111111111111111,0.39653530792997954,18,522
6ee02c16f2b0ec69,0.4444444444444444,0.08278782823276654,18,278
6ee0c1383ab34629,1.0,,18,243
6ee9fd434b9e0b1b,0.05555555555555555,0.33126246167294054,18,335
6eec2066e1d12d39,0.16666666666666666,-0.25053691216980406,18,274
6ef2ae02c5d0a849,0.9444444444444444,0.4286817918987533,18,479
6ef6e1350986c92f,0.5555555555555556,0.7916074472512563,18,281
6f158b24cef777f9,0.7222222222222222,0.6043660375857342,18,627
6f22261ee0be716c,0.2777777777777778,-0.43639611916035165,18,232
6f51a42f1a09af2d,0.1111111111111111,-0.006337424167254543,18,273
6f610a0ee379f596,0.16666666666666666,0.17556777756829442,18,439
6f741000c24a01dd,1.0,,18,684
6f7a2311675f03bc,0.7222222222222222,0.5429273761482618,18,270
6f7ef901c5bc15c9,0.6666666666666666,-0.08961653329469883,18,337
6f9250d39d3deb62,1.0,,18,296
6fcc9c3aa2bbb216,0.05555555555555555,-0.4286817918987533,18,328
6ff7b4f478d12b95,0.8333333333333334,0.169922511408542,18,185
7009a3e011c7238a,0.5555555555555556,0.5711033510513341,18,321
701cb02e20f29e24,0.7222222222222222,0.3690390545568847,18,328
7020851e1c551b47,0.16666666666666666,-0.36908750152460074,18,223
7021ce2c499f2e87,0.2222222222222222,0.10002996218789502,18,347
70262f5927f7e25c,0.6111111111111112,0.6445553785060699,18,303
702c00147371a17c,0.9444444444444444,0.3592452611155529,18,330
702f878cec9166d3,0.2222222222222222,0.25063156461850644,18,424
70339834e2410961,1.0,,18,229
70405aee8a6ea587,1.0,,18,773
70476781b20e20ac,0.5,0.5112395548135493,18,417
704b2b0d5b6992c4,0.6666666666666666,0.529487326199356,18,220
70575e0b1957118e,0.6666666666666666,0.22582652314301593,18,417
707272d43ba39d42,0.1111111111111111,-0.38912676981896377,18,383
70789e679d2b1fcb,0.05555555555555555,-0.2776848916241747,18,215
707ba2c836fe1f90,0.8333333333333334,0.5350583266213164,18,406
7088b05d54b14149,0.7222222222222222,0.6240940481390507,18,317
70bb010c531437fd,0.8888888888888888,0.2854964957600539,18,564
70cc7453e60f5883,0.6111111111111112,0.35687474512294315,18,505
70e5460f5af9949e,0.8333333333333334,0.5316711669254649,18,186
70f9b8386d0aeafe,0.8888888888888888,0.5742955928467053,18,286
71074cb3283641f5,0.6111111111111112,0.625652870642012,18,268
71148f79fc4eada2,0.8888888888888888,0.5742955928467053,18,520
7116bcd520d4164b,0.3888888888888889,0.35002726130004225,18,209
712ae78ef15182a6,0.6111111111111112,-0.03282764303331815,18,209
7130c118a80055b5,1.0,,18,341
7132c700ac4763b8,0.16666666666666666,-0.5049126053282394,18,283
71335597cf13e5c4,0.2222222222222222,-0.38244170366339886,18,341
71629c572c19f66f,0.3333333333333333,0.5587644406621661,18,345
7166599bd063064c,0.0,,18,269
71812709bb79d2d0,0.7777777777777778,0.6505489918614433,18,332
718a6f5e97114080,0.7777777777777778,0.6888066569950261,18,330
718b23c6046abae8,0.8888888888888888,0.5742955928467053,18,269
719a248b8fe99a56,0.5,0.2683692082799026,18,202
71b35b1a1de15c32,0.8888888888888888,0.4791003410949162,18,562
71baa7b8b948bdca,0.4444444444444444,0.5311630929710871,18,505
71c0af123536953f,0.4444444444444444,0.45317374097411023,18,252
71ccb9f8dc2f3589,0.9444444444444444,0.4286817918987533,18,324
71da197d3b361467,0.7222222222222222,0.6012659216416413,18,424
71dd7afb6bf144a3,0.7777777777777778,0.7962924780846157,18,926
7200cc8b2786464b,0.7222222222222222,0.6029568939747828,18,647
720b109fd3299733,1.0,,18,247
720e9b3aff4548fe,0.7777777777777778,0.578284513275787,18,251
721142132470336f,0.9444444444444444,0.2776848916241747,18,519
721a187c735ca96f,0.2777777777777778,0.09992393916767231,18,197
72359b4086f921bf,0.2777777777777778,-0.6384673129707529,18,207
7238fc6123dc7f19,0.5555555555555556,0.38133772909126296,18,204
72420abf61b5c4c9,0.9444444444444444,0.4286817918987533,18,202
725ab36ed13f4f26,1.0,,18,560
72630adf04adef89,0.8333333333333334,0.5851882901199161,18,331
726e8e030af64125,0.6666666666666666,0.4196981469638187,18,238
7281880d137a7625,0.5555555555555556,0.3625389927792882,18,201
72915b84c821867e,0.7222222222222222,0.4693700796566096,18,572
72a6d027b0f31836,0.6666666666666666,0.0919372801728483,18,540
72a99c4571926275,1.0,,18,252
72baecc9ba0a5a27,0.16666666666666666,0.2893763433488992,18,227
72c2a5ee7c80505b,0.7777777777777778,0.20876404924745168,18,601
72f5bb778a5394dc,0.7222222222222222,0.6621409256347328,18,336
730aaedff80c8dc8,0.1111111111111111,0.3491385159185402,18,340
731bd9c08fe8602f,0.7777777777777778,0.7337442319138374,18,379
73359fcf69294c2f,0.5,0.32466867530381455,18,263
733a60c73c5d5395,0.3333333333333333,0.2703670113044251,18,463
7344049304453007,0.0,,18,504
7350ed98f57f5355,0.6111111111111112,-0.0765882434309316,18,282
7351ee72f849dc06,0.6666666666666666,0.0038381582984781436,18,366
73599841c00e9b07,0.9444444444444444,0.3796353534883974,18,352
736b37880b777bcf,0.6111111111111112,0.697896702067658,18,356
736f73cf7f07f533,0.1111111111111111,-0.34494331963880837,18,350
739039e1a3b51733,0.5555555555555556,0.605398342971829,18,446
73ab0a6bb665e399,0.9444444444444444,0.3796353534883974,18,316
73c88df94c50092b,0.4444444444444444,0.48289606730520573,18,332
73d57968ad4299f1,0.6111111111111112,0.8418664879911669,18,222
73daa24fa463a422,0.0,,18,187
73ec65cc7b5f0408,0.4444444444444444,0.5174450962028894,18,390
73f508f5ed41789f,0.7777777777777778,0.1814371455806069,18,439
7418ccb178786430,0.9444444444444444,0.3796353534883974,18,542
746ab6c027b56525,0.7222222222222222,0.7974187122860475,18,512
7470c7ab6b207b6e,0.5555555555555556,0.6247051532381817,18,451
74711c7354919740,0.7222222222222222,0.28195397940010103,18,393
747de0f80e61941f,1.0,,18,408
7493699bf5924375,0.8888888888888888,0.35980502560849686,18,236
74a99830a788dbab,0.9444444444444444,0.4286817918987533,18,224
74be5b50f0d4de43,0.2222222222222222,0.04841247748385477,18,211
74d652d7ef79d441,0.4444444444444444,0.6919684995316294,18,351
74dbd66086921ad2,0.4444444444444444,0.16382562395600966,18,362
750be8ec4110966a,0.2222222222222222,0.1565055630993744,18,461
7513194fc150bcfa,0.3333333333333333,0.06980092533511402,18,341
75346096feb6fb8a,0.05555555555555555,-0.11401306906377344,18,358
753ad68772861628,0.3333333333333333,0.6141945872518154,18,249
755287a00f2825ba,1.0,,18,166
756970068abebb67,0.2222222222222222,-0.10492181531344134,18,247
757055951bc8ed93,1.0,,18,616
75804bc4a91cd30f,0.9444444444444444,0.11401306906377343,18,217
758b019cb6b65a95,0.3888888888888889,0.44091466212585456,18,553
758f7fa45988151d,0.4444444444444444,0.2291131270935441,18,211
75943ba1c26f9332,0.8888888888888888,0.026822478341690235,18,522
7599a7d1ee36065a,0.0,,18,518
75c74148f9db5563,0.7222222222222222,0.3028093048421787,18,303
75dc443e921bfa3b,0.8888888888888888,0.5148487689679511,18,484
75f8341dd1a1bce5,0.1111111111111111,-0.39555345348153165,18,273
75fa2df4c6f07225,0.6111111111111112,0.26624628276102175,18,231
7608eff4f35e4aab,0.05555555555555555,-0.3796353534883974,18,807
761fa700238fa448,0.8888888888888888,0.5385471649736705,18,412
7625e5dc74b0ea61,0.2777777777777778,-0.13427572897241594,18,370
762aceef410948c4,1.0,,18,310
762f4bf9d2804755,0.7777777777777778,0.29894283134803956,18,261
76460ed49696be4e,0.6666666666666666,0.28018555578890386,18,359
764f648cb24e1bab,0.9444444444444444,0.4286817918987533,18,261
764fab878170b4ee,1.0,,18,243
7663ddd44cd17a9e,0.8888888888888888,0.3814950829696641,18,251
766c2014e06c65c3,0.4444444444444444,0.47654514287548433,18,513
7672235ed20c9413,0.7222222222222222,0.6384673129707529,18,204
7685e1998204c1ab,0.16666666666666666,-0.6674962707291036,18,492
769036f49c91f7d5,0.8888888888888888,0.14531445837028845,18,245
7693ae978dba9827,0.7222222222222222,0.48712528915459463,18,518
76a708ade3ce5cbb,0.7777777777777778,0.6563180048577772,18,315
76be7daf009eb63d,0.8333333333333334,0.5851882901199161,18,226
76d3d6400e40701c,0.7222222222222222,0.5688556185897639,18,449
76e151572a1f71fb,0.8333333333333334,0.4740894520959921,18,521
76e536bbdfc298f4,0.1111111111111111,-0.5891572988163938,18,270
771d6f0d41b58126,0.9444444444444444,0.3592452611155529,18,396
77252b02f847c2de,0.1111111111111111,0.31740676533461054,18,332
772d1a845c2bcad7,0.2222222222222222,0.1847433635551141,18,386
77306c32407e86c2,1.0,,18,182
773ad24c05ab9618,0.4444444444444444,-0.014508334030563176,18,380
773cd8d8d0505785,0.8888888888888888,0.5742955928467053,18,414
77571966886c2966,0.8333333333333334,0.17771297870900005,18,339
7763c16686dcc30b,0.8333333333333334,0.6674962707291036,18,892
776a09c92515cd2b,0.5555555555555556,0.6981218396457595,18,964
779201a19507008a,0.6666666666666666,0.7951235842521686,18,269
77a0e82eb482b474,0.6111111111111112,0.21290495919943386,18,302
77af9f5cca53e83e,0.8333333333333334,0.6674962707291036,18,793
77c938cbf4785bae,0.7777777777777778,0.5400268481422041,18,569
77d331705ff312f4,0.5555555555555556,0.4669481904039056,18,790
77d3737c2f66893d,0.7777777777777778,0.6563180048577772,18,441
77d3b7c1d783810d,0.9444444444444444,0.3592452611155529,18,239
77d553335cc31a13,1.0,,18,233
78117bf425069a1d,1.0,,18,297
7822734a0183f6e9,0.05555555555555555,0.2127794924793841,18,274
7833dd66ea89a216,0.1111111111111111,0.36480355734604986,18,256
7849bc0716dd5718,0.0,,18,264
784d20c1111b15ce,0.8333333333333334,0.6674962707291036,18,244
784f36b569b2fda7,0.9444444444444444,0.11401306906377343,18,791
784fb3e9b2aa62b9,0.3888888888888889,0.3945646770893292,18,415
78541d1d71dab013,0.05555555555555555,0.22931199980871755,18,208
7863ee3ec084af25,0.9444444444444444,0.2776848916241747,18,204
7868209bd36e4812,0.4444444444444444,0.20370942937465916,18,306
787afa484bd1809b,0.5555555555555556,0.25330309258808237,18,289
7880d38e071f25d5,0.05555555555555555,-0.3592452611155529,18,470
788ae410c6e2a7d0,0.3888888888888889,-0.32476637560043375,18,261
7893361c261a9251,0.0,,18,292
78a06848a710a1c7,0.9444444444444444,0.4286817918987533,18,556
78a8f6c8c0a63696,0.1111111111111111,-0.4321052168123875,18,216
78b359f1dad1d69e,0.3333333333333333,0.6058934541876649,18,248
7917c026e6180823,0.5,0.365062911733527,18,300
791abbcf2644a3b9,0.8888888888888888,0.5891572988163939,18,459
792a31d7c42ed493,0.8333333333333334,0.5543651368876689,18,377
794df7fac739370f,0.16666666666666666,0.017048703802451694,18,408
796b681332d967f7,0.8888888888888888,0.4791003410949162,18,654
797370fc43e6f304,0.8333333333333334,0.361974466163313,18,483
797b81e4be2b81a9,0.8888888888888888,0.5742955928467053,18,696
798626c427736214,0.5555555555555556,0.3290061117903599,18,235
798e7b88abc1dd78,1.0,,18,253
79946bd9462105a9,0.3888888888888889,0.38990378473928755,18,382
79b9e297aaec7958,0.9444444444444444,0.3592452611155529,18,373
79c3a4f01c3409f2,0.16666666666666666,-0.22140733878548238,18,394
79cd4c4f5ddff137,0.6111111111111112,0.05313992697856145,18,206
79eb0c360cf74081,0.7777777777777778,0.6563180048577772,18,183
79f32fffdd586b32,0.8888888888888888,0.5891572988163939,18,247
7a061a836fa42d01,0.16666666666666666,0.26600494144752507,18,216
7a0952126dcf935e,0.5,0.34511825749635655,18,477
7a0e8390c01391c8,0.16666666666666666,0.013322828137015396,18,239
7a1094bd96e8120f,1.0,,18,246
7a16533bf903ba10,0.9444444444444444,0.3796353534883974,18,317
7a3ef8b356a3d2f7,0.6666666666666666,0.3886358425947398,18,371
7a3f7de5aa90d5b8,0.2777777777777778,-0.7785361878993015,18,228
7a4101afb49b9b92,0.8333333333333334,0.6248180585613768,18,322
7a607a141f1d383d,0.5,0.3476428972732136,18,699
7a7ab225a8fffb36,0.6111111111111112,0.5689453470498386,18,241
7a848bab402e08ee,0.6666666666666666,0.03490046266755703,18,154
7a9a06f98ad9190f,1.0,,18,248
7ad0fb14c6438d0f,0.0,,18,174
7adf05ce978c602c,0.8888888888888888,0.4321052168123874,18,314
7af69aa38ba6a7bf,0.7777777777777778,0.22242750108087414,18,449
7afe3ed2d16ae925,0.9444444444444444,0.16416167462941847,18,207
7b095d3b6df21b42,0.2222222222222222,-0.5041982411123408,18,293
7b098c641f2633bb,0.9444444444444444,0.3592452611155529,18,491
7b2104a33bcb23eb,0.8888888888888888,0.35337834194592893,18,313
7b4e277b92cb8ebe,0.0,,18,198
7b530388a1e2b34f,0.5,0.6627179414249713,18,554
7b5993092c116f05,0.8333333333333334,0.44225015095498965,18,506
7b753ba5d06008f0,0.7777777777777778,-0.21449932532567842,18,294
7b83c5f17d9b750e,0.6666666666666666,0.5916119349375137,18,186
7b900180148d7532,1.0,,18,277
7bb67289c8982e6e,0.7222222222222222,0.46880642221222907,18,408
7bce912b6f3be791,0.2777777777777778,0.05905877445008778,18,266
7bdfd31c9c0d827d,0.9444444444444444,0.1051957318214624,18,269
7bf8512da40e4030,0.7222222222222222,0.49896209548658466,18,261
7bf9feabb31022b8,0.1111111111111111,0.43549707763429835,18,384
7c124acdca2a57ec,1.0,,18,320
7c39970a11d9367a,0.8888888888888888,0.5742955928467053,18,243
7c399af00927ec7f,0.6666666666666666,0.7560279253048796,18,413
7c41c6ddd3a851b8,0.7777777777777778,0.17900808747688723,18,408
7c451b1a6066f43d,0.8888888888888888,0.5891572988163939,18,324
7c47afc0e0e1ffc1,0.8333333333333334,-0.09867925247246905,18,418
7c4b0eb49aa96fc7,1.0,,18,348
7c4fa984b1ef8332,0.9444444444444444,0.3592452611155529,18,194
7c593e5fae91c084,0.8333333333333334,0.1726322391652231,18,328
7c759e7b53877d6b,0.8888888888888888,0.5891572988163939,18,201
7c7edb448fa8846e,0.8888888888888888,0.3891267698189637,18,167
7cc25717021fd496,0.05555555555555555,-0.3592452611155529,18,274
7cd52674ccf18ed1,0.6111111111111112,0.5811154548527249,18,277
7ce8909cde089273,0.05555555555555555,-0.2776848916241747,18,318
7cf4b3028bec96bf,1.0,,18,245
7d0158655542669e,0.2777777777777778,-0.07875547070093898,18,363
7d148dae498fc507,0.3888888888888889,-0.12823208150701038,18,510
7d17beb1cdb90b44,0.7777777777777778,0.2127112686659959,18,224
7d1e805673ad677e,1.0,,18,305
7d7632fbc60ea112,0.1111111111111111,0.3611885477858554,18,255
7db17c658fbcf60b,0.1111111111111111,-0.2585847579230503,18,183
7dd2eb2a9d86c225,0.8333333333333334,0.38636201597344255,18,284
7ddb7cd73da70b58,0.7777777777777778,0.30380094755547854,18,219
7de9a3f15980ff99,1.0,,18,180
7decbde1305b417c,1.0,,18,265
7dedcb2bcb9b04f1,0.6666666666666666,0.6623054552257622,18,301
7df4cbeceb4fcd1b,0.9444444444444444,0.4286817918987533,18,256
7df8fb541e7bd281,0.2777777777777778,0.22618320670889924,18,215
7dfeb6d700ab96f6,0.6111111111111112,0.5101663157465354,18,209
7e07f6cd338e2e7a,0.5555555555555556,0.35644210532675563,18,270
7e097a18c0a26101,0.7777777777777778,0.6499417273355135,18,261
7e170e9865af6776,0.9444444444444444,0.3592452611155529,18,575
7e384f8072098dbf,0.9444444444444444,0.2776848916241747,18,461
7e4a05f672dc3b91,0.7777777777777778,0.5075381960049553,18,280
7e5abd0acda9060d,0.8333333333333334,0.6549637798544538,18,404
7e773e29c91635ea,1.0,,18,382
7e7f272f2be7c49a,0.7777777777777778,-0.021996470605904695,18,245
7e8c6b823988cd70,1.0,,18,232
7e9453ed6b9be4b8,0.9444444444444444,0.3796353534883974,18,236
7ec393a5c6df97f0,0.4444444444444444,0.36959557547897837,18,190
7ec820491ab0ca50,0.3333333333333333,0.5967889856656936,18,185
7ec97d4563eba0de,0.8333333333333334,0.7176262342277034,18,225
7ee4ab0f56860678,0.7222222222222222,0.6931420850756592,18,308
7ee889fe2bb305d0,0.6111111111111112,0.5427925621968269,18,400
7f13fd2ec010d47d,0.8888888888888888,0.5891572988163939,18,539
7f19e6f67c13ef93,0.1111111111111111,-0.33851663597624027,18,426
7f35e4e9710b614a,0.8333333333333334,0.5049126053282394,18,381
7f476a3cf460335e,0.5,0.680137955885285,18,507
7f5b830cece8c3a9,0.9444444444444444,0.2776848916241747,18,346
7f6c3dbbdddc2149,0.6666666666666666,0.09086616622908701,18,222
7f6e7acf34cc9889,1.0,,18,325
7f71817b4e23bb95,0.8333333333333334,0.4344596836545315,18,191
7f8f33ae35552193,1.0,,18,429
7f9cf6fa235624ee,0.7777777777777778,0.6056114169426315,18,232
7f9fb0dea6644cf4,0.8888888888888888,0.5385471649736705,18,273
7faa250eab023967,0.9444444444444444,0.3592452611155529,18,209
7fafab8076e0c56e,0.5555555555555556,-0.1556964406859665,18,302
7fafd175a1cf0127,0.8888888888888888,0.5385471649736705,18,341
7fe658609713752a,0.9444444444444444,0.2776848916241747,18,640
7fea22c820d14dc6,0.0,,18,222
7fec011ee4901e31,0.6111111111111112,0.33926692957834126,18,152
7ff6fdbe29beab11,0.0,,18,389
7ffa129b98e01010,0.4444444444444444,0.768941703619851,18,252
8010a5eb44cafd4b,0.6666666666666666,0.2501943653635865,18,386
804f20705f5df160,0.8888888888888888,0.4642386351252276,18,291
80505a1e5d0007dd,0.9444444444444444,0.3796353534883974,18,326
805e8cc4a6ab43e1,0.9444444444444444,0.4286817918987533,18,223
806586d9c71d9ba8,0.9444444444444444,0.4286817918987533,18,218
80a5c968300aa6dc,0.8333333333333334,0.5187999600812299,18,253
80c72da3b0d5de2b,0.6111111111111112,0.7041112252010466,18,355
80cde96156a001cb,0.3333333333333333,0.357395019235034,18,230
80cf70c8ce34d38a,0.8888888888888888,0.5891572988163939,18,223
80cfbc49bfc29318,0.6666666666666666,0.2978589358609661,18,223
80e9160273dcffb3,0.7222222222222222,0.5643463590347201,18,439
80e9b8aa3d753041,1.0,,18,202
80f58666148cf0fa,0.4444444444444444,0.3604502443001798,18,547
80fe7599c06850cb,0.9444444444444444,0.3592452611155529,18,187
8100fe139395a966,0.5555555555555556,0.5606878349865914,18,222
8108af0e6a916360,0.6111111111111112,0.3141498985808944,18,229
810a7e558a3647f1,1.0,,18,666
810d11e085ebe7ba,0.8333333333333334,0.3131993665430537,18,216
812e69d62287f9f6,0.7222222222222222,0.21854251690729729,18,238
812ef0f6c4c35b39,0.5555555555555556,0.4555165264304073,18,366
81311065b309e8eb,0.6666666666666666,0.6467743030412227,18,373
8165dd27fc6d4762,0.3888888888888889,0.10196421289226947,18,195
818b1ee277f9312a,1.0,,18,448
818d470b184e87df,0.9444444444444444,0.3796353534883974,18,361
81b38612cbc9fdb2,0.9444444444444444,0.3796353534883974,18,234
81cc1a77ab5c6c8c,0.3333333333333333,0.018923013006450322,18,234
81f567e633f8d86c,1.0,,18,667
820a26bf2fa5fe5b,0.9444444444444444,0.2776848916241747,18,264
8228a27179275570,0.8888888888888888,0.39555345348153165,18,299
8229b4ddf3d8d49f,0.8888888888888888,0.4791003410949162,18,461
8231fc31016cde6b,0.8333333333333334,0.38161999239925076,18,261
825bd5a68c1a6e26,0.5,0.8417149016041351,18,347
827a5035e124003d,1.0,,18,169
8285a679999dc33b,0.8888888888888888,0.34494331963880825,18,231
82862a20d6f19902,0.4444444444444444,0.789264661794959,18,225
828aef181eded3cd,0.8888888888888888,0.5148487689679511,18,331
828b85d335b2606d,0.6666666666666666,0.0011603734390747192,18,449
828d00e864aef485,0.9444444444444444,0.3592452611155529,18,299
829ec00610f1f26a,0.6111111111111112,0.5523732853608014,18,203
82a5fec39992a01a,0.5,0.49987867581769274,18,411
82a8224275475a89,1.0,,18,209
82ab41072e55aced,0.2222222222222222,0.423094689982594,18,304
82b3d4ab521e355f,0.05555555555555555,0.26623459951089556,18,212
82c6f7b0ba27fff2,0.05555555555555555,-0.1641616746294184,18,265
82de4f41ad3b25e2,0.4444444444444444,0.08202571730119991,18,244
82e0f278658c084f,0.8888888888888888,0.5891572988163939,18,270
82e303bef0b1c52d,1.0,,18,832
8316b05fb52e225f,0.5,0.3501675370500706,18,303
832bce655c82d1a0,0.16666666666666666,0.20164890722634973,18,307
833078a9ba333feb,1.0,,18,325
833e5f724301f254,0.1111111111111111,0.3491385159185402,18,675
8340927fa5dcfd22,0.9444444444444444,0.3796353534883974,18,484
83412c03176aafb5,0.05555555555555555,-0.11401306906377344,18,242
834efbdb914e4772,0.0,,18,217
8362dfe8b48a3c09,0.7222222222222222,0.3090095367303638,18,365
83667f201dcd96d0,0.8333333333333334,-0.0041774969582166485,18,231
8385d2c311c2bb45,0.8888888888888888,0.5742955928467053,18,218
83ab6bcca36d9bc7,0.9444444444444444,0.11401306906377343,18,380
83beb1d0a9335e5e,0.8333333333333334,0.6674962707291036,18,341
83d2d5d4679c4820,0.8333333333333334,0.524219415594592,18,181
83d3dbb730f0c9e8,1.0,,18,324
83ee094b847ec43d,1.0,,18,238
83f07aa6e521d63f,0.9444444444444444,0.2776848916241747,18,466
840c02755f2305df,0.9444444444444444,0.4286817918987533,18,290
841e73c09cb4db99,0.8888888888888888,0.5742955928467053,18,267
842de1d8f37f3b43,0.5,0.06665049010902564,18,438
84314a4c99cd2f00,0.7777777777777778,0.6056114169426315,18,252
843aa961145f288d,0.8888888888888888,0.34494331963880825,18,321
843b8fc5f10008f8,0.0,,18,380
8445528bc6028f27,0.7777777777777778,0.6611761210652163,18,480
844e145f3394f857,0.8888888888888888,0.19632625994192243,18,311
844e1556cdb07130,0.5555555555555556,0.18064851711207133,18,281
84610d4060f036a1,0.6666666666666666,0.819491426472739,18,591
846ddf98c0783f93,0.9444444444444444,0.3592452611155529,18,222
84aa9496cfa12aee,0.8333333333333334,0.7176262342277034,18,192
84b4ed78ecc49259,0.7222222222222222,0.5637827015903396,18,391
84b8d676e1b19fc5,0.5555555555555556,0.5177555858416756,18,233
84be32f15b75fef9,0.9444444444444444,0.3796353534883974,18,505
84be657f4f360992,0.7222222222222222,0.5846380270324171,18,407
84cfd464a7ffcda1,0.5555555555555556,0.3198607806115613,18,209
84d3d23cdaa6c825,0.3333333333333333,0.2082424025662673,18,282
84dd8a7179e9d046,0.5555555555555556,0.8147248121754419,18,248
84ff1637f31f222f,0.5,0.7101811692298835,18,200
852c4428f7cac8db,0.9444444444444444,0.4286817918987533,18,721
852c73c71476b9ad,0.4444444444444444,0.531925203902654,18,272
85302f725309e250,0.2777777777777778,-0.2038874233534048,18,500
855443a4f6a2eba4,0.8888888888888888,0.29473485352499557,18,400
85632bc2403b0b6f,0.6111111111111112,0.060390203967515085,18,474
85653f0989359b8c,1.0,,18,358
857111456eaaff9e,0.8333333333333334,0.4547826418296396,18,504
857275bae7f1e1c1,0.8888888888888888,0.3963567889393528,18,347
8595bd443d7a8b4b,1.0,,18,468
85a6cb26d41c9298,1.0,,18,358
85abda78d2d697d3,0.5,-0.4142933873822392,18,282
85b10e9f93eac469,0.16666666666666666,-0.3755231049467182,18,282
85c1a18bef798b5d,0.9444444444444444,0.3592452611155529,18,396
85d53dbf4f7a376b,0.8333333333333334,0.5049126053282394,18,335
85da8eb4cac35e23,0.6111111111111112,0.8418664879911669,18,245
85e7ae3265e5b93f,0.9444444444444444,0.2776848916241747,18,417
85f0a077a7fa6113,0.0,,18,426
85f10369ce95affe,0.2777777777777778,-0.05564551548133931,18,271
85faadecf68eb2e3,0.7222222222222222,0.6931420850756592,18,278
85fe478438bc2c11,0.7222222222222222,0.8230651260053592,18,527
8602cece27087fbe,0.9444444444444444,0.2776848916241747,18,306
86241a454f5a461a,0.6111111111111112,0.7574525487626346,18,395
8632343cc00b32dc,0.9444444444444444,0.4286817918987533,18,611
863d34caadcbda52,1.0,,18,255
86489667bae33f8c,0.1111111111111111,0.07198778297029355,18,228
864898d145265b17,0.5,0.31027822857572956,18,210
8655ee42a6847a49,0.5555555555555556,-0.2796664855541255,18,307
865dc22c27b2d3a5,0.7777777777777778,0.6505489918614433,18,471
866acfc109dac629,0.8333333333333334,0.4121044296619128,18,249
867629b31a1456ef,0.7222222222222222,0.7266797030162977,18,377
867a81496378c73f,0.7777777777777778,0.4993401249049018,18,367
8689f21c0a49fe7e,0.6666666666666666,0.7908391284771231,18,524
869a1c460d616c24,0.7222222222222222,0.6432584012479868,18,821
869d1f8ec6f64f2e,0.3888888888888889,0.7793472344316574,18,828
86a11a624569e448,0.5,0.7649658523876813,18,229
86a6eed66b80a332,0.3333333333333333,0.45540194508919674,18,392
86b2cdf7e7abbd1c,0.0,,18,224
86d138c296234b09,0.5,0.211059885345248,18,230
86d2a1f29a09543e,0.16666666666666666,0.460427907989392,18,465
86f7c8d0d6269550,0.8888888888888888,0.27344646389273897,18,418
86f81f81e9f36576,0.8888888888888888,0.13928944243663083,18,279
871a407befc838ff,0.8888888888888888,0.5385471649736705,18,368
8748f0b61728ae73,0.9444444444444444,0.4286817918987533,18,269
874ffb50c95464d9,0.2222222222222222,-0.6229184559316336,18,521
875468e1c0c65d5d,0.6111111111111112,0.2302538362801445,18,471
87918713be5c5216,0.9444444444444444,0.3796353534883974,18,311
8797758f097eaef6,0.1111111111111111,0.2804533342748443,18,218
87a0a99b6e7cf892,0.3888888888888889,0.25655047583531787,18,248
87a8e2d2d7ec6521,0.7777777777777778,0.7962924780846157,18,347
87a9da2be0f39e25,0.8333333333333334,0.5851882901199161,18,292
87b2c3f33b5f823a,0.1111111111111111,-0.10675435639488022,18,250
87b4e6cb5fa10b6b,0.6666666666666666,0.2611732832871401,18,663
87d202ffed7db22c,0.6111111111111112,0.3211412371059569,18,400
87dd28f38e2af3e9,0.4444444444444444,0.7585261875551083,18,385
87f170dde74002a9,0.3888888888888889,0.4727640931844726,18,278
8804792b23a1b600,0.5,0.2532213696187605,18,238
880631f46485a9b0,0.5,0.1047725507395669,18,415
8806dbba199e67cc,0.9444444444444444,0.4286817918987533,18,404
88305a1d55ff8a14,0.8888888888888888,0.4791003410949162,18,260
88616f94bd6511e4,0.7222222222222222,0.49304369232058975,18,234
88649bb513740e55,0.7777777777777778,0.5549048290274864,18,236
887ef01cab8155bc,0.3333333333333333,0.32793938578159715,18,451
8889bb98c227ab57,0.9444444444444444,0.3796353534883974,18,222
889bac2bc84bd14c,0.9444444444444444,0.4286817918987533,18,479
889f900aa7bd8143,0.5,-0.5799097567440606,18,381
88a02a6477557a8f,1.0,,18,493
88a26cc7eb26a9d8,0.8888888888888888,0.34494331963880825,18,388
88aa743ff28e8402,0.5555555555555556,0.3889588384069286,18,374
88cd6c917cd307be,0.16666666666666666,0.16540629848074034,18,585
88dd97c6a14b2e37,0.7222222222222222,0.3002728463424665,18,132
88eee55b7d7fadde,0.1111111111111111,0.4105936784418473,18,385
89003eca54eed821,0.3888888888888889,0.1734312289262415,18,431
89054aa67b44cb47,0.5555555555555556,0.6661131805199644,18,256
8929d0d77c5e01f7,0.5,0.38904698961366885,18,216
894ef3caf405f0b2,0.4444444444444444,-0.15067215380378693,18,260
8968ebaa9b482e46,0.8888888888888888,0.35337834194592893,18,294
89723c008fb80c16,0.6666666666666666,0.39024251351038175,18,369
89756e6f7df835f1,0.7222222222222222,0.6674956713563472,18,392
89795a102608f609,0.3888888888888889,-0.3636071451841143,18,377
898229782c2cd481,0.4444444444444444,0.05509779771918174,18,236
89abca5853a8b11c,0.5555555555555556,0.4725370039020603,18,385
89d93f9ad716e19c,0.9444444444444444,0.3592452611155529,18,757
89e01bed2e047fb1,0.8888888888888888,0.5891572988163939,18,300
89e0e42ea62531f4,0.5555555555555556,0.29420304591548735,18,272
89ea0e925f1f034b,0.6111111111111112,0.18985943591311694,18,404
8a04772cceb00cfa,0.3333333333333333,0.26902811887472344,18,246
8a1506da6fd43b41,0.7222222222222222,-0.00861143317803505,18,262
8a2c0fd65d2a58b8,1.0,,18,824
8a34dd355384d95c,0.5,0.6319173361473156,18,190
8a46572f563371f0,0.9444444444444444,0.4286817918987533,18,229
8a5163c8cc9ad896,0.0,,18,429
8a576c1623437692,0.7777777777777778,0.6857703343653764,18,252
8a59eeceb20dfcbc,0.5555555555555556,0.552812688693737,18,248
8a61771401cebcd3,0.3888888888888889,0.6006796943467273,18,303
8a64f1de51df2983,0.8333333333333334,0.6674962707291036,18,521
8a81f107adc40a6a,0.6666666666666666,0.8331481292556961,18,345
8a94b39cde2a2141,0.9444444444444444,0.2776848916241747,18,296
8aaf429e42962a3a,0.8888888888888888,0.25898642565196084,18,247
8abd02b50967dda4,0.7222222222222222,0.7929094527310037,18,270
8ac96bef3722fa3b,0.7222222222222222,0.6525587490802647,18,217
8aca3caa8d4f5ef8,0.05555555555555555,-0.3592452611155529,18,182
8b0a237906feb878,1.0,,18,324
8b24d6878a2720b1,0.7777777777777778,-0.047197948431995033,18,316
8b3e215124ad123f,0.7222222222222222,0.01562583693032541,18,256
8b518262b703e7e3,0.8333333333333334,0.5543651368876689,18,321
8b55a239c09031d3,0.5555555555555556,0.22027828555353193,18,614
8b789706753727c5,0.2777777777777778,0.09907845300110167,18,319
8b960e75f17e648f,0.2777777777777778,0.3761160869141062,18,225
8b9cb0a60a7fed18,0.1111111111111111,0.1852580825230552,18,588
8bb79743ce191a60,0.2777777777777778,0.6528718921049205,18,200
8bc8f55714857237,0.7222222222222222,0.3839759768329673,18,304
8bea7e49c6655e96,0.8333333333333334,0.33623205247484284,18,316
8bf17fb8dbf0db78,1.0,,18,222
8c013e68911dd212,1.0,,18,328
8c379b5ceb61fab5,0.8333333333333334,0.6674962707291036,18,543
8c57654e8dcbbe52,0.0,,18,205
8c66901e8b5704b0,0.16666666666666666,0.02314559125498417,18,844
8c6c9cbada1a85b7,0.5,0.6654950451795142,18,649
8c9639f753a50972,0.9444444444444444,0.4286817918987533,18,340
8cc9ea42628d9649,0.7222222222222222,0.7929094527310037,18,202
8ccf04de7010f2d6,0.8333333333333334,0.13909935817629507,18,249
8ce79b09fe96bc74,1.0,,18,405
8cf7fe3936581c21,0.3333333333333333,-0.5292195477134157,18,229
8cf988158188da62,0.3333333333333333,0.6141945872518154,18,336
8d0ec84e4a4ec547,0.6111111111111112,0.6652704556173662,18,481
8d0f1abdab923ad0,0.7222222222222222,0.7204794711281124,18,261
8d1201e2f9c0653a,1.0,,18,438
8d18d51a8f01e91d,0.9444444444444444,0.4286817918987533,18,529
8d2e05dbf7818421,0.8888888888888888,0.3814950829696641,18,321
8d2fd694dcf281ec,0.9444444444444444,-0.21277949247938407,18,387
8d35a25e6fde15dd,1.0,,18,281
8d3ce713d32f2f02,0.4444444444444444,-0.12272808631301342,18,352
8d3fcdc2f348a808,0.1111111111111111,-0.038470842480094795,18,344
8d63845c0ddd320c,0.7222222222222222,0.6460766884698895,18,207
8d9f8369f2e3288a,0.9444444444444444,0.11401306906377343,18,196
8da3710fc3e34902,0.05555555555555555,0.26623459951089556,18,348
8dad9ecc281ad601,0.8888888888888888,0.4791003410949162,18,278
8db5f58a2c9f6e37,0.6111111111111112,0.5609182546692112,18,564
8dfdd283574dbc03,0.8333333333333334,0.4344596836545315,18,265
8e05e3db27c3ca46,0.9444444444444444,0.3592452611155529,18,304
8e0cff9a5a53913e,0.9444444444444444,0.4286817918987533,18,280
8e0d9a44299d0589,0.8333333333333334,0.524219415594592,18,323
8e125f6935770ff8,1.0,,18,259
8e14044d2a78a4b9,0.1111111111111111,-0.353378341945929,18,386
8e1da9782ad6fd79,0.9444444444444444,0.3592452611155529,18,250
8e3947b0afd860b6,0.7777777777777778,0.2670614437367207,18,521
8e3fc2af923c05dc,0.2777777777777778,0.2721212884259082,18,353
8e4d5399dffaec2b,0.6111111111111112,0.6688955941118429,18,511
8e73d8638c293a75,0.3333333333333333,0.32231603757685,18,204
8e7416849f6d92b7,0.7777777777777778,0.7061136959840275,18,267
8e79dd89ca8adc8a,0.7777777777777778,0.5224161768902376,18,247
8e8398d1a7a7a8ee,1.0,,18,157
8e91f06ab1bac3d0,0.8888888888888888,0.4321052168123874,18,375
8e92ec941a1f3fd4,0.16666666666666666,-0.2156491673025352,18,277
8eaefdb6191f366b,1.0,,18,258
8eb8e89477df8e48,1.0,,18,226
8ebd5893fbbab3b5,0.0,,18,295
8ec4d16e60b90090,0.9444444444444444,0.11401306906377343,18,186
8eccba4bff50359c,0.8888888888888888,0.22685300733912062,18,250
8ece157cbf43f213,0.1111111111111111,0.2663949637629768,18,358
8ed6f42137ef620a,0.8888888888888888,0.5385471649736705,18,214
8ee7d7034fa91295,0.8333333333333334,0.5543651368876689,18,378
8ef32d73be80deb8,0.16666666666666666,0.5230903623626415,18,353
8f0982070077daa5,0.8888888888888888,0.5891572988163939,18,420
8f2531f872d824b0,0.3888888888888889,0.7192735108088983,18,260
8f65f0a889fc7654,0.8888888888888888,0.33289328777149324,18,341
8f7423911c8a18d2,0.3888888888888889,0.3730727845863594,18,265
8f86eca750d07682,0.0,,18,300
8f8c5e7edc0afa37,0.7222222222222222,0.8230651260053592,18,494
8f9647070fafc9d5,0.2777777777777778,-0.2672988858462085,18,238
8f9dc7bb3bfcb7b3,1.0,,18,251
8fab60317d9d1588,0.8888888888888888,0.20275294360449037,18,204
8fabadc3a1bd4b04,0.8888888888888888,0.4321052168123874,18,537
8fac4da25d788f54,0.8333333333333334,0.6248180585613768,18,222
8fb3442b77e7cae4,0.2777777777777778,0.4733469960697386,18,204
8fc9cde6b4a296d3,0.9444444444444444,0.4286817918987533,18,486
8fcb492e78dde64e,1.0,,18,541
8fd4e38963716f3d,0.2777777777777778,-0.22361543390672164,18,220
8fdf591d9dc8ae3e,0.7777777777777778,0.5549048290274864,18,869
8fee5945b3d7ad11,0.7777777777777778,0.6505489918614433,18,222
8fee59a4f4d9cfe4,0.5555555555555556,-0.3713738343193005,18,205
901e167d7f9c649f,0.05555555555555555,-0.1051957318214624,18,410
902cbb00c8827466,0.8888888888888888,0.4791003410949162,18,386
902e85c957a13edf,0.4444444444444444,0.28677952091541326,18,373
90409bc03118c2ee,0.8333333333333334,0.5489456813743068,18,177
905a0fd8d046909e,0.7777777777777778,0.34205861268906157,18,257
9086006e150b475f,0.7222222222222222,0.2489800189038431,18,340
908e9b439e1fd8cf,1.0,,18,410
908f996fb7550fc4,1.0,,18,188
909b5cc1608d9385,0.6666666666666666,0.6440965181818193,18,617
90a668dfdbe1ce69,0.7777777777777778,0.6180603397241946,18,193
90c1d94622fc9c5d,0.7222222222222222,0.7929094527310037,18,211
910dc42e41a82f0a,0.6666666666666666,0.6130342138127406,18,456
91209e6882f6059b,0.0,,18,365
9133b1675cab6e94,0.6111111111111112,0.8592153650718775,18,406
9134d6aec7645b76,0.5,0.2660970324807313,18,387
913ce83696e7792e,0.8888888888888888,0.5891572988163939,18,236
914d99999029eedc,0.8888888888888888,0.34494331963880825,18,222
914e424e5eefcd5a,0.5,-0.12799923668665159,18,746
91a184921e3c52d6,0.2222222222222222,0.28646017164836973,18,210
91c4298e16aa078e,1.0,,18,362
91d787d1ae85e642,0.16666666666666666,-0.07169488022885334,18,231
921732d0c7716749,0.7777777777777778,0.39458699418199666,18,279
9220e38733e85720,0.9444444444444444,0.4286817918987533,18,250
9221ae6227b4228f,0.2777777777777778,0.508011928899138,18,614
92449354a38664fd,0.7777777777777778,0.6888066569950261,18,378
924d34dee9ce4f0e,1.0,,18,453
92537a8188e401f6,0.7777777777777778,0.6857703343653764,18,282
9271e793bf029e29,1.0,,18,264
9282143a936bbd79,1.0,,18,418
929ea3158cb52f85,1.0,,18,285
92a351f582eb4326,0.2222222222222222,0.09122462656191165,18,457
92a56b78a3207e8b,0.9444444444444444,0.3592452611155529,18,328
92b9acb62b84529d,0.8888888888888888,0.4791003410949162,18,447
92bc2e60b9dc46cc,0.3333333333333333,0.10086322970419287,18,170
92be6286bea10a6f,0.8888888888888888,0.4791003410949162,18,387
92cd1fdf67a49931,0.8333333333333334,0.4290402281411693,18,283
92cd813c28b67c2a,0.7222222222222222,0.4800795710998388,18,397
92fe0e29ffd05f7d,0.1111111111111111,0.03905102919963211,18,206
9300b8b23aa815eb,0.1111111111111111,0.18485641479414475,18,191
930d818728cb2b17,0.8333333333333334,0.4740894520959921,18,199
9332fc5d295e461e,0.4444444444444444,-0.0051089658745757755,18,560
9333a1b74746c1a0,0.0,,18,259
933f788483a6bc7b,0.8888888888888888,0.13928944243663083,18,178
934bd608c1ec0616,0.1111111111111111,0.20493980123966987,18,273
934d2782e87bddd5,0.16666666666666666,-0.20887484791083244,18,339
935b43af2dc21496,0.8333333333333334,0.4344596836545315,18,238
936856828dc427fa,0.9444444444444444,0.0770904693615955,18,353
93741a12e04e17fb,0.2777777777777778,0.23210160987489428,18,482
937e7ada053ceaf1,0.3333333333333333,-0.017494861081435303,18,392
938366687432a048,0.05555555555555555,0.26623459951089556,18,438
93afe8ccd93723fd,0.05555555555555555,0.2535596772250733,18,236
93b27b7399445a74,0.5,-0.1656163693618215,18,276
93b39c4c291a176c,1.0,,18,280
93b92382835ad81e,0.6111111111111112,0.5767135009665746,18,218
93c2449eb8ba6232,0.4444444444444444,0.10641326711132955,18,298
93ca35824992c6fe,0.8333333333333334,0.6248180585613768,18,259
93cd53616d484ba2,0.8888888888888888,0.4791003410949162,18,268
94062f61a1d6fda4,0.7222222222222222,0.5967566620865975,18,534
94175261fa1a9585,0.3888888888888889,0.19569993682088518,18,377
941bf3205334a85e,0.3333333333333333,-0.1821786299347414,18,401
941e12bbc136fde9,0.5,0.5518862552209476,18,292
9427051ca98ef846,0.8333333333333334,0.524219415594592,18,200
9449ffbeeedd8507,0.4444444444444444,0.6480201024779584,18,286
94608d31af761881,0.16666666666666666,0.12611524600886478,18,222
9471a34c022dc857,0.6111111111111112,0.7776497489461485,18,236
947a06ad595601fc,0.7222222222222222,0.323382801562066,18,210
94b18afdd4dedb92,0.4444444444444444,0.5055053582750134,18,367
94ba15b2402bea03,0.0,,18,205
94bf8ede876a6f8f,1.0,,18,406
94c70d2b787b4933,0.5555555555555556,0.23933105884269582,18,219
94d9c08cbbd45d6f,0.3333333333333333,0.06042867832720236,18,195
94ed3b7e21230ac6,0.6666666666666666,0.7316600830843091,18,435
94ee8a829f627a2a,0.8333333333333334,0.34944197528866305,18,215
94fe807f4e2615a4,0.3888888888888889,0.19569993682088518,18,454
95186da06f21cc27,0.8333333333333334,0.5316711669254649,18,261
95520d532e42603e,1.0,,18,376
955254eff36bf321,0.05555555555555555,-0.11401306906377344,18,190
9591424450d16d1e,0.3333333333333333,-0.005980386186000902,18,264
959d00274307ed99,0.8888888888888888,0.5742955928467053,18,750
95a69bdc4017f895,0.8333333333333334,0.18719702585738385,18,266
95c808dd4cd07c9b,0.8888888888888888,0.18909624082153328,18,342
95d294355482adae,0.9444444444444444,0.3796353534883974,18,164
95e36729e4c86208,1.0,,18,266
95e796f27fb2c7ce,0.9444444444444444,0.3592452611155529,18,283
95ed99fc63b5a75e,0.3333333333333333,-0.05257384273961923,18,238
960655bdb2276a8f,0.8888888888888888,0.19632625994192243,18,376
960925e2c7fdf8ab,0.1111111111111111,0.3611885477858554,18,229
962b7b23dc470436,0.05555555555555555,0.29709527985898465,18,294
965c6cc9ade0f62a,0.0,,18,177
967304a870aecfba,0.8888888888888888,0.19632625994192243,18,178
967a4f216685eb1f,0.0,,18,481
968e55f1212f6c0d,0.8888888888888888,0.5385471649736705,18,246
96a2e81c65f93b68,0.7777777777777778,0.5224161768902376,18,442
96a3b7f2de84bd1c,0.8333333333333334,0.5668976277623188,18,216
96b6b502062c0838,0.0,,18,310
96bfe1940d8bda57,0.6111111111111112,0.3242484986726515,18,216
96c876892a4a1674,0.2777777777777778,0.2509841342616403,18,457
96cdf59bce960cc6,0.16666666666666666,0.044823413308432626,18,194
96e09bb6f82ba6e5,0.16666666666666666,0.054984892395986605,18,558
96fa212027013d4a,0.05555555555555555,0.2127794924793841,18,328
9701aad6a54ad6fe,0.16666666666666666,0.4502664289018378,18,211
9707bd03c0d37ff7,0.7222222222222222,-0.331023491363668,18,451
971b481eca1bb6cc,0.16666666666666666,0.07361427072316908,18,192
9731d60fc164ea25,1.0,,18,313
9750a50fd2c5b0af,0.6666666666666666,0.8331481292556961,18,515
976a5bb8163b6e1d,0.9444444444444444,0.11401306906377343,18,283
9774dd4fb04df905,0.1111111111111111,-0.08265429266025019,18,277
9789b1727cc05847,0.8888888888888888,0.3891267698189637,18,388
978f38909ac39c1a,0.9444444444444444,0.3796353534883974,18,443
979416b8379c54b4,0.8888888888888888,0.5742955928467053,18,231
9794a9238f475783,0.9444444444444444,0.3592452611155529,18,241
97b607f9334b7a39,0.8888888888888888,0.5148487689679511,18,373
97caf12a8a8ce93d,0.5555555555555556,0.5078481437313106,18,203
97db622696ea5e15,0.8333333333333334,0.331490028900651,18,413
97fe1b89f3be9856,0.4444444444444444,0.455206036791621,18,244
981b8d7fc424d779,0.4444444444444444,0.479085512647373,18,164
986e2d7c3f3a563a,0.7777777777777778,0.5873934811647352,18,210
9876d5349f6c58a8,0.7777777777777778,0.6295983657168622,18,265
98b8a87863b62166,1.0,,18,299
98bfe76cae7172fc,0.2777777777777778,-0.2873087251217154,18,250
98f049c42e95047f,0.6111111111111112,0.31389096011700324,18,226
98f802380ca25ad5,0.6111111111111112,0.6409302400115932,18,250
98f90007131d5dc5,0.7222222222222222,0.5908382589206024,18,384
99110f7359b428c2,0.8333333333333334,0.5550425688268392,18,294
9915a17dc896e94d,0.8888888888888888,0.12161606236456886,18,233
992a4fe4cf7b86a0,0.6666666666666666,0.3024111701219518,18,484
992d5ed7ee73678f,0.7222222222222222,0.6240940481390507,18,210
9942ecbe6236b94e,0.8333333333333334,-0.04685570912594349,18,596
99446c77e3691ddf,0.7222222222222222,0.6269123353609531,18,535
994b60d108ad4de8,0.4444444444444444,0.28195281834882513,18,186
994c75b59a6c854a,0.9444444444444444,0.3796353534883974,18,290
99750f4839bb733a,0.2777777777777778,0.5108302161210403,18,247
9976d3cdc21961bb,0.6111111111111112,0.8592153650718775,18,191
99a44f1a4e2974ef,0.16666666666666666,0.2778600003830047,18,457
99a4e7d1bca709fc,0.8888888888888888,0.4791003410949162,18,336
99e91fb064e9ddf4,0.8888888888888888,0.4642386351252276,18,440
99f21b504ca1455e,1.0,,18,231
9a13ed8aaee94927,0.8888888888888888,0.20275294360449037,18,230
9a15a2dd46f0431b,1.0,,18,192
9a25956d42c1777d,1.0,,18,231
9a2e919aa66095dc,0.8888888888888888,0.5148487689679511,18,438
9a358b42670be918,0.1111111111111111,-0.17584120576748677,18,267
9a3813d28329e087,0.5555555555555556,0.43824201198156554,18,188
9a43511cb9214768,0.4444444444444444,0.7585261875551083,18,425
9a6df15a550895f3,1.0,,18,258
9a7661a3979d32a0,0.05555555555555555,-0.2776848916241747,18,277
9a8e84dff413cfa2,1.0,,18,280
9a90f0d7a8b331c1,1.0,,18,236
9a94098dcd54b78a,0.3333333333333333,0.7727194509284938,18,337
9a9985efd4e5551e,0.6666666666666666,0.3961336402010691,18,232
9a9c68c6312219ef,0.7777777777777778,0.6505489918614433,18,651
9aa5bce283300ba7,0.8333333333333334,0.6248180585613768,18,165
9ac351763ddefe08,0.8333333333333334,0.37552310494671826,18,314
9ad39658c0078924,0.9444444444444444,0.2776848916241747,18,417
9ad4030ee2bc891a,0.8888888888888888,0.35980502560849686,18,383
9ad5240dcd478651,0.05555555555555555,0.22931199980871755,18,236
9ade7924522a38ea,0.5,0.6493373506076291,18,446
9ae13e4b8053f714,0.5,0.6743312843985139,18,191
9ae86d41b29722bc,0.7222222222222222,0.8230651260053592,18,871
9afceeee636a4096,0.2222222222222222,-0.4361846142081938,18,450
9b0602d93cb2aa90,0.6666666666666666,0.8374325850307415,18,236
9b3c56a251ef1839,0.2777777777777778,0.5294309117855961,18,452
9b47fa432c711b68,0.7777777777777778,0.48415851175665475,18,211
9b7f57e2f957a758,1.0,,18,324
9b832294006d11aa,0.6666666666666666,0.6665899110008074,18,1086
9b88b0a071a7a5b6,0.16666666666666666,-0.5668976277623188,18,298
9bb0cfdd3e45f6af,0.9444444444444444,0.3592452611155529,18,239
9bb90734e91467ce,0.2222222222222222,-0.35390027094469423,18,391
9bc42d9201880b2b,0.6666666666666666,0.3862258362212768,18,315
9be84b7e59c63478,0.6111111111111112,0.7804980720489518,18,240
9bed38f4313e1e90,0.8333333333333334,0.6674962707291036,18,225
9bffa428441b40b1,0.6666666666666666,0.1034517550682828,18,612
9c0f45908fa64c5e,0.6666666666666666,0.3953303047432482,18,399
9c15fd004724cac0,0.5,0.6892266590819701,18,180
9c1b216ee925a377,0.6111111111111112,0.6582791170923037,18,267
9c2435b02ccd2a67,0.3333333333333333,0.5582288836902854,18,583
9c282fddd0b7baf0,0.5,0.17041318493784985,18,323
9c294014418f4bbe,0.6666666666666666,0.8331481292556961,18,424
9c3bfaacf7b51c56,0.8333333333333334,0.6549637798544538,18,339
9c5df554ed470f97,0.5,0.09517891958751014,18,272
9c5f1eaaa0706690,0.8333333333333334,0.28610208897624295,18,459
9c7d7b729a94c9d2,0.8888888888888888,-0.31740676533461054,18,284
9c8723116a6a4824,0.7777777777777778,0.7012555797765885,18,325
9c9330c62536c4d3,0.1111111111111111,-0.03525750064881082,18,156
9cb6ccc15b5f0ec5,0.5555555555555556,0.277944679375401,18,276
9cceb7443800339b,0.3333333333333333,0.5941112008062902,18,231
9cec80966fbacc2c,0.4444444444444444,0.7585261875551083,18,284
9d32b1c22a2f2c34,0.9444444444444444,0.2776848916241747,18,397
9d3818814984e2b0,0.5555555555555556,0.40978987053641425,18,267
9d442369be9937bb,0.4444444444444444,0.06932386844175739,18,222
9d4c954144f430f3,1.0,,18,248
9d529beee3365d4e,0.7222222222222222,0.3727028279453579,18,487
9d886a2faaba8274,0.5,0.010603487062799625,18,317
9d905075d34ebc5f,0.8333333333333334,0.3555388627411954,18,232
9dabcab9877c0311,0.1111111111111111,-0.4791003410949165,18,629
9dba495948152c3a,0.9444444444444444,0.11401306906377343,18,232
9dd16fec289088e6,0.9444444444444444,0.3796353534883974,18,627
9dfaebccf2298d22,0.9444444444444444,0.3796353534883974,18,256
9e0a5a998e302125,0.9444444444444444,0.11401306906377343,18,228
9e286a752a929186,0.8888888888888888,0.2441247196822722,18,447
9e41fa79796d4097,0.6666666666666666,0.8374325850307415,18,250
9e53feaf16e58603,1.0,,18,399
9e845e0e85c3a62d,1.0,,18,176
9e8630f37f155194,0.2222222222222222,0.1349476724288634,18,229
9e9338495a56d6ac,0.4444444444444444,-0.19639880969778006,18,324
9e9a5d3699817413,1.0,,18,535
9ea4daa416281618,0.9444444444444444,0.0770904693615955,18,282
9ecca6d0a92823c2,0.9444444444444444,0.3592452611155529,18,516
9ee0d7518a2d288a,0.8333333333333334,0.5543651368876689,18,312
9ee41c36226e88ec,1.0,,18,477
9ee8e7c0c2085a76,0.16666666666666666,-0.250536912169804,18,406
9ef514d003d6424f,0.5,-0.031053069255341494,18,161
9ef73a4bddd6b603,0.8888888888888888,0.3180315818018046,18,342
9f1eeb36dd1018b3,0.9444444444444444,0.11401306906377343,18,353
9f26d01459c2115c,0.7222222222222222,0.7929094527310037,18,543
9f40900a09d21983,0.7222222222222222,0.4837433444883117,18,332
9f4b57e2be835a92,0.2777777777777778,0.2368926981521283,18,326
9f4b9fd38714c51c,1.0,,18,284
9f6eb708ab3d49e0,0.9444444444444444,0.4286817918987533,18,251
9f83350513407c1e,0.3333333333333333,0.29205706866559217,18,267
9faaea2c51bf3e26,0.0,,18,456
9fb158d557ce248a,0.1111111111111111,-0.38912676981896377,18,275
9fb3131275884a50,1.0,,18,345
9fd86668b978599a,0.7222222222222222,0.7204794711281124,18,189
9fdcfa8184648b56,0.6111111111111112,0.4656288999572484,18,244
9ffc7ee739f5b0f0,0.8333333333333334,0.5316711669254649,18,413
a0058c3ae4528586,0.8333333333333334,0.07000130038092758,18,240
a0079261d41d62c4,0.5555555555555556,-0.05967046330858104,18,383
a01ee8a1b6602ee9,0.4444444444444444,0.6223623677818846,18,209
a02d971b488de769,0.8888888888888888,0.4791003410949162,18,271
a032fa7e2a32a1a1,0.6666666666666666,0.5008350282037402,18,255
a036fc56a5bd0916,0.8888888888888888,0.5385471649736705,18,253
a055646589e248df,0.6111111111111112,0.846009503413426,18,237
a0673d753dea4349,0.7222222222222222,0.7929094527310037,18,618
a06848e3cb31a634,0.7222222222222222,0.4420326936041565,18,183
a06d733d57cff990,0.4444444444444444,0.31446955142899774,18,371
a078e2002ab726b3,0.8888888888888888,0.5742955928467053,18,300
a0a009788814cff4,0.3333333333333333,0.5153843259398317,18,331
a0a0cf2e0f28f223,0.1111111111111111,0.3836819406048436,18,343
a0a185fbd566a79c,0.3888888888888889,-0.317257160147589,18,209
a0aa2ed891ca6ac0,0.1111111111111111,0.003704269055507938,18,395
a0bae61003277aef,1.0,,18,183
a0c7972f5aade5f2,0.5,0.6841773795282562,18,714
a0d9805815a7c6a9,0.4444444444444444,0.2552789357439958,18,282
a0df2b0c8ef94a92,0.2222222222222222,0.565801853576117,18,269
a1472dc36118e977,0.0,,18,408
a1535db6016064f7,0.8888888888888888,0.5891572988163939,18,257
a159f76299ce5fc3,0.8888888888888888,0.4791003410949162,18,449
a1617418533f70f6,1.0,,18,241
a17e9a7668c10be6,0.7222222222222222,0.12469355241794775,18,274
a1844453d4963ed4,0.3333333333333333,0.5879522956296626,18,256
a1883fba27984f46,0.6666666666666666,0.8331481292556961,18,301
a1a07723f90edf25,0.2222222222222222,0.03049817396892318,18,347
a1a515c9a35c0601,0.0,,18,419
a1b256c1e3788998,0.2222222222222222,0.47714123279035375,18,227
a1bf51efcf4f924e,0.5555555555555556,0.388450764452551,18,187
a1bff8bb8abe7abd,0.8888888888888888,0.3891267698189637,18,381
a1d8cccc457121a7,1.0,,18,620
a1e55bc21e5cfd2b,0.1111111111111111,-0.17584120576748677,18,342
a1f49ad13cd688d7,0.16666666666666666,0.3161349049461249,18,312
a1f9bc080cee253c,0.8888888888888888,0.2585847579230503,18,243
a1fbc6e08e5b18b2,0.6666666666666666,-0.2526936312323629,18,313
a224640d5dff1449,0.2777777777777778,-0.10947480141967492,18,214
a23982f131d98713,1.0,,18,883
a243684623bf055a,1.0,,18,215
a255ec90d3385a92,0.6111111111111112,0.8418664879911669,18,381
a28581b896610d7a,0.6111111111111112,0.08343572725383226,18,369
a288769a1515d3ac,0.8333333333333334,0.5049126053282394,18,715
a28ce86a7a373519,0.16666666666666666,0.4871864695866174,18,354
a29e27881a8cd692,0.05555555555555555,-0.3592452611155529,18,293
a29ed3f476009a37,0.8333333333333334,0.5851882901199161,18,454
a2aba6dad8c76e69,0.0,,18,244
a2bd0b9483c0783b,0.05555555555555555,-0.3592452611155529,18,487
a2c607589478ee68,0.5555555555555556,0.8012608523844328,18,258
a2f0e21c08820275,0.1111111111111111,-0.34494331963880837,18,359
a2f8e2e376d27db8,0.2222222222222222,-0.5606738420238203,18,546
a30edfd380c79d92,1.0,,18,186
a31b98d654d9ead6,0.7777777777777778,0.5555120935534164,18,604
a3668a427c6aac02,0.16666666666666666,0.18877770038211442,18,425
a36da513d4f3dd95,0.8888888888888888,0.35980502560849686,18,189
a3844480fe20e450,1.0,,18,747
a384b237de6fac13,1.0,,18,283
a3b8f4a2274dc7b0,0.16666666666666666,-0.10996978479197338,18,337
a3d31e771e3bffe0,0.6111111111111112,0.4757275000490054,18,323
a3d98a50dcd13776,0.8888888888888888,0.5385471649736705,18,310
a3dee0568a564d67,0.7222222222222222,-0.38034351774695974,18,541
a415b12720a6c317,0.6111111111111112,0.42652919190967664,18,767
a426e6a6dd532d53,0.6666666666666666,0.5059228194366066,18,245
a440639494dba54e,0.5555555555555556,0.7712844890761483,18,614
a45d485db2ac923c,0.5,0.7851629706025376,18,426
a48d1b16a2b8cc95,0.0,,18,191
a4aed9fa1d7d3ee2,0.7222222222222222,0.5818197398105149,18,439
a4e1900ee37a008f,0.8888888888888888,0.2854964957600539,18,183
a4e7f5cf37db44bb,0.0,,18,448
a4f8056bd88a092a,0.2777777777777778,-0.014780350763754769,18,212
a4f93a5890e3b540,0.8333333333333334,0.24342387680851618,18,209
a509b28132a2482f,0.16666666666666666,-0.0019193904943158092,18,320
a520a18a9b81bb2d,0.5,0.19010537519733467,18,210
a533971dade052d9,0.7222222222222222,0.41554079371827396,18,157
a53eead4b2c0fe1a,0.7222222222222222,0.5172809624289502,18,775
a5535fa7e1d82c14,0.8333333333333334,-0.06108177984851909,18,354
a56a4114c6111bfa,0.5,0.6786231720191708,18,229
a571fbf07f1624b5,0.5555555555555556,0.5947287899298973,18,539
a580c2dd5c4d301d,0.6666666666666666,0.10934288175897013,18,216
a58509564e34f1e7,0.5,0.1474389629684508,18,358
a58e45f9296036d8,0.7777777777777778,0.5278815576236066,18,539
a5abb11852cfca0a,0.1111111111111111,-0.3814950829696642,18,534
a5c82541025f9027,0.9444444444444444,-0.21277949247938407,18,215
a5cac378805232f0,0.7222222222222222,0.5905564301984123,18,727
a5d19bc06e0be48f,0.7222222222222222,0.2030419371868342,18,333
a5efccd43b3259d1,0.9444444444444444,0.4286817918987533,18,515
a60e3994f0e64f02,0.05555555555555555,-0.3796353534883974,18,679
a637909e88b38297,0.8333333333333334,0.6248180585613768,18,474
a64d781e2cef6e2d,0.8888888888888888,0.4791003410949162,18,366
a650debf4ef4cafe,0.7777777777777778,0.6563180048577772,18,634
a65181b1c23644e9,0.1111111111111111,-0.06016089984126209,18,388
a65a76d46697c7de,0.7777777777777778,0.3441840385298162,18,351
a6603a6f9eae0a0b,0.8888888888888888,0.19632625994192243,18,246
a6897e59cb4eaed3,0.16666666666666666,0.27616642053507917,18,381
a6b26599bd0865c6,0.5555555555555556,0.2317099495270303,18,480
a6b2865a816093b0,0.5,0.5061902752598353,18,230
a6bbb85bc635fe3e,0.16666666666666666,0.11358275513421484,18,575
a6d3bc6ac32fef8a,0.5555555555555556,-0.08837664173092112,18,478
a6ed53f84e2d9ada,0.6111111111111112,0.7367374716513383,18,308
a6efcd4644c46d98,0.3888888888888889,0.27338147598824614,18,453
a6f44a77b4ad70d5,0.5,0.23100453958241857,18,224
a707425679065b1f,0.9444444444444444,0.4286817918987533,18,234
a70f56d05fc68921,0.3333333333333333,0.2430536057385109,18,236
a71edd346c1b9d4d,0.7777777777777778,0.6505489918614433,18,410
a734c1eaf125892a,0.5555555555555556,0.29394900893829856,18,211
a77a5019a970b2ce,0.6111111111111112,0.4811652077907206,18,273
a77ea156890f264c,0.6666666666666666,0.6299042584269816,18,225
a77fb892915e3cd3,0.8888888888888888,0.3180315818018046,18,243
a78a21e19fe27312,0.8888888888888888,0.5891572988163939,18,409
a78ace35c474f173,0.8888888888888888,0.20275294360449037,18,249
a78be69edb361ffd,0.6666666666666666,0.4063092226668018,18,340
a7b1ac294e611882,1.0,,18,221
a7b754f5d40b96da,0.3333333333333333,0.02695636758466037,18,234
a7c9197223932a4c,0.8333333333333334,0.341651507988205,18,393
a7cd90e4c7496899,1.0,,18,664
a7e4a3c522751524,0.1111111111111111,-0.34494331963880837,18,266
a804d372069f992d,0.5555555555555556,0.8317452896470947,18,308
a8204ed4e9ead2ff,0.5,0.27922515932038783,18,380
a82caed6117a1f45,0.6111111111111112,0.6989324559232226,18,574
a8315bf85c43e275,0.2777777777777778,0.032003217119824824,18,200
a83d4bd85b18d8f8,0.7222222222222222,0.46570630626813636,18,253
a8455b91d6f6a977,0.9444444444444444,0.3796353534883974,18,406
a857031f3a394c06,0.9444444444444444,-0.2535596772250732,18,600
a8688011f5621846,0.6111111111111112,0.5699811009054035,18,291
a86fd254708c22df,0.7777777777777778,0.5873934811647352,18,288
a88bd4f1c9ee2055,0.9444444444444444,0.4286817918987533,18,200
a88c60122adcb08a,0.16666666666666666,0.5420584566594091,18,554
a8c5ca591803aa6a,0.9444444444444444,0.3796353534883974,18,215
a8d7faea73d8a438,0.4444444444444444,0.616519517306541,18,317
a8e30c5de6daa4ca,0.16666666666666666,-0.1932939133099164,18,414
a8f48b6d8a5c50c9,0.8333333333333334,0.40431396236145456,18,294
a908c1fdb49b8d29,0.8888888888888888,0.5742955928467053,18,460
a915af733a29c630,0.5555555555555556,0.3445023673988798,18,359
a91c172cd316d4dd,0.8333333333333334,0.5316711669254649,18,213
a924b2a0d0c371f0,0.8333333333333334,0.7176262342277034,18,354
a935b4576888e44c,0.9444444444444444,0.4286817918987533,18,195
a93e89374209353b,0.5,0.25574600939561754,18,355
a95a95a0c96bf4e0,0.8333333333333334,0.25798866350067684,18,530
a95d8f20a770d7b2,0.7777777777777778,0.6180603397241946,18,373
a961bfd8e620da6e,0.16666666666666666,0.3283286798511896,18,345
a99af2e00b72af95,0.8333333333333334,0.34944197528866305,18,300
a99d96711ce96d03,0.9444444444444444,0.2776848916241747,18,463
a9a61d544404aedb,0.8333333333333334,0.6549637798544538,18,226
a9a890df5f95cb6b,0.6666666666666666,0.5886663715921702,18,236
a9a89b577b43453e,0.8888888888888888,0.13848610697880992,18,254
a9c4d49e40a6e6a2,0.8888888888888888,0.5385471649736705,18,335
a9dd96b0ad8614e0,0.9444444444444444,0.3592452611155529,18,308
a9e8db8985ea8c51,0.4444444444444444,0.24283112386174205,18,198
a9ea6b1101f615fd,0.9444444444444444,0.11401306906377343,18,429
a9efd461230e7867,0.2222222222222222,0.16075641478088354,18,317
aa16f0dda25e4acd,1.0,,18,477
aa332e2fe1b31131,0.7222222222222222,0.6976513446307029,18,439
aa3f82a41d264157,0.6666666666666666,0.6960455444542443,18,276
aa7ab3c53c33b992,0.16666666666666666,0.2971668106493573,18,417
aa808f8d2ca6410d,0.5555555555555556,0.7944018540003338,18,433
aab3ac4d5398b120,0.9444444444444444,0.3592452611155529,18,263
aabf9e8b89261121,0.2777777777777778,0.2802943213694253,18,257
aad4f44cd5f31171,1.0,,18,217
aad4fbba22aca3e9,0.8888888888888888,0.5891572988163939,18,217
aaee47018146f0c1,0.9444444444444444,0.4286817918987533,18,231
aafa195f3767e875,0.9444444444444444,0.11401306906377343,18,393
ab0fa0ed429ab1f0,0.2777777777777778,0.021293725676595834,18,160
ab1ad6e9f9a0555b,0.3888888888888889,0.3479557535889126,18,441
ab2ae53739b3adc1,0.0,,18,198
ab31bc25b9cca266,0.9444444444444444,0.4286817918987533,18,367
ab3eb2792d550f4b,0.8333333333333334,0.4686699965826301,18,519
ab814cd5610cc71d,1.0,,18,452
ab888ba958b5c8eb,0.2777777777777778,-0.2718081454012523,18,319
ab94e5140f75509a,0.9444444444444444,0.3592452611155529,18,393
ab9d9d84b3b04a0b,0.7777777777777778,-0.023818264183694395,18,359
aba6457d30937e58,0.16666666666666666,-0.10624390912653695,18,576
aba9cf9c2e472cfe,0.6666666666666666,0.24403546018695862,18,423
abb5f5a28048d909,0.3888888888888889,0.3098917993969057,18,364
abbbaa37080f88f9,1.0,,18,251
abe4f455432e634c,0.9444444444444444,0.3592452611155529,18,338
abf54fc705668ca6,0.8333333333333334,0.4615569612213422,18,226
ac13432ab9fc1956,0.3888888888888889,0.45722778535100045,18,418
ac1c0d4093e3eb8e,0.6111111111111112,0.48996911556302164,18,525
ac2354c12fd8db23,0.0,,18,199
ac261aa9f079771c,0.9444444444444444,0.3796353534883974,18,235
ac294e69b34569f2,0.7777777777777778,0.2248565591845936,18,226
ac463c47a0b25c2e,0.3888888888888889,0.15193933642327162,18,705
ac784750c4ae86c9,0.7222222222222222,0.7266797030162977,18,475
ac7b5ea5e19ed50e,0.6666666666666666,-0.24171471330880923,18,367
ac8a2d13372bd5a0,0.5,0.24236541857827532,18,283
ac8e2f60fd540b15,0.2222222222222222,-0.08184576332810566,18,241
ac9af4be305726df,0.2222222222222222,-0.024459265627731576,18,215
aca75115e9eb52ee,0.6111111111111112,0.5704989778331857,18,255
acae9a81956369a2,0.4444444444444444,0.5527562360321397,18,428
acc7f1af7ceade6b,0.9444444444444444,-0.024308908924982827,18,272
acf6c249cad89821,0.3888888888888889,0.39016272320317885,18,610
acfa42f734acb336,0.9444444444444444,0.4286817918987533,18,462
acfc8492b2f7dec8,1.0,,18,168
ad01f482c416fe8d,0.7222222222222222,-0.10978794444433075,18,264
ad03556548edadb0,0.5,0.35900377626907026,18,451
ad29166b60f5608e,0.4444444444444444,0.11276419154105076,18,239
ad2cd3ed9ced47c7,0.8888888888888888,0.2441247196822722,18,411
ad348147801d07d9,0.7777777777777778,0.5688719131238739,18,197
ad5c88840be06591,0.7777777777777778,0.7962924780846157,18,808
ad7442adb2db1dc0,0.8333333333333334,-0.2243428771885536,18,324
ad9e880593d40c69,0.6111111111111112,0.31207839086976474,18,541
ad9ea4b2a0bd6379,0.2222222222222222,0.0007422121983588338,18,448
ada38cacd35e92af,0.8888888888888888,0.4321052168123874,18,412
adadc9f4a6a0563a,0.7777777777777778,0.7337442319138374,18,264
adba0c1513635aee,0.8333333333333334,0.40126551863518845,18,153
adc3057fcef9a161,0.5555555555555556,0.6930411001019825,18,472
adc3449c44c4c864,1.0,,18,400
adc7f8317654505f,0.3888888888888889,0.05121227396959345,18,421
adcff66b277a9db7,0.6111111111111112,0.28230046752227633,18,230
add402f3d7d5017f,0.5555555555555556,0.2284074688235752,18,238
adda79a4ad17e766,1.0,,18,457
adde99c143bcb9f5,0.3888888888888889,-0.010415080436512895,18,309
ade1f2ce02aabe0f,0.8888888888888888,-0.07439778934375639,18,281
ade91d21fddbbc74,0.5555555555555556,0.38133772909126307,18,291
adf030729de78ea7,0.8333333333333334,0.6549637798544538,18,539
ae0ce7005d9cc879,0.5555555555555556,0.1847131087470929,18,199
ae0e570dd4da4b73,0.2222222222222222,0.2597405325074549,18,307
ae17511397df17b7,0.4444444444444444,0.5176991331800782,18,755
ae24e9b257e2b91f,0.8333333333333334,0.22784294220760004,18,280
ae2930928971df57,1.0,,18,364
ae49e77ff70405bc,1.0,,18,154
ae60f2d983da7b0b,0.9444444444444444,0.11401306906377343,18,746
ae62f9f501fad9d2,0.9444444444444444,0.4286817918987533,18,577
ae7fceebcaab3d2b,0.8888888888888888,0.25898642565196084,18,205
ae9ebbcbc9dd41f0,0.2222222222222222,-0.023244736575871824,18,574
ae9f3369b6424954,0.9444444444444444,0.4286817918987533,18,511
aeab427fa25575d1,0.9444444444444444,0.11401306906377343,18,641
aeb699c4c33a16a3,1.0,,18,219
aee86bb87b8c5edf,0.7222222222222222,-0.34145115408470694,18,497
aef54a55e0263cc4,0.7222222222222222,0.2436252731822285,18,404
aefecae9aed75ade,0.7777777777777778,0.3994451103894355,18,225
af031855f11d3d2e,0.8888888888888888,0.4791003410949162,18,268
af1dbce4fc36caa4,0.05555555555555555,0.06839559513653871,18,292
af20d75fb2526330,0.7777777777777778,0.7962924780846157,18,257
af4a8ecf0337f421,0.3333333333333333,0.14183333805306422,18,416
af5f24772a73779e,1.0,,18,351
afad7d3bf6b14e9e,0.4444444444444444,0.32971177006032887,18,167
afbb72c412d01b9e,1.0,,18,238
afd1ebff1eb02804,0.6111111111111112,0.5427925621968269,18,164
afe365db799fcf6e,0.3333333333333333,0.4781631163941251,18,371
b007461383b439dc,0.6666666666666666,0.24349990321507808,18,219
b029f3f90782cea3,0.7222222222222222,0.33775606639376826,18,235
b03180532ee3a7cc,0.6111111111111112,0.5635076393081233,18,440
b032316132eae25d,0.9444444444444444,0.2776848916241747,18,286
b03fedd36029dd2a,0.9444444444444444,0.11401306906377343,18,327
b08d7ade6c25ce51,1.0,,18,288
b0a0af52a64d8872,0.2777777777777778,0.5872057998345949,18,333
b0a353e31c25eef7,0.6111111111111112,0.6520645939589148,18,328
b0a41675912f207c,0.9444444444444444,0.2776848916241747,18,258
b0a7511a60462dff,0.8888888888888888,0.5742955928467053,18,251
b0c32072ff229f12,0.1111111111111111,0.05672440927169426,18,279
b0c727f7c8d3c36b,0.9444444444444444,-0.06839559513653871,18,405
b0cc66f58913790b,0.6666666666666666,0.4874461039067233,18,246
b0e0d74c3f7ced1a,0.7777777777777778,-0.027765483602238673,18,365
b0f1c025045e5066,0.7777777777777778,0.29894283134803956,18,456
b0fae324c7cea778,1.0,,18,205
b11313be996f2ab8,0.6111111111111112,0.5712757932248594,18,217
b1178adb85dede6c,0.7777777777777778,0.33962955458534194,18,329
b13235570879bc03,0.9444444444444444,0.2776848916241747,18,263
b13b8f6e6563165c,0.9444444444444444,0.2776848916241747,18,337
b1543143c0a3dd12,0.0,,18,226
b16a3f9ec4c08e25,0.9444444444444444,0.3796353534883974,18,593
b17aa13b1b360d9c,0.6666666666666666,0.6904221962494973,18,570
b1d125957fd46f86,0.0,,18,373
b1dbc8c26cec8c71,0.1111111111111111,-0.04529919387157343,18,385
b1de40f5bd821d32,0.3333333333333333,0.294199296553115,18,283
b1def45077f786bd,0.0,,18,457
b1e13804d28a2c4b,0.6111111111111112,0.5290688236105933,18,279
b1e664dee23833ff,0.8333333333333334,0.4561375057079801,18,467
b1f2bc77121d06db,0.8888888888888888,0.4791003410949162,18,235
b1f44fba61b34af4,0.1111111111111111,0.1852580825230552,18,305
b1f534e725ba4311,0.7777777777777778,0.48112218912700544,18,882
b1fd33f8a8b3a78e,1.0,,18,384
b1fffa6031d0ddd0,0.2777777777777778,0.458410073793656,18,421
b20c3a54ad3208f1,1.0,,18,278
b2107dfc22c2fb77,0.05555555555555555,-0.3592452611155529,18,403
b21ed04e6304ac80,1.0,,18,163
b21f93af0914de81,0.05555555555555555,-0.3796353534883974,18,469
b22b64353d1db4fe,0.7222222222222222,0.2765992336784864,18,579
b23b413e3fa2749f,0.8888888888888888,0.4791003410949162,18,207
b2421b901dabf958,0.4444444444444444,0.6297294401203609,18,329
b2663c4126622243,0.8888888888888888,0.5891572988163939,18,365
b26ccba9bca01ce1,0.8333333333333334,-0.08140473802362715,18,331
b286c87030532885,0.6666666666666666,0.5924152703953347,18,575
b28b2041915a6615,0.9444444444444444,0.4286817918987533,18,201
b28c8f68502d29b6,0.7777777777777778,0.7061136959840275,18,370
b298b4b3f01bbb71,0.2777777777777778,-0.20980582651939975,18,249
b299aac640fc0f8f,1.0,,18,323
b2b603fe15dd9884,0.9444444444444444,-0.06839559513653871,18,183
b2ca2b7b82a750e1,0.7222222222222222,0.3735483141119285,18,224
b2d6d70df7ebe497,0.3888888888888889,0.17420804431791523,18,280
b2d8d603f3f26926,1.0,,18,200
b2f736694a0c40d8,1.0,,18,270
b2fa43249b43f269,0.8888888888888888,0.15254447749067765,18,263
b30435537edc12b0,0.5555555555555556,0.2888682693945216,18,512
b306bb2e03771278,0.05555555555555555,-0.1051957318214624,18,326
b306d2f42cb1cde5,0.2777777777777778,-0.3456472706150948,18,199
b3318c8eece8ddd7,0.5555555555555556,0.6300399297591475,18,259
b3366d67cdea2dd5,0.6111111111111112,0.3154445909003505,18,214
b36fe4f69fdb9c36,0.8333333333333334,0.27323088213200797,18,543
b377c1c06de140e4,0.1111111111111111,-0.4791003410949165,18,502
b379af9ecf7752f0,1.0,,18,374
b37d1ecde402dcca,0.8333333333333334,0.7176262342277034,18,281
b381861227d1be87,0.5555555555555556,0.5865996066598539,18,561
b387f5a0fa0c1bb4,1.0,,18,390
b38e9e40e68cd13b,0.6111111111111112,0.8418664879911669,18,283
b3a1cbd88b50de03,0.9444444444444444,0.16416167462941847,18,414
b3a67775dadedd6c,0.0,,18,209
b3a792b242daf389,0.5555555555555556,0.5576393912603251,18,344
b3cb8678d3e4c478,0.6666666666666666,0.566976314231003,18,359
b3cd7f4819a2f3fe,1.0,,18,184
b3ce9a7e528442e4,0.7777777777777778,-0.09547547824342081,18,549
b41007607396812c,0.9444444444444444,0.3592452611155529,18,338
b45f4d8ff30d0549,1.0,,18,193
b4715708fbaf1cb3,0.9444444444444444,0.2776848916241747,18,545
b4771bc352d16e61,0.5,-0.018934798326427808,18,364
b4874e22f74a7ea8,0.4444444444444444,0.4211650818483152,18,361
b4896f12373b19a7,0.8888888888888888,0.26260143521215534,18,300
b48f61c402ef34c5,0.8333333333333334,0.17601939886107446,18,301
b491a1937f63e856,0.8333333333333334,0.4686699965826301,18,612
b4a68e85dd46c96e,0.6111111111111112,0.8592153650718775,18,242
b4af23a618f80ef4,0.8333333333333334,0.39178147148680464,18,308
b4ba4347944ec883,0.1111111111111111,-0.5891572988163938,18,615
b4c70361a4098d17,0.7777777777777778,0.4404354658897031,18,251
b4d7ec0c59187521,0.5,0.5839491803870319,18,678
b4e2c0cf4412c0f5,1.0,,18,218
b4f706d0b26bc0e0,0.9444444444444444,0.11401306906377343,18,404
b4f73a225f75a56e,1.0,,18,236
b4f9782d0c931e10,0.7777777777777778,0.3724218389855556,18,307
b4ff14d3216981cb,0.6111111111111112,0.6862444711925536,18,342
b50a6e712c4b351b,0.0,,18,212
b50e267b5d0cb0fa,0.16666666666666666,0.21655240988809557,18,550
b52338b182cde847,0.05555555555555555,-0.11401306906377344,18,268
b525e63e72fbbace,0.6666666666666666,0.35596686731001886,18,189
b527fe1de2675817,0.8888888888888888,0.5148487689679511,18,137
b543c8c909e49953,0.7222222222222222,0.8230651260053592,18,246
b54a3e64c9e97ec9,0.9444444444444444,0.3592452611155529,18,229
b550b387a6d21ffe,0.9444444444444444,-0.21277949247938407,18,257
b5580b4d5dd91924,0.6666666666666666,0.6467743030412227,18,798
b58839b35d77e000,0.7777777777777778,0.5549048290274864,18,297
b592a264e66ee244,0.1111111111111111,0.4013553206769058,18,405
b596406f45b03775,0.4444444444444444,0.12343374458298248,18,391
b59ab3b7e5aab35b,0.8888888888888888,0.10675435639488029,18,363
b5ae83a7a720ab62,0.9444444444444444,0.3796353534883974,18,634
b5cddb8031ec18f3,0.8888888888888888,0.020395794679122184,18,242
b5eb6f593934a1de,1.0,,18,283
b5ef5dc88b01abbd,0.7777777777777778,0.550653977345977,18,261
b5f41ed2d002c6a3,0.3333333333333333,-0.5214539716211462,18,523
b5fcc6fe53e8569c,0.7777777777777778,0.6775722632653233,18,264
b60dd929c6bd6f7a,0.5555555555555556,-0.3170099212008864,18,232
b627814d893abc0e,0.6111111111111112,0.3832864684398458,18,318
b655479ac6d063ad,1.0,,18,241
b6572c1c8780fec8,0.8888888888888888,0.33289328777149324,18,242
b661f60cec7a70ed,0.8333333333333334,0.43920170722872354,18,244
b662eaa6e84712bd,0.5555555555555556,0.8147248121754419,18,229
b66307087fee1586,0.7222222222222222,0.07819181325655844,18,613
b68ee5dde906d2fd,0.8888888888888888,0.39555345348153165,18,406
b694ed90f1350c46,0.6666666666666666,0.0758705710164283,18,320
b6c441386963358d,0.16666666666666666,0.3161349049461249,18,189
b7605594a12269ec,0.7777777777777778,0.11706710583203894,18,319
b7635e996fc0307e,0.7222222222222222,0.0514180846484857,18,199
b76b84ec44d77b17,0.05555555555555555,0.26623459951089556,18,301
b796fca999c57ce0,0.5555555555555556,0.45399230456727424,18,331
b799544bff59a60c,0.7222222222222222,-0.3115773095325416,18,234
b7b3d6d9780c84bb,0.9444444444444444,0.11401306906377343,18,310
b7c82b504c52e53d,0.8888888888888888,0.5742955928467053,18,279
b7ccf1069af90294,0.5555555555555556,0.25457327747402664,18,143
b7d3e383357c3d1f,0.0,,18,199
b7ef82a07ad23d40,0.2777777777777778,0.23407441093022602,18,256
b7fa1229e1fe4c89,0.8888888888888888,0.14531445837028845,18,580
b7fc5491bf872da8,0.7222222222222222,0.6683411575229182,18,397
b81231cefca9079c,0.05555555555555555,-0.3796353534883974,18,310
b812c62163608c37,1.0,,18,363
b8147f0a37269126,0.8888888888888888,0.3963567889393528,18,432
b816513d6c4973d6,1.0,,18,242
b83fc80f6a79b123,0.05555555555555555,-0.2776848916241747,18,209
b85f4781051a628d,0.6111111111111112,0.35350854509235735,18,820
b86ff4c573384c7b,0.0,,18,244
b88e2fbd045470c1,0.8888888888888888,0.5891572988163939,18,306
b890fd3c5a8f7157,0.5555555555555556,-0.2245404615041448,18,208
b8b6b0e9156319f9,0.7222222222222222,0.8230651260053592,18,417
b8e729fe1532a791,0.05555555555555555,0.06839559513653871,18,209
b91320600e48ac05,0.5,0.2163616288766478,18,478
b91d10872eb952ae,1.0,,18,200
b924379eae331741,0.9444444444444444,0.4286817918987533,18,207
b945bc951291355d,0.5,0.5657717739936614,18,306
b94bdc709018e962,0.8888888888888888,0.33851663597624027,18,223
b96b25c71e2b6d9b,0.8333333333333334,0.6248180585613768,18,510
b97c67cbc17c6a87,0.0,,18,392
b982c5d7218832a4,0.8333333333333334,0.6674962707291036,18,319
b9a9f6614f5b17c6,0.3333333333333333,0.4200551849450723,18,430
b9bf6c2ca098b387,0.5,0.4243919464896673,18,387
b9c00ce9523b37fb,0.7777777777777778,0.7061136959840275,18,636
b9cbde6d1c7d4be1,0.2777777777777778,-0.4338596606606396,18,259
b9cc3c59af53902b,1.0,,18,365
b9d187ffd6eef9fc,0.6111111111111112,0.709807871406653,18,210
b9d8549440c9cd32,0.05555555555555555,-0.1051957318214624,18,219
b9f2168f607ddb4d,0.16666666666666666,0.0915662171111812,18,385
ba1215715598f5f0,0.6666666666666666,0.6467743030412227,18,301
ba1e15c32d668b88,0.7222222222222222,0.18725952874418073,18,203
ba3cc90a461b54f5,0.9444444444444444,0.4286817918987533,18,400
ba4a36f491786780,0.16666666666666666,0.4014913292815785,18,196
ba56619a399fd0da,0.16666666666666666,-0.08964682661686542,18,291
ba5718769f92c23e,0.9444444444444444,0.4286817918987533,18,530
ba7848c1fe1b8baa,0.5555555555555556,0.7415621627450529,18,403
ba91cbbf39fcb487,0.2777777777777778,-0.5003712390975359,18,289
ba9372fd853e552f,0.4444444444444444,0.557328901621539,18,501
baad1c8af9fe913c,1.0,,18,450
bad5e8f568becb80,0.05555555555555555,-0.2776848916241747,18,303
bad77667908f9cfe,0.9444444444444444,-0.21277949247938407,18,426
badb8c015e45e61c,0.5555555555555556,0.758582640216706,18,231
baed17f5ccce3a08,0.9444444444444444,0.11401306906377343,18,294
baf0c11392daee6e,0.3333333333333333,-0.36025132308506425,18,394
baf5840a9cdd5111,0.1111111111111111,0.4262587198693568,18,767
bb072b19fba8e19b,0.1111111111111111,0.11737623633718022,18,540
bb13d64097d43c5a,0.9444444444444444,0.2776848916241747,18,422
bb1bc105f053dd51,0.6666666666666666,0.819491426472739,18,881
bb1f763e044c6a1c,0.3888888888888889,0.39404680016154675,18,240
bb2b0a4e3311b688,0.8888888888888888,0.3814950829696641,18,388
bb49ec859bf5fece,0.8333333333333334,0.43920170722872354,18,233
bb4bf79772c44679,0.4444444444444444,0.6835852792843975,18,368
bb5895b7768674c4,0.8888888888888888,0.34494331963880825,18,182
bb65a3e40278e218,1.0,,18,400
bb6b9976fa4dbe19,0.7222222222222222,0.3904580374433428,18,417
bb7309aaf1daef80,0.8333333333333334,0.1807614224352664,18,403
bb8984bb97f6cf00,0.2777777777777778,0.5128030171763721,18,356
bb9fa50547ef4243,0.9444444444444444,0.11401306906377343,18,497
bbc0872874516657,0.9444444444444444,0.3796353534883974,18,308
bbc9cd497c939d5e,0.8333333333333334,0.23563340950805797,18,200
bbcbe8643926f57e,0.8333333333333334,0.4740894520959921,18,298
bbcd7b1d8cade729,0.0,,18,404
bbcffab21696b835,0.7222222222222222,0.35043835889232877,18,355
bbd9b43f70314da3,0.7777777777777778,0.3192861929666908,18,217
bbe1332795d71ac8,0.0,,18,188
bbe636afcf61e9c9,0.9444444444444444,0.3592452611155529,18,625
bbea7e2a4cf23a9d,0.9444444444444444,0.3592452611155529,18,154
bbebfef293025af1,0.3333333333333333,-0.5458218138417166,18,310
bbef6633b81cb764,0.9444444444444444,-0.06839559513653871,18,241
bbff7aa369bec852,0.8888888888888888,0.3180315818018046,18,182
bc243e6d5e2a3d6e,0.0,,18,200
bc4afd97edfdf432,0.8888888888888888,0.5385471649736705,18,220
bc53a61469b40885,0.7222222222222222,0.38115768961106483,18,161
bc5e647e6b712d49,0.8333333333333334,0.7176262342277034,18,284
bc690c5989272591,0.8888888888888888,0.4642386351252276,18,177
bc6d4c4a19d51d9c,0.6111111111111112,0.3493655296700981,18,315
bc767b2a7b411003,0.9444444444444444,0.3796353534883974,18,284
bc7b73fb1729ce23,0.8888888888888888,0.35980502560849686,18,183
bca96df2f1cd73c6,0.5,0.33350491452281417,18,166
bcae4d5f7226c736,0.9444444444444444,0.4286817918987533,18,254
bcc1738a52d8d649,0.5,0.6076807942894882,18,637
bce9e8fe09403522,0.3333333333333333,0.2339491372165396,18,254
bd0df7d54de1a2eb,1.0,,18,185
bd24e0def74478c8,0.05555555555555555,-0.4286817918987533,18,369
bd566f0514ccf549,0.0,,18,207
bd643e0053f90a04,0.5555555555555556,0.48803325951058013,18,474
bd65096fa3b32b95,0.9444444444444444,0.4286817918987533,18,505
bd8a8babc323552f,0.9444444444444444,0.3796353534883974,18,376
bdc8d4f6dbdb3310,1.0,,18,243
bdd3325765bf304f,0.5555555555555556,0.7016783573264033,18,245
bde31a97da073bb9,0.7222222222222222,-0.7044465482657342,18,629
be2882c7451d6629,0.05555555555555555,0.2127794924793841,18,300
be40db17e48d0bbb,0.8333333333333334,0.5977207809945662,18,322
be4b089d8d0e96bc,0.8888888888888888,0.4791003410949162,18,274
be549f61086e3efa,0.16666666666666666,-0.31421551445180906,18,346
be6a0482e8f552bd,1.0,,18,512
be920a228cee2aea,0.6666666666666666,0.34980796213339105,18,947
bee12d50210c5fa4,0.9444444444444444,0.3592452611155529,18,372
bee90014b822e421,0.9444444444444444,0.2776848916241747,18,179
bf238836514b17e3,0.8888888888888888,0.13286275877406287,18,241
bf2bcd6b3bfee5fc,1.0,,18,377
bf3c95465631bafe,0.4444444444444444,0.49178736150681546,18,391
bf4a542f0d966960,0.1111111111111111,-0.4642386351252278,18,429
bf535166f1143464,0.5,0.7225519041364832,18,286
bf5cb9e59630e375,1.0,,18,342
bf8053f890a00b71,0.8333333333333334,-0.021113295437473388,18,299
bf8238226adfcf3b,0.9444444444444444,0.3796353534883974,18,352
bfa9e3db1cdde430,0.7777777777777778,0.5603702097608553,18,257
bfbbfa87f6579f0e,0.8333333333333334,0.17297095513480837,18,282
bfc461386a7114ae,0.3888888888888889,0.5784109864520836,18,678
bfc52adb82f6520b,1.0,,18,165
bfd4f441db11228a,0.2777777777777778,0.13036144116421822,18,381
bff65726167524df,0.2777777777777778,0.3927439815233304,18,360
bffdec8e56d9e0b0,0.2222222222222222,0.3851406571119761,18,240
c00056952b77c7e7,0.6666666666666666,-0.16164894601264895,18,366
c01531c132eeec7d,0.8888888888888888,0.4791003410949162,18,184
c01a38b1a4c82bc9,0.7222222222222222,0.7393619955148583,18,363
c02e052ae3118cd5,0.7777777777777778,0.11403078320238952,18,246
c04cb5c86ad42429,1.0,,18,219
c06f5be2c2b93935,0.5555555555555556,-0.0632269809892249,18,220
c074267f1325a8e1,0.4444444444444444,0.3863620159734425,18,231
c08803d8d6d53c65,0.5,0.680137955885285,18,330
c09ca4a4b7d9351b,0.0,,18,607
c0b790843946cc3d,0.8888888888888888,-0.18485641479414466,18,377
c0c8c80a4880cff1,0.6666666666666666,0.6103564289533371,18,413
c0da64c48eb25c7e,0.8888888888888888,0.3963567889393528,18,910
c0dbe090f7620d06,0.6111111111111112,0.27297868282219306,18,457
c0dcb1914ce7e8aa,0.6666666666666666,0.8087802870351256,18,503
c0f50ed2dae7a495,0.9444444444444444,0.16416167462941847,18,203
c0f643a27c1ed64c,1.0,,18,526
c11547a0e1b64a1d,0.8333333333333334,0.6248180585613768,18,287
c11e1a787ee7d658,0.7222222222222222,0.4510512127142443,18,204
c150da9e3bb727b6,0.8333333333333334,0.7176262342277034,18,543
c17c9a2e3870bdb2,0.3333333333333333,0.6324035242957581,18,291
c17feb679277de1e,0.6666666666666666,0.16209524348921622,18,363
c186ed3d7fa6fb2d,0.9444444444444444,0.4286817918987533,18,273
c188524a6ce89a05,0.9444444444444444,0.3592452611155529,18,198
c1bcdee7dc5600a7,0.8333333333333334,0.5543651368876689,18,170
c1d0b526fc9c5bb7,0.5555555555555556,0.581772904093266,18,483
c1e28caabb40f364,0.7222222222222222,0.012525720986232846,18,214
c2014e8016dded9e,0.2222222222222222,-0.4346664528933692,18,730
c2090653eb6520ab,0.6666666666666666,0.6154442201862035,18,258
c21363dd3eeb60d1,0.5,0.5109870908358636,18,675
c222d1f5f950a20a,0.7777777777777778,0.46563694371579334,18,282
c26fde20053828b7,0.7777777777777778,0.32687699954081445,18,384
c271a4e909a42ad9,0.9444444444444444,0.3796353534883974,18,191
c281ba52ac20ff8a,0.8333333333333334,0.6248180585613768,18,347
c2a7b15b6b06d2e2,0.8888888888888888,0.5742955928467053,18,374
c2b01a07159afa94,0.6666666666666666,0.5993775110297835,18,253
c2f813a1c5ce14b9,0.9444444444444444,0.4286817918987533,18,208
c315e1f3dfcc51ba,1.0,,18,262
c31db9bbcf9ea906,1.0,,18,622
c351995c828ced88,0.9444444444444444,0.16416167462941847,18,290
c360712c30efdd44,0.5,0.1540030263882791,18,638
c37115585fb39814,1.0,,18,336
c37922874781d4af,0.4444444444444444,0.5537723839408951,18,353
c399b3347f5c1d45,0.8333333333333334,0.6674962707291036,18,291
c39eb5d867d1c3bf,1.0,,18,284
c3bca7832dd2ef8a,0.7777777777777778,0.5937697586869991,18,370
c3c1501cc0f94445,0.7222222222222222,0.19881450635398062,18,245
c3c1cec045793f4c,0.5,0.026508717656998818,18,318
c3c5b7e3f7a531ee,0.0,,18,149
c3cae3163bf2516a,0.0,,18,268
c3ce8309dcfb0586,0.2777777777777778,0.3437057838622289,18,428
c3da42ac5648c5e7,0.9444444444444444,0.4286817918987533,18,222
c3dc6cc4e850ea98,0.6666666666666666,0.575009668809213,18,222
c3f2934685bdca1e,0.7222222222222222,0.5674464749788127,18,425
c402112a70d5dde3,0.1111111111111111,-0.4791003410949165,18,333
c4187ce9db703a35,0.7222222222222222,0.7785361878993015,18,311
c424b42dd6eaffa3,0.3333333333333333,0.25537141609176645,18,419
c43212f0853320ba,0.9444444444444444,0.3796353534883974,18,534
c46ed34331557086,0.3888888888888889,0.4157976311284079,18,190
c46ef0c5bd5002bc,0.2222222222222222,0.09061736203598184,18,284
c47d391e625d6482,0.0,,18,180
c481ce7985565c0f,0.9444444444444444,0.3592452611155529,18,242
c4951ea1ddf6d35e,1.0,,18,378
c4976132cb27d1b2,1.0,,18,300
c4a8c13b15cbb1cc,0.7777777777777778,0.7337442319138374,18,254
c4b6e1ec23f8d7c6,0.8888888888888888,0.35980502560849686,18,208
c4c472173e42707d,1.0,,18,258
c4cf8c5a7895940d,0.8888888888888888,0.5891572988163939,18,204
c4d3e448ff493b72,0.6111111111111112,0.7735067335238891,18,176
c4f936c030021baa,1.0,,18,289
c52239c131367d93,0.2222222222222222,-0.09368742158373844,18,226
c52ea5e6b9ee5482,0.3888888888888889,0.658940848722248,18,362
c53904c8cbcb3e78,1.0,,18,234
c53f104a197b9f73,0.2222222222222222,0.10245902029161452,18,357
c545823f00fd35a7,0.0,,18,307
c54592c2cba259d6,0.4444444444444444,0.54157860903583,18,394
c54c22fe605c966d,0.8333333333333334,0.504235173389069,18,722
c54ef50f2efff621,0.0,,18,262
c5573dc18229c954,0.2222222222222222,0.19537049275888702,18,553
c598c5ddb155a3a2,0.6111111111111112,0.5635076393081233,18,494
c59de2ea3c3f69d4,0.05555555555555555,-0.4286817918987533,18,212
c59e31e37209dea7,1.0,,18,271
c5a0281d3c1f99dc,0.7222222222222222,0.4693700796566096,18,319
c5a1b4234bbfd061,0.0,,18,307
c5aad67c15f59751,0.5,0.7215420482257402,18,490
c5b07e9b2b0c5139,0.7222222222222222,0.09143776319949963,18,196
c5beae889bd291ce,0.5555555555555556,0.6429958155957789,18,359
c5cf95ebef00f951,0.0,,18,214
c5d5e151d36f2e95,0.0,,18,351
c5f9f3bcd13b72fa,0.8333333333333334,0.5550425688268392,18,442
c60627abe7e0d338,0.7777777777777778,0.5278815576236066,18,405
c620f7b2aca55ca6,0.6111111111111112,0.6463679477533083,18,585
c62e98a87cd74112,0.7777777777777778,0.6295983657168622,18,328
c62ec1be0d5e6aa7,0.7222222222222222,0.051418084648485726,18,313
c64295fd64c4c4f0,0.8888888888888888,0.3180315818018046,18,236
c64a40c6e48998ff,0.0,,18,408
c67696d506a76258,0.4444444444444444,0.26061371226496166,18,411
c68937fcff26234e,1.0,,18,160
c692f80f0c1a7aca,0.7222222222222222,-0.0049476597895619845,18,270
c6af24978875f4a0,0.8333333333333334,0.6674962707291036,18,609
c6b521d2516b3525,0.8333333333333334,0.5489456813743068,18,202
c6c3276d207351d0,0.16666666666666666,0.5420584566594091,18,324
c6e1556023b8bcc7,0.0,,18,283
c700a9c1e6412158,0.9444444444444444,0.2776848916241747,18,289
c711a82e87cd57f4,0.8333333333333334,0.6248180585613768,18,297
c746ccdd9dcc7db2,0.6666666666666666,0.7908391284771231,18,246
c74a01faff44cf52,0.5555555555555556,-0.04214191188255041,18,365
c7671229bcf11d5c,0.2777777777777778,0.1467075070512519,18,460
c78d89f723590c87,0.6666666666666666,0.575009668809213,18,158
c78f50a7f57412d2,0.9444444444444444,0.3592452611155529,18,311
c794f2cacd8498cb,0.3888888888888889,0.5437132322906623,18,529
c7a377ebd6856541,0.9444444444444444,0.4286817918987533,18,176
c7a38074eac877f4,0.3333333333333333,0.21386575077101425,18,490
c7ad23e3e82c625c,0.1111111111111111,-0.15977449661106655,18,486
c7d4ff2dffdc19a7,1.0,,18,270
c7d9a005da7af92a,0.7222222222222222,0.4471056106035808,18,293
c7f14482a40f847d,0.5,0.7851629706025376,18,544
c7f227eb1d146b99,0.8888888888888888,0.1758412057674867,18,302
c7f68641af327461,0.9444444444444444,0.3796353534883974,18,337
c82543ea3b06fbba,0.2222222222222222,-0.035086394831504414,18,321
c84064ce71f6778e,0.3888888888888889,0.6936386028836692,18,631
c84cae1dc39b749c,0.8888888888888888,0.39555345348153165,18,554
c857e6cadc349d2a,0.7777777777777778,0.6563180048577772,18,547
c857f6150efb46cd,0.6666666666666666,0.40148920991987586,18,309
c86e44857d7d557c,0.0,,18,167
c8808202a329ec9c,1.0,,18,212
c899e02fb9e26c65,0.7222222222222222,0.1959962191320781,18,289
c89e39a8ab8a19c1,1.0,,18,270
c8a1573530e2198d,0.8333333333333334,0.524219415594592,18,516
c8a526d9643e5cc4,0.2222222222222222,0.0863665103544726,18,369
c8dc14a29d1daee7,0.7777777777777778,0.23578732065133154,18,444
c8ddca96dd48dae2,0.8333333333333334,0.4615569612213422,18,332
c8f7b224a0f3bbfd,1.0,,18,212
c9058ec72bc3259b,0.5555555555555556,0.8147248121754419,18,224
c914e64c1947ef6b,0.8333333333333334,0.6674962707291036,18,270
c917215435690617,0.6666666666666666,-0.2307357953852555,18,207
c94e973fe7cc02c4,0.9444444444444444,0.3796353534883974,18,279
c952448552110480,1.0,,18,572
c954f80cf34685a8,0.4444444444444444,0.77580070200395,18,567
c9650aeb660bea7a,0.6111111111111112,0.0026469265197767763,18,479
c976c1c6bca2a254,0.05555555555555555,-0.1641616746294184,18,422
c9a7e743f1d5de37,1.0,,18,329
c9ad98963cade8e1,0.8333333333333334,0.6549637798544538,18,285
c9cdb4ce53a96079,0.16666666666666666,0.03432321825129356,18,234
c9d7423d02552bd0,0.8888888888888888,0.4321052168123874,18,395
c9df134a1f76b05a,0.9444444444444444,0.2776848916241747,18,575
c9ecf114f06f19d1,0.7222222222222222,-0.5164667905648451,18,265
c9f0f09b1ed06e1d,0.5555555555555556,0.5965070487702193,18,392
c9f76d2f7c2082eb,0.7222222222222222,0.5155899900958089,18,241
ca089d1522428572,0.5,0.6256057367051732,18,271
ca226bae4fd883dc,0.6111111111111112,0.47469174619344057,18,276
ca31d0ef7c9d809b,0.05555555555555555,-0.1641616746294184,18,734
ca7c017ebdac6f0c,0.2222222222222222,-0.4632078856120736,18,220
ca877ee58b763bf7,0.5,0.6278779125043443,18,224
ca93bcff76d88ef1,0.0,,18,218
caa9582da7a45d43,0.5555555555555556,0.6081927497209063,18,349
cad0322679410ccc,0.2777777777777778,-0.5178446198733306,18,282
cad9033e21febb39,0.8888888888888888,0.4791003410949162,18,415
caf6a64770fe84a6,0.9444444444444444,0.4286817918987533,18,172
caf8ec65d8300dcb,0.8888888888888888,0.25898642565196084,18,602
cb07e12b1aa150dd,0.8333333333333334,0.6549637798544538,18,230
cb24e3513899c1af,0.2777777777777778,0.151498595328486,18,388
cb30594a5b0c3cde,0.0,,18,297
cb4c89044766bdf4,0.0,,18,219
cb58e712a2f786a8,0.05555555555555555,0.26623459951089556,18,185
cb59b0a36c5d76a0,0.6666666666666666,0.3278501262862836,18,398
cb6c2b67efe5b58d,0.05555555555555555,-0.3592452611155529,18,389
cb9891e4e9624ae6,0.7777777777777778,0.546706757927433,18,396
cbaa05e66515c3c6,0.05555555555555555,-0.2776848916241747,18,344
cbc81788cb23af45,0.9444444444444444,0.2776848916241747,18,270
cbd6ea9e05d0a10e,0.7222222222222222,0.8230651260053592,18,735
cbeadd77fe6638e9,0.8888888888888888,0.3963567889393528,18,210
cc014381a9aaaa3b,0.8888888888888888,0.20275294360449037,18,337
cc0de6622e58ff1a,0.7777777777777778,0.40916134280431377,18,530
cc0e060a63f67d65,0.8888888888888888,0.5742955928467053,18,394
cc0f4a8c78462aed,0.4444444444444444,-0.23450435627610763,18,303
cc1da5e63dd305b3,0.6111111111111112,0.4715844846267461,18,200
cc21420305ba9c52,1.0,,18,325
cc32308810265872,0.7777777777777778,0.0845784536947901,18,243
cc465e121dcfba49,0.3333333333333333,-0.09300839411660977,18,274
cc592d7780dc6021,0.3333333333333333,0.5587644406621661,18,212
cc63a767b445d678,0.1111111111111111,0.3788619278579175,18,377
cc6650e03488137d,0.6666666666666666,0.5811685739858408,18,285
cc797dd0d739545e,0.8333333333333334,0.1909229015228204,18,256
cc7d916a6760cebc,0.3333333333333333,0.21466908622883527,18,248
cc7f41b74459778f,0.5,0.7851629706025376,18,480
cc86e842540bd619,0.9444444444444444,0.4286817918987533,18,526
cca98abb94d53f8f,0.2222222222222222,0.5861452151947681,18,225
ccb1b67d72df2d88,0.6666666666666666,0.8331481292556961,18,370
ccbeb1567a6884a1,0.2222222222222222,0.4300782320307877,18,610
ccc3e03484c689e5,1.0,,18,220
cce0bc15a571900e,0.8888888888888888,0.4791003410949162,18,245
cd05864a0a36999c,0.2222222222222222,0.5861452151947681,18,348
cd1ddeed42da54e1,0.7222222222222222,0.14583070658221567,18,223
cd260ec0dfc3bf5a,0.6111111111111112,0.6792531326674912,18,314
cd2a814831792679,0.0,,18,224
cd36090f66e926cd,0.8888888888888888,0.4791003410949162,18,251
cd627c35bef6b760,0.1111111111111111,-0.2441247196822723,18,123
cd67eeda67ae05de,0.8333333333333334,0.349441975288663,18,182
cd6ae2680367d027,0.6666666666666666,0.6649832400851656,18,263
cd7ba095ffcecd29,0.8333333333333334,0.7176262342277034,18,1028
cd845f3180f0775e,0.05555555555555555,-0.4286817918987533,18,392
cd985a92585ef3bc,0.6111111111111112,0.5676506547303826,18,458
cdb4600710e053b5,0.5555555555555556,0.8317452896470947,18,283
cdc19a9c8de33b77,0.6111111111111112,0.6862444711925536,18,237
cdf14540b0266de1,0.5,0.6955382585241128,18,347
cdf27defadafd0e3,1.0,,18,276
cdfc402bbb0163b4,1.0,,18,658
ce07e5d46ae13aed,0.6666666666666666,0.7415678870641015,18,323
ce172353e52939e0,0.5555555555555556,0.44891156502349716,18,161
ce29fa5b99dbe14d,0.3333333333333333,0.316692689372103,18,518
ce2cbab8ab1679c9,0.4444444444444444,0.14502688764403487,18,244
ce34182d37c5c8bc,0.9444444444444444,0.11401306906377343,18,207
ce594238233ea446,0.7777777777777778,-0.10367354934347435,18,338
ce5b03997e70e655,0.7222222222222222,0.8230651260053592,18,321
ce5b0f0c8b1a9a93,0.9444444444444444,0.4286817918987533,18,151
ce77a05db20e9bed,0.1111111111111111,-0.27906981209748594,18,1233
cea49ab1e8933058,0.8888888888888888,-0.06716777022336747,18,394
cede51376af09eb5,0.16666666666666666,-0.2796664855541255,18,240
cede760c42ac4a12,0.8888888888888888,0.5148487689679511,18,448
cef2e9c455da4c5c,0.7222222222222222,0.8230651260053592,18,336
cef3c776564171a3,0.3333333333333333,0.07167537473669636,18,325
cf0287b943d44e49,0.8333333333333334,0.04798476235789403,18,187
cf1e02b958531ef8,0.1111111111111111,-0.4791003410949165,18,175
cf38bff80d962275,0.9444444444444444,0.16416167462941847,18,312
cf57dcc39578be14,0.2222222222222222,-0.035086394831504414,18,399
cf58eb77c46d95a3,1.0,,18,303
cf6a515359c1e1ee,0.7777777777777778,0.6229184559316336,18,211
cf87b8a81da22b5c,0.5,0.543050016001948,18,459
cf932801af1cb38a,0.8333333333333334,0.1235184235753788,18,180
cf93a5a87aa646d2,0.6111111111111112,0.8592153650718775,18,898
cfa2746b142dc9ef,0.7222222222222222,-0.1743267218258955,18,332
cfb010bb2dd7271d,0.6666666666666666,0.6483809739568648,18,232
cfe54965f5a38404,0.3888888888888889,0.4914076625846393,18,666
cfe61c8670c0a717,0.2777777777777778,0.09005993389101405,18,359
cfe739752e76b3c4,0.7222222222222222,0.40483130227504494,18,205
d019ef1a5b7505aa,0.8888888888888888,0.20275294360449037,18,257
d025468a8d898239,0.7222222222222222,-0.06497717761608278,18,231
d0313f8a25a08000,1.0,,18,266
d0391f0ab6aa0d70,0.05555555555555555,-0.4286817918987533,18,281
d0794bb421f4d362,0.9444444444444444,0.4286817918987533,18,209
d0821983eb28121a,0.6111111111111112,0.5886246703055701,18,342
d0898d8c9c30578a,0.16666666666666666,-0.18143885437443663,18,526
d08b977e5563e932,1.0,,18,327
d0922184c24f784b,1.0,,18,252
d0af1128f9128d38,0.6111111111111112,0.7672922103905003,18,413
d0b50ee26cb40781,0.05555555555555555,0.2127794924793841,18,523
d0dfab13e612a263,1.0,,18,479
d0f770ad667c1d64,0.5555555555555556,0.004600891920198055,18,322
d105490438e4952c,0.6666666666666666,0.16745081320802305,18,410
d10ced007f56e763,0.1111111111111111,0.3611885477858554,18,459
d110bbb6bba6462d,0.9444444444444444,0.2776848916241747,18,401
d115664099be8a37,0.05555555555555555,-0.3592452611155529,18,501
d12a5de2b64cca48,0.8888888888888888,0.4791003410949162,18,425
d134495998bf9b6b,0.7777777777777778,0.48962389249002364,18,777
d135e3a8fa5f2842,0.0,,18,282
d144a5064df62009,1.0,,18,278
d15c00d9be919f07,1.0,,18,207
d16057165ad3b4ee,0.7777777777777778,0.6563180048577772,18,501
d1666667b42e4d41,1.0,,18,349
d16f5f0104502e1a,0.1111111111111111,0.3491385159185402,18,574
d17196a5a1379b5e,0.8888888888888888,0.3963567889393528,18,267
d173520f8c0b9a01,1.0,,18,287
d186bb78d04d176c,0.6111111111111112,0.5800797009971603,18,228
d18d5abef2312ab7,0.2222222222222222,-0.05664428550201543,18,895
d19d6c08da23a972,0.7222222222222222,0.06832780797990015,18,330
d19e9e1c09d8f3da,1.0,,18,551
d1a329935cf2d5e0,0.7777777777777778,0.6180603397241946,18,215
d1c29432745da1c0,0.1111111111111111,0.4262587198693568,18,264
d1da66255152c2db,0.0,,18,665
d1e873eeb92d6bcd,0.8888888888888888,0.35980502560849686,18,332
d1ee6f22e4318cd8,0.6666666666666666,-0.15281225597661793,18,469
d1eeb9fa97d9b182,0.4444444444444444,-0.13339763935494514,18,201
d1fa8737746b98e8,0.5555555555555556,0.3399297018094804,18,272
d1fd011f076864f4,0.9444444444444444,0.3796353534883974,18,262
d1fd167a7d179dca,0.5,0.33577709032198555,18,321
d236eef80dfb42d4,0.05555555555555555,0.02430890892498283,18,930
d23eb85d4aa67cd7,0.5555555555555556,-0.1465511095071679,18,339
d2634adf45245f7a,0.6666666666666666,0.20761758609907305,18,205
d267c8162224f914,0.8888888888888888,0.3814950829696641,18,538
d2732a713abdc4cb,0.1111111111111111,0.08885782758453452,18,413
d28f7df837622cd4,0.7777777777777778,0.41432309127471767,18,524
d2ab2f5afd3df70d,0.8888888888888888,0.3814950829696641,18,617
d2b1ef31d2e3fb87,0.5,0.3355246263442998,18,177
d2d0cb458f889920,1.0,,18,164
d2d2b7b06d15f2f7,0.9444444444444444,0.11401306906377343,18,429
d2d50321eb532ec5,0.9444444444444444,0.3796353534883974,18,255
d2ddb5eb0164c5a9,0.8888888888888888,0.4642386351252276,18,468
d2f7cc0b8d105eb8,0.7777777777777778,0.39094340702641733,18,409
d309165ee13de424,0.6666666666666666,0.7951235842521686,18,378
d32507f8f6e12f66,0.4444444444444444,0.5288767601763875,18,439
d33479db5085010c,0.8888888888888888,0.34494331963880825,18,430
d36f4332b4075d14,0.8333333333333334,0.1807614224352664,18,230
d36f57882b20dd11,0.9444444444444444,-0.024308908924982827,18,196
d378f709fb5fb22a,0.3333333333333333,0.2061001746787445,18,287
d39a4eca8d6461f6,0.7222222222222222,0.6931420850756592,18,194
d39f57afb3deb74d,0.7777777777777778,-0.2066048864885899,18,352
d3ac4d31e3d9943f,0.4444444444444444,-0.15422867148443076,18,357
d3e45942162fe665,0.6111111111111112,0.7569346718348521,18,270
d3efefd287a712a1,0.7222222222222222,0.7348527359598146,18,194
d40e9dfe7bfd88d7,0.4444444444444444,-0.1481317840318986,18,299
d4130fe5353abb29,0.0,,18,348
d4293c564126e8a3,0.8888888888888888,0.3814950829696641,18,364
d43f53ec48328e25,0.8888888888888888,0.5385471649736705,18,609
d44a7403def12286,0.5,0.39182409336821167,18,310
d459952446c195a4,0.9444444444444444,0.2776848916241747,18,219
d4642e0ae150834f,0.6111111111111112,0.434556284290304,18,371
d47900b1e3cd959b,0.6111111111111112,0.18157340506859834,18,341
d4975f2154ca02e0,0.9444444444444444,0.4286817918987533,18,224
d4a53538e442ae8c,0.16666666666666666,-0.2884731007633389,18,385
d4b1d260b785ede2,1.0,,18,233
d4b7fb38b7c540a1,0.8333333333333334,0.6674962707291036,18,269
d4c53361f917dc4c,0.16666666666666666,-0.27052115437532687,18,256
d4e85b6fa6c589ff,0.6111111111111112,-0.16773458272063513,18,300
d4eabc50759bcb19,0.8333333333333334,0.7176262342277034,18,208
d51b8ebf660a31ca,0.1111111111111111,0.20252979486620692,18,292
d51ee6d8313ee016,0.6111111111111112,0.5137914542410122,18,440
d53742cc8a03fbc0,1.0,,18,254
d56efa9661744b74,0.6666666666666666,0.6031264098329481,18,267
d574cb9e6b71a1fe,0.8888888888888888,0.19632625994192243,18,236
d5945fe4cfe87695,0.2222222222222222,0.3651009277562899,18,195
d59777908deba0b9,0.6111111111111112,0.45112834597934115,18,321
d5a63c31bf901246,0.2222222222222222,-0.11767437035796884,18,239
d5d33eed6bebdb0c,0.8888888888888888,0.5385471649736705,18,259
d5daf803faddc36a,1.0,,18,217
d5e4b812e9f9b76e,0.1111111111111111,-0.13848610697880992,18,371
d5ecd80269ff5e21,0.8888888888888888,0.18909624082153328,18,288
d5fa9e7a7254952b,0.8333333333333334,0.15603515665555157,18,231
d60d5a75586572a5,0.6666666666666666,0.32677901234252227,18,764
d6146043f664615c,0.5555555555555556,0.6450281114132896,18,203
d6188d305762e9c2,1.0,,18,193
d62acf0369d9e415,0.8333333333333334,0.41176571369232745,18,186
d631b58571d51565,0.6111111111111112,0.6846908404092064,18,271
d636ce7f3765a734,0.16666666666666666,-0.3494419752886629,18,464
d6433d9a40490a53,0.6666666666666666,0.6711421452617934,18,937
d64d4c83ca98ce36,0.9444444444444444,0.3592452611155529,18,346
d6615f6a053e1abb,1.0,,18,403
d6651eaf7db3032e,0.9444444444444444,0.1051957318214624,18,402
d69521f6f29aa1d6,0.2777777777777778,0.6339893677181745,18,465
d6aa7f0b3710b0bb,0.8333333333333334,0.6674962707291036,18,268
d6b172c84afb1231,1.0,,18,201
d6b2ac6ed06a64bd,0.3888888888888889,-0.3270968217754547,18,283
d6d680a9095f6fe6,0.6111111111111112,0.7499433333097896,18,269
d6e26b95fbbd4436,0.5555555555555556,0.7341950904065763,18,550
d6f21bbf7ff8f4c8,0.7222222222222222,0.27716289112286685,18,270
d6f93301c76d4a06,0.9444444444444444,0.4286817918987533,18,265
d704355655908c51,0.05555555555555555,-0.2776848916241747,18,380
d7085f2dc08e07a9,0.7777777777777778,0.49387474417153304,18,782
d716be3e995557f4,0.7777777777777778,0.6229184559316336,18,299
d7239478ebe2c0ea,0.5555555555555556,0.5124208093207099,18,206
d725c73a62557738,0.5,0.3779385745954979,18,197
d72c0bb77d4f1dd1,0.16666666666666666,0.3405224547562546,18,387
d77e8fa14facf789,0.8333333333333334,0.6674962707291036,18,259
d7881c6d6107d9d6,0.8333333333333334,0.5350583266213164,18,572
d7ac5045733b032f,0.8888888888888888,0.4321052168123874,18,330
d7af82b080dfa1c2,0.6666666666666666,0.72443006396392,18,246
d7b1a6a44eb8cbf7,0.5,-0.014895374683456504,18,293
d7c9b2034f0a551d,0.6111111111111112,0.26831779047215154,18,200
d7ccec26bdbcce3d,0.9444444444444444,0.4286817918987533,18,369
d7cee5916cbc3a3d,0.7777777777777778,0.10522544757640628,18,342
d7de7ae7bc5784b0,1.0,,18,224
d7f4e43060c010bb,0.6666666666666666,0.1347818379233021,18,356
d7f68880db73f59a,0.7777777777777778,0.4203957365340167,18,566
d7feaf4b43db1b74,0.1111111111111111,-0.353378341945929,18,348
d80571387b4454da,1.0,,18,940
d820a004e967a18d,0.8888888888888888,0.368641715644528,18,213
d820eb7d16bad69e,0.8888888888888888,0.5742955928467053,18,434
d827678e5a341044,0.7222222222222222,0.6931420850756592,18,319
d8281c003150bed1,0.8888888888888888,0.368641715644528,18,415
d82ae7e0bbbebdf3,0.7222222222222222,0.5759013366445199,18,318
d832c5aa8351abc9,0.1111111111111111,-0.3814950829696642,18,556
d85bdb28d6d0b34c,0.8888888888888888,0.5891572988163939,18,282
d870ec1fe448635f,0.5,0.4801864855582079,18,425
d8739c2ace7ca6ee,0.9444444444444444,0.3592452611155529,18,198
d89768b9c1a7d9d8,0.7777777777777778,0.42312842690070135,18,297
d899513f8de08f83,0.9444444444444444,0.3796353534883974,18,237
d89ddbe8c1db0f4c,0.8888888888888888,0.5385471649736705,18,267
d8b284f3bd32b9ec,0.5555555555555556,0.3378974059919696,18,432
d8b2e0cd1fcbe16d,0.8333333333333334,0.6674962707291036,18,191
d8c223fbbf47c912,0.8333333333333334,0.5543651368876689,18,277
d8f95335130836cc,0.9444444444444444,0.1051957318214624,18,374
d90c3bbb66ee36a2,0.9444444444444444,0.4286817918987533,18,409
d945d0eb5755b7cd,0.9444444444444444,0.1051957318214624,18,423
d94b5179b8eeffd5,0.7222222222222222,0.441469036159776,18,373
d956230768db3770,0.8333333333333334,0.5489456813743068,18,183
d95861849be8d0bf,0.8888888888888888,0.10675435639488029,18,365
d9586d6b005357cf,0.9444444444444444,0.3592452611155529,18,528
d967b4b29d165bc0,0.3333333333333333,0.42353630526229674,18,341
d970c3547ea08463,0.7777777777777778,0.5661392227571892,18,489
d9bd810b1e529880,0.7777777777777778,0.7962924780846157,18,239
d9f8411aed71b450,0.0,,18,377
da0fe145e64fe3c4,0.9444444444444444,0.4286817918987533,18,558
da490ab83f28419a,0.0,,18,506
da5d1cfc1855768c,0.7777777777777778,0.3642237678855025,18,228
da5d21b6f6de17f8,0.3888888888888889,0.17161865967900308,18,227
da6631eaec74456b,0.8333333333333334,0.5350583266213164,18,265
da67ade7e1e5477a,0.2222222222222222,-0.550653977345977,18,375
da8b5589d95a9798,0.5555555555555556,0.2535571295652714,18,323
daa05533e16bbed7,0.7222222222222222,0.7929094527310037,18,828
daa9573eb20863da,0.8333333333333334,-0.09359851292869201,18,248
daaa348fd8af75ac,0.9444444444444444,0.11401306906377343,18,282
daf2bc32877bceb6,0.7777777777777778,0.43375555610447425,18,311
daf74f6edec12f33,0.6666666666666666,0.5420729150385516,18,650
dafd44d9c79c85de,0.5555555555555556,0.45602460038478504,18,227
db040ab5c64edb70,0.05555555555555555,-0.4286817918987533,18,165
db1b2a99aa73d947,0.5555555555555556,0.7479130871747741,18,257
db26dd0ea6b59462,0.7222222222222222,0.31464611117416863,18,210
db280d1d2f32db82,0.8888888888888888,0.15977449661106652,18,467
db2b94be34a3f6b2,0.0,,18,314
db378ebcc74a5b41,0.05555555555555555,-0.3592452611155529,18,482
db3f83c6363ee4dd,0.7777777777777778,0.5825353649572963,18,372
db43893ae63e84d8,0.2222222222222222,0.5487984468500804,18,367
db5d28bab56a36ae,0.6666666666666666,0.3846191653056347,18,457
db628fd71b50c4d7,1.0,,18,398
db6d94fb653cb54b,0.8888888888888888,0.35337834194592893,18,422
db6feb1d4ccbcd04,0.8333333333333334,0.5851882901199161,18,296
db7079a4d38a1c05,0.7777777777777778,-0.10640623971015876,18,178
db8011d480fc2b66,0.8888888888888888,0.4791003410949162,18,189
db9641cc0ca3df08,0.7222222222222222,0.22784286473957516,18,280
db967ffae9d37f88,0.3888888888888889,0.7588910957842525,18,368
dbbbf0ab846f017f,0.4444444444444444,0.13638963041961383,18,675
dbc17432b5e5217c,0.6111111111111112,0.028281834445005927,18,575
dbece1a7537684fe,0.0,,18,265
dc0ee4c6ad1c8659,0.8333333333333334,0.6248180585613768,18,248
dc11bdabd1a6be26,0.6111111111111112,0.6999682097787875,18,220
dc1425babf1f215a,0.3333333333333333,-0.09086616622908704,18,457
dc2a5dfd690cca51,0.0,,18,275
dc2c5175649ba51d,0.3888888888888889,0.5087565396653498,18,445
dc43616b2a0a4f5c,0.9444444444444444,0.4286817918987533,18,215
dc4aab6f6e25fd9d,0.9444444444444444,0.3592452611155529,18,240
dc682fdcec17da19,1.0,,18,426
dc7239cbced07b81,0.8333333333333334,0.18211628631360674,18,274
dc7c29a888157fac,0.6111111111111112,0.6463679477533083,18,304
dc9bd6dbc5a7c684,0.6111111111111112,0.7735067335238891,18,498
dca22f09f95d8c74,0.9444444444444444,0.3592452611155529,18,468
dca707d2906f5a72,1.0,,18,446
dcdc297346d0c5e2,0.7222222222222222,0.8230651260053592,18,390
dcddbc5b24a587e4,0.7777777777777778,0.6775722632653233,18,347
dcdf27ec1b76a5ff,1.0,,18,336
dd1bb20abba3e0ea,0.1111111111111111,-0.047307532516125926,18,198
dd394a338a107c0e,1.0,,18,263
dd5820220a402a2a,0.05555555555555555,0.26623459951089556,18,195
dd6d28e2c72c9d5b,0.6111111111111112,0.4363688535375424,18,270
dd6d47c117b1c196,1.0,,18,597
dd9f2b4b6ca6569e,1.0,,18,575
dda412388b9a8351,0.8888888888888888,0.4321052168123874,18,301
ddaf02c15d84f76d,0.8333333333333334,0.5550425688268392,18,328
ddb14ca05e024bb9,1.0,,18,219
ddb1bb45198bc49f,0.7222222222222222,0.7785361878993015,18,556
dde02f9c8fcb4dfa,0.8333333333333334,0.4686699965826301,18,545
ddea47ccf23b9ffb,0.9444444444444444,0.11401306906377343,18,478
ddf439d7a521af70,0.0,,18,215
de0a5c37e8b73ecc,0.9444444444444444,0.11401306906377343,18,254
de22977fc2762671,0.7222222222222222,0.07283706753494389,18,222
de23d6c38d844b45,0.3333333333333333,-0.007854835587583117,18,271
de31c5ff595ae220,0.8888888888888888,0.4321052168123874,18,186
de35ff61f3e0e1fb,0.7777777777777778,0.7337442319138374,18,257
de6e1c66198800a4,0.3888888888888889,0.44583449293978744,18,230
de72a7d6c7879768,0.9444444444444444,-0.0535163385401386,18,226
deadbd0535725157,0.8333333333333334,0.5187999600812299,18,777
deba2074b5b64995,0.3888888888888889,0.33267838421933155,18,533
decacd200a862eaf,0.5,0.8020780571074795,18,259
decd2a8304f259e3,1.0,,18,536
dedbe606814e2595,0.6666666666666666,0.0841717040805787,18,224
df0659a683dcb49d,0.7222222222222222,0.6269123353609531,18,208
df2c5dcaa2947869,0.8333333333333334,0.4740894520959921,18,463
df4c39af22eeecf1,0.5,0.37516147084095525,18,222
df54cca5985b1bad,1.0,,18,421
df7c2a87706d0381,0.9444444444444444,0.3796353534883974,18,189
df7e22989c55146b,0.7777777777777778,0.15805746133230617,18,207
df7ed3215dc0c8e4,0.8888888888888888,0.3814950829696641,18,323
df8c4bd324fca9a4,0.6666666666666666,0.819491426472739,18,317
dfbab386053bee83,0.6111111111111112,0.18338597431583661,18,563
dfd9f07efb1522ce,0.9444444444444444,0.2776848916241747,18,183
dfee30b8057d970b,0.3888888888888889,0.544231109218445,18,214
dfee3ea589893efb,0.7222222222222222,-0.013402521455269076,18,162
e002c47d7e12a411,0.4444444444444444,0.7755466650267611,18,494
e00848132113f046,0.2777777777777778,-0.5243266804837061,18,438
e0255408e0cf3755,0.0,,18,330
e026434f3fa9a53f,0.16666666666666666,-0.3189575380260011,18,605
e03b7bc4b1c7b1b3,0.0,,18,189
e04635a9d6de4e60,1.0,,18,576
e051f9da77bee99c,0.8333333333333334,0.5543651368876689,18,284
e0618436fe394f7c,1.0,,18,309
e06faa7c0dc413bf,0.8333333333333334,0.30066687566840367,18,249
e077600d3d651713,0.5,0.7649658523876813,18,305
e07c7d8e70b5dbe1,0.7222222222222222,0.5801287674773734,18,381
e085b354cb805859,0.6666666666666666,0.8331481292556961,18,354
e08621a6b2ed1034,0.0,,18,337
e0908e013da3c593,0.9444444444444444,0.3592452611155529,18,182
e0ab6e64ded0a021,0.7777777777777778,0.7012555797765885,18,306
e0bab13727636f3d,1.0,,18,189
e0bd7a01bfd8181c,0.3888888888888889,0.20502172152096834,18,221
e0d1aaee8eed944e,0.5555555555555556,0.6071766018121508,18,236
e0d9a14697d0d14e,0.3333333333333333,-0.432551514288955,18,503
e1175ec001413be0,0.8888888888888888,0.4321052168123874,18,276
e148780f3dad75e5,0.8333333333333334,0.6674962707291036,18,412
e1560a26442b8cfc,0.8888888888888888,0.5148487689679511,18,198
e169fc7763f2c971,0.8333333333333334,0.3711197973421116,18,237
e17c0070461cc74c,0.1111111111111111,-0.08265429266025019,18,450
e18835d7ff7dc61b,1.0,,18,347
e1ab5630551e943f,0.8333333333333334,0.7176262342277034,18,316
e1b23cdbcbaf00fd,0.6111111111111112,0.4964425771603017,18,252
e2002e03ff7b2681,0.9444444444444444,0.4286817918987533,18,214
e207997659eee586,0.9444444444444444,0.11401306906377343,18,270
e209ffe3dec957d4,0.8888888888888888,0.35980502560849686,18,376
e21334d6b8616edb,0.3888888888888889,-0.33564179108386444,18,205
e236fd61ac5a8577,0.8888888888888888,0.4642386351252276,18,543
e23937f586e0f40f,0.3333333333333333,0.357395019235034,18,408
e2427ba329490906,0.05555555555555555,-0.1641616746294184,18,276
e25f1d194b6b5fcd,0.1111111111111111,0.07198778297029355,18,213
e269ddefac05ed07,0.8333333333333334,0.4686699965826301,18,332
e2a0344024a344eb,0.9444444444444444,0.4286817918987533,18,163
e2ac4c1642cefa7c,0.2222222222222222,0.5566928856871688,18,177
e2d4f17daec2e5d8,0.6111111111111112,0.7325944562290789,18,245
e2d742479376ed85,0.3333333333333333,0.3656961522991843,18,637
e2dd696b523894b9,1.0,,18,214
e2dff035b33c5e68,0.7777777777777778,0.5500467128200475,18,331
e2e75541203cd422,0.3888888888888889,-0.28929180604733884,18,225
e2ea6039bd20fc68,0.7777777777777778,0.1978332877807137,18,303
e2f18000bd37599b,0.5555555555555556,0.3533936616004896,18,523
e2f8a5f77f1a4373,0.7777777777777778,0.4868912021233393,18,430
e316b4de8c2d9ddf,1.0,,18,416
e323a28dc64aa9d1,0.7222222222222222,0.6931420850756592,18,230
e3448d1fe19653e2,0.8333333333333334,0.41921746502320056,18,293
e349c25676c3f47f,0.8888888888888888,0.35980502560849686,18,300
e34cc30d5d627cb3,0.16666666666666666,-0.524219415594592,18,177
e36b3c4e5c9570c4,0.7777777777777778,0.5306142479902911,18,400
e38261dbb31a7f0b,0.1111111111111111,-0.5891572988163938,18,1280
e3a4e34c60649315,0.9444444444444444,0.2776848916241747,18,388
e3a567ec6f98c30d,0.2777777777777778,0.5564864691158589,18,288
e3a56ddb2f4438d3,0.5555555555555556,-0.033250617680940606,18,308
e3ae0de29871a0cb,0.8888888888888888,0.10675435639488029,18,271
e3b52b77320fbdc1,0.9444444444444444,0.3796353534883974,18,359
e3e616775b729b36,0.8888888888888888,0.5742955928467053,18,419
e3eae8dd7a18f26d,0.7222222222222222,0.7929094527310037,18,586
e4168c42e158ce1e,0.8333333333333334,0.17297095513480837,18,254
e41a18e072effe8f,1.0,,18,775
e4420852c918201f,0.7777777777777778,0.5670501195460841,18,391
e4689173b86c548f,0.1111111111111111,-0.4321052168123875,18,496
e4695c98aaa3ad92,0.5555555555555556,0.3190986696799948,18,195
e48e935c3229019c,0.9444444444444444,0.1051957318214624,18,588
e4a756189f7b9ba1,0.6666666666666666,0.07212167221326361,18,274
e4c13f0a71cf0850,0.6111111111111112,0.6821014557702944,18,360
e4c8382894d169c0,0.7777777777777778,0.3080517992369879,18,250
e4cb19518d196329,0.6666666666666666,0.6644476831132851,18,301
e4ced2c200cdc362,0.4444444444444444,0.7221988998171026,18,284
e51415d78dc32466,0.8888888888888888,0.4791003410949162,18,459
e54afa0232779a03,0.9444444444444444,0.2776848916241747,18,500
e558b47ad11336f9,1.0,,18,634
e5757aa78cfb3715,0.2777777777777778,0.49025671940115284,18,235
e57f254aa4c178e5,0.1111111111111111,-0.258986425651961,18,289
e57f60c0852f40dc,0.9444444444444444,0.11401306906377343,18,287
e58cb751815a93ba,0.8333333333333334,0.5316711669254649,18,204
e59135aa3b963780,0.6666666666666666,0.5222573070789669,18,392
e595f3f42543f971,0.7222222222222222,0.7785361878993015,18,226
e5c5d47d08647548,0.16666666666666666,-0.22343963460299335,18,228
e5f67b6596b24c68,0.9444444444444444,0.3796353534883974,18,388
e5f9d1dd1444ccb8,0.6666666666666666,0.5243995349664897,18,441
e61fe9ffdcf657d7,0.5555555555555556,0.4887953704421466,18,585
e623e80a4d670563,0.8333333333333334,0.6248180585613768,18,215
e624e91b596885ad,1.0,,18,191
e633600f5860c6f4,0.9444444444444444,0.11401306906377343,18,152
e64d0a8ef67cee4f,0.0,,18,205
e64de25c81ce47e0,0.1111111111111111,0.25554993508239315,18,435
e65cde927d5da7d7,0.16666666666666666,0.5230903623626415,18,230
e65ef3b8d11964d5,1.0,,18,236
e65fcd95359d02e5,0.4444444444444444,0.7021299786191835,18,209
e6612f5d94f64a52,1.0,,18,452
e67cea3a5c0abbf3,0.1111111111111111,-0.32204825909090984,18,243
e6ae0921a15e0dc4,0.8888888888888888,0.5742955928467053,18,569
e6bfc10831bfb374,0.6111111111111112,0.081882096470485,18,288
e6ceeb0c483e8f81,1.0,,18,386
e6da3caa813ee7a5,0.2777777777777778,-0.5172809624289502,18,322
e6dd613f2fafea0d,0.16666666666666666,0.49802538061334173,18,353
e6f4b1739ac3222a,0.5555555555555556,0.6470604072308005,18,215
e70169aef718b457,1.0,,18,252
e72177debe2c40d4,0.2222222222222222,0.4634777809569313,18,417
e732bb29446e2573,0.8888888888888888,0.4791003410949162,18,431
e73700444af2823b,0.05555555555555555,-0.3592452611155529,18,196
e748ec80c903b8d9,0.7222222222222222,0.8230651260053592,18,393
e7522f14eb660620,1.0,,18,455
e75235e1cbe6d99a,1.0,,18,236
e75a4bc63798c3a7,0.8333333333333334,0.27966648555412554,18,280
e766290723f51c92,1.0,,18,427
e76b7fbd75c09238,0.8333333333333334,0.2884731007633389,18,430
e76f044430419f66,0.0,,18,675
e77682dd48f8571e,0.1111111111111111,-0.2441247196822723,18,210
e77ae3ddec4119fc,0.6666666666666666,0.3744435828399021,18,322
e78edaf1924125e5,0.3888888888888889,0.4157976311284079,18,342
e791c218c3b7ffd5,0.0,,18,390
e7b2468ed09f4604,0.8888888888888888,0.5742955928467053,18,236
e7c8272afd57da63,1.0,,18,246
e7def3854462cbd7,0.9444444444444444,0.4286817918987533,18,334
e80a4436edaa981f,0.8888888888888888,0.5148487689679511,18,403
e80a64b14c9c1429,0.9444444444444444,0.0770904693615955,18,258
e8230c2098d2e428,0.8333333333333334,0.5851882901199161,18,283
e82c0f6a6361bd71,1.0,,18,201
e8333e5e883e1224,0.8888888888888888,0.4791003410949162,18,197
e84819edf807e589,0.6666666666666666,0.7951235842521686,18,240
e85c2d37b9d0ce93,0.6111111111111112,0.8418664879911669,18,371
e8664981da9c2642,0.8333333333333334,0.39178147148680464,18,353
e867716f96bb14e9,0.9444444444444444,0.4286817918987533,18,243
e86a9e6e8c08b407,0.6111111111111112,0.6520645939589148,18,272
e87df2662060ff7b,0.5555555555555556,0.24746024211273904,18,203
e894d33a2bcd6bf4,0.7222222222222222,0.41497713627389354,18,266
e8b82d9d122898a2,1.0,,18,587
e8cc98660e2baf4d,0.2222222222222222,0.4413126257604905,18,255
e8e9ee4239a0e040,0.4444444444444444,0.5936561893595446,18,306
e8fad76c2036c0c1,0.8888888888888888,0.5385471649736705,18,242
e9051d2375168d92,0.7222222222222222,0.6043660375857342,18,244
e90ed0ebad7a5563,1.0,,18,275
e91cd53124aa0faf,1.0,,18,294
e9289d19bb7b5027,1.0,,18,252
e93fe917907d1ca1,0.9444444444444444,0.3796353534883974,18,427
e951f7678c2fcb23,0.3888888888888889,0.7327383109312408,18,505
e95cb6d75be6cf63,0.8333333333333334,0.7176262342277034,18,204
e9638a434b2c7fb1,0.3333333333333333,-0.4941405660552318,18,392
e96f93afe6a95703,0.8333333333333334,0.43920170722872354,18,387
e97570b600199b19,0.7222222222222222,0.7974187122860475,18,522
e97d818839b51680,0.2777777777777778,-0.4941710072093506,18,339
e98346bfdb1c0b43,1.0,,18,201
e9de3a9297711566,1.0,,18,280
e9ed03e5df24bf57,0.8888888888888888,0.4791003410949162,18,338
ea12a509e8ae607e,0.9444444444444444,0.4286817918987533,18,189
ea18c478c963c78e,1.0,,18,414
ea37fd063a66b48d,0.5555555555555556,0.22891554277795292,18,170
ea3958ed8667bd57,1.0,,18,466
ea41d87a9bbf1c12,0.7777777777777778,0.7337442319138374,18,220
ea5ef94c09bd0c35,0.8888888888888888,0.4791003410949162,18,650
ea775c4743138256,1.0,,18,361
ea9068000ed9f65a,0.3888888888888889,0.8267329733237477,18,280
ea9905cab1f2833e,0.5555555555555556,0.6473144442079896,18,597
eac0c99401f50f34,0.8333333333333334,0.30134430760757414,18,503
eac83fd5c29c1344,0.0,,18,528
ead06adf0d59da14,0.8888888888888888,0.5385471649736705,18,289
ead886f24ff6d18e,0.8888888888888888,0.4321052168123874,18,308
eae41099dbaf3730,0.0,,18,528
eb1eb7ac32808d6c,0.05555555555555555,-0.2776848916241747,18,434
eb25f397151d3af0,1.0,,18,276
eb2b8b6076070b0b,0.0,,18,699
eb37e193fa48a701,0.7222222222222222,0.6683411575229182,18,285
eb407f783118b4d2,0.8888888888888888,-0.0719877829702935,18,180
eb41c4b261747e9b,0.6111111111111112,0.4138412071790078,18,157
eb51cb4c4b368af1,0.3333333333333333,0.058018671953739255,18,343
eb557654ee2b95fa,0.9444444444444444,0.3592452611155529,18,285
eb587bffa62cc326,0.5,0.8020780571074795,18,244
eb5f2d954e62874c,0.7777777777777778,0.33294964480011324,18,363
eb7d3c84ec09a699,0.6111111111111112,0.17950189735746866,18,222
eb80bf8d84083363,0.5,0.34688550534015633,18,216
ebaac64490195f2c,0.5555555555555556,-0.0507791691069712,18,281
ebb6aa9a05daf9ad,0.5555555555555556,-0.11911511597077216,18,556
ebb92181d96f38fc,0.9444444444444444,-0.21277949247938407,18,591
ebce403bd41c92ac,0.7777777777777778,0.37788721971892486,18,259
ebe1c5f0fdf986c9,0.6111111111111112,0.6789941942036,18,588
ec4f918016c7d9a8,0.9444444444444444,0.3796353534883974,18,218
ec52e028aa2342fc,1.0,,18,378
ec5c9a01f752ec1f,0.8888888888888888,0.368641715644528,18,373
ec73f3e5435e0931,1.0,,18,225
ec7c87514a568bf8,0.7777777777777778,0.31230265091849707,18,402
ec7ec9b80870219f,1.0,,18,303
ec9c6fdab4741a95,0.4444444444444444,0.4544439258600545,18,384
eca9c7426a1fd43e,0.16666666666666666,0.35542595741800037,18,170
ecaaaf0da35dd82a,0.2777777777777778,0.5099847299544698,18,234
ecb899b6763303fa,1.0,,18,333
ece016064777103d,0.6666666666666666,0.535110674404103,18,371
ecff65672484ff2c,0.7777777777777778,0.6408327594465653,18,521
ed0491e23307849b,1.0,,18,248
ed10b29d04ee0f6d,0.9444444444444444,0.4286817918987533,18,189
ed2a8cb9682dfabc,0.9444444444444444,0.4286817918987533,18,351
ed2f65433afaa7ec,0.2222222222222222,0.3128761785263198,18,472
ed360ebd744c1f79,0.05555555555555555,0.29709527985898465,18,346
ed6082fabedda283,0.9444444444444444,0.3796353534883974,18,360
ed7a7530373e1e61,0.7777777777777778,0.5873934811647352,18,564
ed7af1a5112854b3,1.0,,18,308
ed80b6bfe3a0db12,0.8333333333333334,0.5489456813743068,18,226
ed9e0f05ee6e502d,0.1111111111111111,-0.4642386351252278,18,429
edb2a1fc50855084,0.7777777777777778,0.2913520247739161,18,366
edb8a727e7b039f7,0.2777777777777778,0.5291490830634058,18,237
edd579a35c65359d,0.7777777777777778,0.27829583746642356,18,326
edd84c133bb3c134,1.0,,18,468
ede447aedd84c01a,0.8333333333333334,0.5489456813743068,18,351
ede9050a01831981,0.5555555555555556,-0.16992251140854223,18,330
edeb1b62ba782d72,0.2222222222222222,-0.16534463564346483,18,234
edebfc17582b2f79,1.0,,18,620
edf5aab34be82688,0.6111111111111112,0.6966020097482016,18,434
edfa099d9e3e81ea,0.2222222222222222,0.4300782320307877,18,465
edfd3eca060e9c6e,0.2777777777777778,0.2943857574789371,18,296
edfe1ce42fb08601,0.5555555555555556,0.6117492674015502,18,414
edfe8bd2acb24477,0.2222222222222222,0.5897888023503476,18,912
ee047f1e07f0eb7f,0.6111111111111112,0.644814316969961,18,305
ee0c2f96e0fa0d10,0.8333333333333334,0.7176262342277034,18,719
ee2d728e3b82d4af,1.0,,18,631
ee2ea830c5a0a22d,0.8888888888888888,0.5148487689679511,18,488
ee373864f1a3a7f6,0.05555555555555555,-0.2776848916241747,18,638
ee39d024e18a6ca0,0.6111111111111112,0.48349565396574146,18,400
ee5526dc74962b89,0.3333333333333333,0.562781117951271,18,415
ee615259f143a8ec,0.3888888888888889,0.31973146102477146,18,221
ee62b88768260bc4,0.9444444444444444,0.3592452611155529,18,232
ee6812e1996916a5,0.1111111111111111,-0.06016089984126209,18,375
ee742ecf1e12073d,0.2222222222222222,0.06845220683954104,18,398
ee98af257ac15798,0.7777777777777778,0.18811705536583542,18,215
eea9d3a21e22ba52,0.8888888888888888,0.0677925866905615,18,232
eede8e83114a85af,0.7222222222222222,0.7204794711281124,18,238
eee56170d0b53f17,0.8888888888888888,0.4791003410949162,18,273
ef12a9112f60f416,0.2222222222222222,0.07118489720622544,18,298
ef1d9036c3a4f93b,0.3333333333333333,0.42835631800922286,18,250
ef2a69dae4f1aef3,0.8888888888888888,0.4791003410949162,18,838
ef533c17c2ef6c49,1.0,,18,270
ef5e43c8e4ab51d3,0.8888888888888888,0.4791003410949162,18,193
ef67abcaf7771883,1.0,,18,529
ef718e9129b6e39a,0.1111111111111111,-0.07703094445550308,18,372
ef931320c8ba1bef,0.8888888888888888,0.3220482590909099,18,628
efadcbc4752f222e,1.0,,18,439
efb5280096a890b2,0.16666666666666666,0.04787185703469883,18,498
efb77ffc73c06cda,0.16666666666666666,0.41741097985207987,18,371
efc3ff8acecfa98e,0.6666666666666666,-0.07676316596956287,18,203
efc5f25e965517bd,0.8888888888888888,0.4791003410949162,18,355
efe8c0e2a92daa19,0.7222222222222222,0.3484655578369973,18,344
efef512daff59bdb,0.3333333333333333,0.27518702405135115,18,292
f00045eade3cff09,0.1111111111111111,-0.10193434364795437,18,529
f02c8bb834491274,0.3333333333333333,0.4537952741735547,18,605
f03061ead61f159b,0.05555555555555555,-0.2776848916241747,18,419
f036734289eb9f14,0.5555555555555556,0.5660226115075572,18,318
f0425277d2b37a45,1.0,,18,225
f0559e5877870329,1.0,,18,356
f057ebc8093d78f6,0.0,,18,502
f05a296bd7592803,0.9444444444444444,0.16416167462941847,18,455
f060e870f0a0d7b4,0.3333333333333333,-0.09729284989165508,18,335
f061ae2d3e6363c5,0.6666666666666666,0.6722132592055546,18,184
f072a6077060665a,0.8888888888888888,0.368641715644528,18,589
f074ddc4b36c818c,0.3333333333333333,-0.015888190165793247,18,702
f0757c531e144886,1.0,,18,280
f0895965e3070808,0.9444444444444444,0.4286817918987533,18,524
f09657ee1b706cf4,0.8333333333333334,0.5550425688268392,18,236
f0b070105699942c,0.5555555555555556,-0.10615923013414073,18,452
f0b28685927d7fac,1.0,,18,889
f0d214cfa9b3140d,0.9444444444444444,0.3796353534883974,18,281
f0d3675b107027e2,0.8888888888888888,0.34494331963880825,18,292
f0de97d7c54e426b,0.8333333333333334,0.5489456813743068,18,286
f0df3d2547ece69b,1.0,,18,185
f0e1435b8b896bd3,0.6111111111111112,0.6852087173369887,18,1293
f0e7febf92d405d1,0.7777777777777778,0.6229184559316336,18,317
f0e84d0a79777347,0.8333333333333334,0.7176262342277034,18,382
f0f8ef334c69f176,0.5555555555555556,0.19030192224524764,18,207
f109036a313334e2,1.0,,18,223
f1151595b6f6e893,0.3333333333333333,0.4492430399125688,18,203
f119b12738c87afc,1.0,,18,279
f15bef5232d40385,0.5555555555555556,0.6417256307098347,18,262
f15f93d0b081df45,1.0,,18,513
f164b669f8c03bb8,0.4444444444444444,0.7585261875551083,18,411
f16a0d4534dc5b51,0.7777777777777778,0.5394195836162741,18,174
f199efe20f24d4b1,0.8333333333333334,0.5543651368876689,18,432
f1a1a065865b9cf1,0.0,,18,218
f1aed67e4f4f4a98,0.6111111111111112,0.5570341777108432,18,589
f1b10cf68eb7890d,0.2777777777777778,-0.11257491736376751,18,355
f1befe5e5c13c481,0.9444444444444444,0.11401306906377343,18,247
f1c696f6c40cb6fb,0.6666666666666666,0.044272709675468716,18,282
f1c8f974564a21b2,0.8333333333333334,0.7176262342277034,18,266
f1d931bec01465b6,0.2222222222222222,-0.06089513718352461,18,319
f1dfad8c2926341f,0.8888888888888888,0.5742955928467053,18,435
f20a634c1a544cae,0.8888888888888888,0.34494331963880825,18,221
f21fa37fd8f2b849,0.3888888888888889,0.2213348447461142,18,354
f23775dc7d7416ed,0.7777777777777778,0.4738350148158467,18,231
f23f4e79fd768541,0.9444444444444444,0.3592452611155529,18,191
f240cf0887b34e6d,1.0,,18,210
f243566574f82759,0.8888888888888888,0.5891572988163939,18,179
f25e0406aa420f05,0.05555555555555555,-0.4286817918987533,18,592
f2a6d086603a4226,0.8888888888888888,0.4791003410949162,18,437
f2b1611bffaf6b54,0.7777777777777778,0.6229184559316336,18,242
f2d8288e57ba68e4,0.8333333333333334,0.5543651368876689,18,193
f2e108cfa567566a,0.7222222222222222,0.37693025877821124,18,311
f2e5c5f5a10395f2,0.5555555555555556,0.15956344800539685,18,160
f2e657b4c473d746,0.7222222222222222,0.7785361878993015,18,513
f2eb0b1cc025be95,0.2222222222222222,-0.20542409435483733,18,249
f2f3c4773e286510,0.8888888888888888,0.4791003410949162,18,253
f2f6f8a1b474ca8a,1.0,,18,556
f2fd8b8680fc3ccf,0.0,,18,315
f31245b4343474ea,0.9444444444444444,0.16416167462941847,18,229
f328c9a0af86cb06,0.8333333333333334,0.5543651368876689,18,318
f36228519ecd514b,1.0,,18,432
f363b6c37d099fbb,0.7222222222222222,0.4837433444883117,18,240
f3672c793db34d50,0.7222222222222222,0.5432092048704521,18,203
f36d758bda0e856b,0.8333333333333334,0.5977207809945662,18,248
f3a1f0613db8b335,1.0,,18,174
f3a909bbe033e27a,0.6666666666666666,0.4405848688671646,18,234
f3bd18584e892802,0.0,,18,249
f3d467c6c7a5f835,1.0,,18,391
f3edcd750167cc6a,0.05555555555555555,0.33126246167294054,18,418
f3eed5baa2f95157,1.0,,18,232
f3f1bb2932b3a715,0.7777777777777778,0.7061136959840275,18,278
f408248ba014273c,0.2222222222222222,0.5897888023503476,18,367
f40ef10124473436,0.4444444444444444,0.12851448412675948,18,771
f416c1aabfd90733,0.2222222222222222,0.10367354934347432,18,227
f42048d17d429c8a,0.6666666666666666,0.8087802870351256,18,261
f4414691139b9577,0.7222222222222222,0.3696027120012653,18,247
f46b172ede03966c,0.0,,18,324
f49f7bd703e1b979,0.8333333333333334,0.5614781722489567,18,356
f4ab6be31a0deddc,0.5,0.6723115725770282,18,767
f4af02182f491544,0.05555555555555555,0.2127794924793841,18,371
f4b2d2769b36f725,0.7222222222222222,0.678768820243957,18,259
f4bcd15b2deb94a3,0.5555555555555556,0.7712844890761483,18,615
f4c4ddb87c11a98e,0.16666666666666666,-0.5614781722489567,18,251
f4dd88842733ff42,0.2222222222222222,-0.4270756463192455,18,306
f4e767adb9e7ca9f,0.9444444444444444,0.4286817918987533,18,181
f4f6e3578b322966,0.3333333333333333,0.4650419705830488,18,320
f52a080b57deb65d,0.6111111111111112,0.6326442091670746,18,353
f53cfc5a3f2e498a,0.7777777777777778,0.6138094880426852,18,382
f540c4f70418abe8,0.8333333333333334,0.4121044296619128,18,217
f54f4f61432f4113,0.16666666666666666,0.018064851711207062,18,347
f5a2dcb3e3ea3064,1.0,,18,236
f5cc3c5f42e2aeee,0.8888888888888888,0.35980502560849686,18,351
f5d782a843f4cce6,0.6111111111111112,0.4195378533846142,18,243
f5e309b2a1a0819e,0.4444444444444444,0.1915156544695943,18,209
f5f1171b49a33375,0.8333333333333334,0.7176262342277034,18,160
f5f9454f011625d8,0.3333333333333333,0.5408232821041636,18,595
f60a9fd67a5e7bf5,0.3333333333333333,0.34427387342395743,18,159
f62a58122798c3b6,0.6111111111111112,0.07877483490379059,18,407
f67844111c818ad1,0.0,,18,237
f6878200e0803f99,0.7777777777777778,0.39063977476345235,18,338
f6945a686be287d0,0.9444444444444444,0.16416167462941847,18,286
f6caf7c02d3be651,0.7222222222222222,0.5432092048704521,18,226
f6f2af83fe35374f,0.9444444444444444,0.3796353534883974,18,427
f6f559866dc0dc0e,0.16666666666666666,-0.23360111369054734,18,665
f714697df10d21e9,0.5,0.7119484170736837,18,763
f719487e5c3b341b,1.0,,18,946
f71fd4b272e4d4ff,0.5,0.5634995981944899,18,390
f72cdfe89c47978c,0.6666666666666666,0.6864055189603925,18,287
f74698c9b7cce99e,0.8333333333333334,0.39178147148680464,18,469
f74b7e16997fdab4,0.3333333333333333,0.3140149045126997,18,286
f760f08def3471d3,1.0,,18,289
f7c06839dcd98ea6,0.1111111111111111,0.4085853397972948,18,437
f7c11ab20a793ab7,0.7777777777777778,0.3639201356225373,18,233
f7cb6b40c114f8b2,0.8888888888888888,0.3220482590909099,18,672
f7d0083636bf08ed,0.9444444444444444,0.4286817918987533,18,386
f7f472ad20410530,0.0,,18,375
f8198125c480cd77,0.8888888888888888,0.368641715644528,18,370
f86383dd4e39050e,0.9444444444444444,0.16416167462941847,18,182
f86819b1c08b322d,0.6666666666666666,0.3739080258680213,18,207
f88ddf83f761eb96,0.6111111111111112,0.8418664879911669,18,284
f8bbd0bc9470aa7c,0.9444444444444444,0.11401306906377343,18,311
f8c93f410282ad87,0.2222222222222222,-0.10006369910600225,18,665
f8cd7e4279170e13,0.9444444444444444,0.11401306906377343,18,202
f8d8d403d4314a6e,0.16666666666666666,-0.331490028900651,18,234
f8f5f661a420e295,1.0,,18,175
f8ff909e5aa08dc9,0.5,0.5231053617647774,18,544
f918390a1ab49a34,0.9444444444444444,0.3592452611155529,18,321
f918e2d02be4e88f,0.3888888888888889,0.4626654930927157,18,234
f92f21d6b0e8bfd6,0.6111111111111112,0.06738154249257751,18,653
f931c4cd3aa2f310,1.0,,18,231
f93ae717cc198c58,1.0,,18,426
f95643993a343c9f,0.05555555555555555,-0.4286817918987533,18,392
f961d16ac8265646,0.6111111111111112,0.7533095333403752,18,290
f96e8f978f560cac,0.8333333333333334,0.7176262342277034,18,205
f96fac8efe6644f1,1.0,,18,282
f983141802735a7a,0.3333333333333333,0.33731163278950876,18,211
f98795374dc0e387,1.0,,18,493
f9cd5f69b08e8ff5,0.8333333333333334,0.25798866350067684,18,198
f9d1e5ccf20f187a,0.6666666666666666,0.6960455444542443,18,414
fa102d0e874c391e,0.9444444444444444,0.3796353534883974,18,353
fa22cde1bc64e4cf,0.0,,18,332
fa2c65ae1a1ad976,0.6666666666666666,0.08524281802433999,18,384
fa3aa38d7e5c7643,0.9444444444444444,0.3592452611155529,18,240
fa43d21c5844c8b6,1.0,,18,432
fa45d796c124fec4,0.8888888888888888,0.5385471649736705,18,305
fa54f1716caf3bc0,0.7777777777777778,0.6563180048577772,18,324
fa57e3bbf0bd874c,0.7777777777777778,0.6229184559316336,18,350
fa5a5a54a9e368f7,0.16666666666666666,0.40115261331199337,18,281
fa71bb703857c3d5,0.7777777777777778,0.6611761210652163,18,259
fa7509de41fa76e0,0.8888888888888888,0.39555345348153165,18,554
fa793fd109b95741,0.6666666666666666,0.5238639779946089,18,270
fa7b3270a72e436d,0.6666666666666666,0.3629291079444676,18,210
fa9f1d811345a670,0.3888888888888889,0.4914076625846393,18,435
faaa43a5e1424f63,0.6666666666666666,0.6253520241659959,18,459
fab2034edf72144b,0.6111111111111112,0.8418664879911669,18,257
fac401d22c13792b,1.0,,18,533
fac8a1f219e629d4,0.8888888888888888,0.5742955928467053,18,204
fad7c8d4e4f358f2,0.6666666666666666,0.45531268559388327,18,303
fadf1c2689ae11dd,0.9444444444444444,0.4286817918987533,18,242
fae5c4d1e39f37a5,0.5555555555555556,0.42909668080276686,18,468
fb0417a02fca3172,0.8333333333333334,0.7176262342277034,18,336
fb0960e0b2e87c63,0.8888888888888888,-0.06716777022336747,18,246
fb1d76aa961a57fd,0.16666666666666666,-0.12080869581869765,18,348
fb1d83f16ae2acae,0.3888888888888889,0.6581640333305743,18,285
fb337c74f221a56a,0.7777777777777778,0.4583497694046345,18,189
fb38fe448538aeb6,0.9444444444444444,0.1051957318214624,18,384
fb45d349184feeac,0.9444444444444444,0.3796353534883974,18,239
fb4674a69502c20e,0.7222222222222222,0.6948330574088004,18,450
fb751d61017c2251,0.8333333333333334,0.2261493623596743,18,232
fb85b4feebbf3e50,0.9444444444444444,0.2776848916241747,18,266
fb8a49820981afef,0.8888888888888888,0.33851663597624027,18,236
fb98aeb5a843f67b,0.3333333333333333,-0.279382220331083,18,382
fbbc01c9332b276b,1.0,,18,853
fbbee4a7b3a25801,0.9444444444444444,0.3592452611155529,18,444
fbc06f26c6c71b9c,0.8333333333333334,0.5668976277623188,18,292
fbd797cd58f86695,0.8888888888888888,0.27906981209748594,18,200
fbfa3186072384cb,0.5,0.6139923937316308,18,285
fbfd7e372bb3bdba,0.8333333333333334,0.41176571369232745,18,409
fbfe0de3b351987e,0.6111111111111112,0.26365689812210963,18,217
fc0cf8062a639940,0.5,0.5541584310201191,18,417
fc0dd8d751df0de1,0.2222222222222222,-0.29317381835170564,18,270
fc140a58d8be2094,0.8888888888888888,0.5385471649736705,18,305
fc1cc62425d7070f,0.8333333333333334,0.6248180585613768,18,275
fc3a8e6e63817e45,0.7777777777777778,0.6888066569950261,18,511
fc3af1520f6f5cc0,0.5555555555555556,0.751723641832607,18,476
fc3d3d95f2f15e63,1.0,,18,221
fc425d7aab9260c7,1.0,,18,299
fc5db5925561902c,1.0,,18,224
fc65153b4cfdf3e3,0.9444444444444444,0.2776848916241747,18,354
fc678af452dbd6a9,0.6111111111111112,0.5523732853608014,18,603
fc95b43a5962b95f,1.0,,18,353
fcb3ce917af71973,0.7777777777777778,0.7962924780846157,18,263
fcbc8f692263e6a7,0.7777777777777778,0.6611761210652163,18,511
fcbe8c87b1a6284a,0.7777777777777778,0.03812271746115382,18,384
fcd049a513bf1546,0.5555555555555556,0.7649335646464271,18,285
fcf1f12d4b83faf5,0.7222222222222222,0.39778558422028887,18,370
fcf298f7484da76c,0.2222222222222222,0.31591250115596925,18,521
fcfde44a7598db36,0.7777777777777778,0.307748166974023,18,383
fcff690687c38692,0.4444444444444444,0.7051784223454496,18,350
fcffb3c68abffafb,0.7777777777777778,0.6611761210652163,18,181
fd2561d0a2f27a5f,0.0,,18,605
fd2ab0b9bc1febf4,0.8888888888888888,0.5891572988163939,18,384
fd3d7cd9c304ae9f,0.2777777777777778,0.03594881923048822,18,251
fd60f755040244da,0.6111111111111112,0.5640255162359057,18,318
fd8968a7ddd892df,0.4444444444444444,0.5525021990549505,18,221
fd89f83c171efb99,0.8333333333333334,0.5977207809945662,18,282
fd92d2983a18a346,1.0,,18,587
fd944e0158578f60,0.05555555555555555,0.33126246167294054,18,392
fd9cd1bf285a544b,0.9444444444444444,0.3796353534883974,18,449
fdb074cc2ed37355,0.5,0.23024714764936144,18,223
fdb68686d75754c0,0.2777777777777778,0.3814708326357207,18,286
fdca2370429ae422,0.4444444444444444,0.3906806445856531,18,264
fdd15c54dac3e17b,0.5,0.028780893456170156,18,304
fdf370e886a820fd,0.9444444444444444,0.4286817918987533,18,212
fe00f3f73555feca,0.0,,18,411
fe22e127ef00b635,0.7222222222222222,0.5742103643113784,18,276
fe37c4063ed4ecc8,0.16666666666666666,0.07361427072316908,18,374
fe397debfd6ea039,0.8888888888888888,0.5742955928467053,18,177
fe417a5bc9081228,0.5555555555555556,0.38997498631568395,18,200
fe43e9d443ed4160,0.9444444444444444,0.3796353534883974,18,512
fe4e35e22484c065,0.8333333333333334,0.5442036578001149,18,289
fe542f9ef8e7df4c,0.6666666666666666,0.654272100647552,18,267
fe5599237e32ae41,1.0,,18,234
fe5b289784cca4ea,0.7222222222222222,0.5138990177626672,18,385
fe5bbff550069a59,0.3333333333333333,0.4947653825224258,18,441
fe6ec3b95c3d06c5,0.8888888888888888,0.4791003410949162,18,261
fe7eafd4cef49c64,0.9444444444444444,0.3796353534883974,18,252
fe8a8cc1f018c266,0.2777777777777778,0.1619262580495249,18,291
fe9a9898d87fcb32,0.2777777777777778,-0.039581278316495785,18,438
fea34d8be5f88aca,0.6666666666666666,0.18030418053315908,18,198
fedddc66eaa496f0,0.9444444444444444,-0.21277949247938407,18,229
fede13085f94071e,0.8333333333333334,0.504235173389069,18,193
ff08088b8b33790f,0.3333333333333333,0.15816782569542467,18,367
ff0a89d824a4c8e1,0.6111111111111112,0.5068001157159497,18,224
ff0fd88f929f18de,0.2222222222222222,0.29496187501138826,18,238
ff1bc57789cb9ede,0.2222222222222222,0.45922692927542225,18,455
ff20b31625ea6152,0.8333333333333334,0.524219415594592,18,272
ff37e09c3fcb75e7,0.9444444444444444,0.3592452611155529,18,254
ff4ab1d72f157b7e,0.16666666666666666,0.3804909391673002,18,237
ff595186e1664bea,1.0,,18,460
ff614863e987c6ec,0.8888888888888888,0.12161606236456886,18,234
ff780b9eafc12df5,0.6111111111111112,-0.14106392093984116,18,174
ff7ba97f7b30738b,1.0,,18,561
ff91fa60424a025f,0.0,,18,293
ff941be0087d4756,0.5555555555555556,0.6081927497209063,18,413
ffa06aeaa8eb76a5,0.7777777777777778,0.3329496448001132,18,401
ffc37e02bea57d6e,1.0,,18,226
ffc9626e8c8fe5ef,1.0,,18,686
ffdd6d1dbab88abd,0.7777777777777778,0.7962924780846157,18,146
fff7291622cc769b,0.2222222222222222,0.37663895374895784,18,679
fffa9c6d929ae8cf,0.7222222222222222,0.6931420850756592,18,392
fffcf81094b89975,0.1111111111111111,-0.10193434364795437,18,234
