item_id,item_difficulty,item_discrimination,n_models_observed,content_length
00068f04d48c91e0,0.4152542372881356,0.28788225073480683,118,45
001007f603729493,0.652542372881356,0.09569444050180216,118,162
0073a06f8cea2436,0.8305084745762712,0.09366223708978902,118,42
0084b71c591dad50,0.923728813559322,0.23684310460194696,118,65
00add691c127489b,0.7796610169491526,0.6091220350841644,118,37
00af1a7dd27d4507,0.4279661016949153,0.05587809737431171,118,40
00db42fd40d3e66f,0.614406779661017,0.623355968314679,118,37
00fe1485b0f6591a,0.7796610169491526,0.23847897162893875,118,420
010ed8ee78776e24,0.5296610169491526,0.5373341661934109,118,68
011e03759c4b49d9,0.6779661016949152,0.37598306536283976,118,409
0158a37a0b182fad,0.673728813559322,0.24090176795548024,118,194
01741d46734bbf49,0.9279661016949151,0.599561573348014,118,114
0176d5cbca3fa35a,0.8177966101694916,0.3497577123839925,118,83
01885af0dbb08efb,0.8050847457627118,0.5637613182971042,118,219
0195637019bd68b7,0.5296610169491526,0.48756428514238265,118,52
01ace0657a187b28,0.885593220338983,0.21718939538440687,118,373
01d998e6be4e66fa,0.8771186440677966,0.47423006902482223,118,184
0235b60394b545bf,0.8389830508474576,0.2111200866495718,118,12
02559877283d51c4,0.6186440677966102,0.06407212018595866,118,92
025aec4820d7b945,0.8432203389830508,0.26576724167367827,118,427
0280f1b2a608d6c6,0.3177966101694915,0.28067470646045023,118,180
02bde0bde81fb6b5,0.7033898305084746,0.6182429800000597,118,97
02c0fba2f05dff94,0.7923728813559322,0.3660755818247755,118,494
02f27137ac3b44dd,0.5550847457627118,0.22308728281119022,118,61
03026fa8711cd18f,0.576271186440678,0.39769924770352616,118,217
0303c1af5d429b45,0.8728813559322034,0.3510270722190586,118,252
03215dcef1016abd,0.8559322033898306,0.2587513887871623,118,58
035e19e45b25cda1,0.8305084745762712,0.4646926760465253,118,409
03609e389e9aa00c,0.6779661016949152,0.46039291611420435,118,158
036ce3f9e952d315,0.6313559322033898,0.39048176279538976,118,130
036fa5b471664013,0.885593220338983,0.1529386141604747,118,64
03871d447678e4dc,0.8771186440677966,0.24622160663240983,118,349
03b4569eb1c7a015,0.7245762711864406,0.009820145684007709,118,477
03f16887657eb953,0.6016949152542372,0.38410318228496015,118,455
03f1f2c10b774708,0.7478813559322034,0.5796525373588666,118,210
041351edc6e2be7a,0.8983050847457628,0.45278236935718225,118,296
0441e5299e24e725,0.8813559322033898,0.23722454024405154,118,49
046fc803e7912e53,0.559322033898305,0.431189752020413,118,215
047007145afab5ac,0.7161016949152542,0.42987241874540927,118,522
04af7f816c6015cf,0.9322033898305084,0.35322130366116977,118,122
04b0f5ecc9ffd5cd,0.940677966101695,0.2893191379353867,118,302
04d240845498eb6b,0.5296610169491526,0.527341124297018,118,71
04da9c5edb3e307e,0.9322033898305084,0.402046563288596,118,487
04daa83054531909,0.6949152542372882,0.1426542158536852,118,161
04f65f7db3fe527a,0.7161016949152542,0.5429479068299918,118,111
05308e8d408b8277,0.9110169491525424,0.2664244874859968,118,608
054ec770e7569572,0.3983050847457627,0.47150926251435143,118,71
055ff48949561dec,0.7966101694915254,0.3179903818833408,118,325
05611fce900e5e0c,0.7033898305084746,0.615102268622586,118,38
05878e5f26406b14,0.6822033898305084,0.05836347643345521,118,573
05986ea4bd83e4e1,0.5423728813559322,0.24573155456130757,118,71
05a1d6903a00fe9b,0.5889830508474576,0.4288983252800105,118,163
05c5934bf8bc3293,0.6694915254237288,0.5952944320615912,118,279
05daae50c9410503,0.7415254237288136,0.6715482945837178,118,88
05eb564ced03f9cf,0.5635593220338984,0.5339135108107361,118,121
05f4743f35f5a67c,0.1440677966101695,-0.3700851754867104,118,46
062cf64d75842b45,0.7627118644067796,0.014100608035864508,118,572
066cbd79b8976616,0.4957627118644068,-0.24617025904855735,118,51
06b531d40e3e602b,0.9279661016949152,0.530957012914261,118,363
06b63dcaa1c1d82f,0.5296610169491526,0.6431560674320198,118,195
06b810c0066080ac,0.7372881355932204,0.5444022084191358,118,359
06f2e094b0f00ffb,0.9110169491525424,0.4947809226809125,118,357
07129a88618f308c,0.8516949152542372,0.33764563101873524,118,751
0713a0b30df5333c,0.538135593220339,0.2813146269900265,118,450
071ce535a482f679,0.7415254237288136,0.46560299592198673,118,357
073db2e32d3a17e7,0.867231638418079,0.703990211330676,118,349
0743cdf5e146b204,0.6313559322033898,0.5912121044887949,118,97
07474e40b17a809a,0.8926553672316384,0.49056394360416045,118,73
0771911594c1de64,0.614406779661017,0.6384484541566394,118,74
078f96a4f55359f0,0.4279661016949153,0.32552281144748674,118,181
07979e19c3807f5f,0.8305084745762712,0.38438148719839293,118,425
07a1deaf9dbc0263,0.8432203389830508,0.3225754311916859,118,630
07c3d8bdfef635ea,0.7796610169491526,0.21058794865096403,118,159
07c97cde907fd236,0.8813559322033898,0.2672818941247485,118,642
07e63a18cca1341a,0.538135593220339,0.5585854123015694,118,67
08099b155398907f,0.6864406779661016,0.49219182375676807,118,188
08139d0655ac11b8,0.4957627118644068,0.33417352304467474,118,219
081ce8344619932d,0.9576271186440678,0.1844364110513367,118,33
08347fda9a8796a1,0.6483050847457628,0.6006717831347299,118,51
083b811a5e78fd98,0.9322033898305084,0.37108067716696064,118,299
084bda9c75084396,0.9449152542372882,0.1529383542509682,118,383
08515f9868f3180e,0.9322033898305084,0.11190060265314573,118,29
08516b7c0b1f4c65,0.864406779661017,0.13873049902731943,118,42
0855227f1fca17bc,0.559322033898305,0.46307942693439574,118,301
086038a3564ecc58,0.7033898305084746,0.631097642607587,118,303
08852ed57314d9f3,0.6864406779661016,0.5302219493082587,118,69
088a8c457df07ff3,0.6440677966101694,0.4012122091498233,118,62
089efbed19389992,0.6398305084745762,0.18741053978655534,118,216
08ab16688604c471,0.8728813559322034,0.42486979521354407,118,467
08ca78922fb9ebe6,0.8686440677966102,0.39178329106884363,118,304
08e40f586947affd,0.7076271186440678,0.4335278289564363,118,65
08f071991794df30,0.7754237288135596,0.16018250327157935,118,103
08f56cb39c6b926b,0.3516949152542373,0.4371276218555516,118,44
09123f249dbc117c,0.8432203389830508,0.12280725235061005,118,59
091799f16ac3e9f0,0.809322033898305,0.6362151292185401,118,26
0928161c08228ee0,0.7288135593220338,0.5292257088504696,118,107
093004a297fa6e25,0.5508474576271186,0.5104325872729487,118,107
094f93f5c6f479f0,0.961864406779661,0.2867452972475652,118,503
0990111f70cd188c,0.6694915254237288,0.5365448041821073,118,65
0990a4ad4e5445f9,0.5254237288135594,0.46362209785645797,118,104
09b3c0235c9a5d66,0.635593220338983,0.5619453088604325,118,103
09f5a858ecabb017,0.2245762711864407,0.1190351898772848,118,60
09fd8590e319c016,0.9322033898305084,0.23211028238544082,118,40
0a0fb3c9ef97a803,0.614406779661017,0.6146847787656774,118,56
0a2c9cf97160692f,0.7542372881355932,0.6681475387582844,118,60
0a769a6868e3480f,0.6440677966101694,-0.1998239846441885,118,57
0a8322e3803e1dae,0.8813559322033898,0.09930206275405999,118,43
0a9475528b3212f6,0.7076271186440678,0.3650342804803438,118,74
0a98ab3b0fdbb60a,0.5635593220338984,0.58906878232058,118,282
0a9be28efc60949a,0.6059322033898306,0.20160151694136694,118,194
0ab16f7d30339d78,0.7372881355932204,0.6210404978270365,118,28
0ab1fefaa0a1137f,0.5677966101694916,0.49308030167234573,118,56
0ab7aafe6fbc6cf2,0.9025423728813562,0.42569582412122486,118,48
0ad0e25eb0d28d80,0.9152542372881356,0.40182783454657023,118,602
0ad50917895ceec5,0.7457627118644068,0.4803806675973415,118,812
0ad77f78fd801e6c,0.6313559322033898,0.09913234890938809,118,237
0add9b0cbf3640f4,0.673728813559322,0.538431007943321,118,111
0af022d6cbbbd259,0.902542372881356,0.19952458951538024,118,49
0b174a6ce708c8bb,0.8135593220338984,0.16018770504628208,118,489
0b22e2887319234a,0.7161016949152542,0.6312992399879883,118,22
0b8f4e9aecf445d9,0.8008474576271186,0.39282251512826194,118,71
0ba6774a4192fac4,0.5508474576271186,0.6007633672514578,118,35
0bd5bfd47aa02d6a,0.5,0.004770644827107933,118,40
0bd91eeea4b8f1a7,0.3559322033898305,0.4490506422609726,118,85
0c270f9e8157c62e,0.7838983050847458,0.5033955173484759,118,282
0c27dc4ed3b4e820,0.8686440677966102,0.49454993454520657,118,697
0c38a0fa524e6bf3,0.8601694915254238,0.4660781485017029,118,418
0c3a5083635f7f03,0.4067796610169492,0.513123071235089,118,142
0c4e767817023e63,0.7711864406779662,0.5632771905512599,118,32
0c5403f331975f65,0.8813559322033898,0.41906575842901994,118,838
0c8ab6285aebf399,0.8686440677966102,0.36360667213972775,118,278
0c9ac92db1330879,0.8220338983050848,0.5462189782591692,118,456
0cc092b7dde7397b,0.7372881355932204,0.42227972022647403,118,128
0ce2d665ea30c505,0.847457627118644,0.055709120394680976,118,31
0cf81e338f495578,0.8559322033898306,0.21377706724138426,118,781
0d07bdd443010a29,0.5127118644067796,0.481027145203723,118,143
0d0f8ff6382a21fd,0.6483050847457628,0.5354722484266813,118,133
0d196e7bca229e3e,0.923728813559322,0.3244080722992925,118,893
0d1f18aac3951c97,0.8389830508474576,0.45988312538183546,118,470
0d29df7c5b83dd53,0.9067796610169492,0.2660916315207682,118,909
0d3a52e7ab6dcd11,0.7372881355932204,0.3005381604630454,118,46
0d43c504317c4a4e,0.597457627118644,0.3848766769414033,118,114
0d542ca74a6c22e4,0.8601694915254238,0.3597732106726521,118,401
0d5a21b53ab54344,0.6101694915254238,0.5400415314830684,118,117
0d612e085e82bf1c,0.6949152542372882,0.6730126633372832,118,55
0d66a4827cafe864,0.885593220338983,0.4513843142045927,118,244
0d8ef0ce3bb6a3ed,0.7838983050847458,0.4650892746477411,118,50
0de38ae46fce1db0,0.8813559322033898,0.3213409328436803,118,225
0e2106525403063a,0.9152542372881356,0.3069238793861425,118,176
0e33a564e2138dfb,0.5042372881355932,0.5402135573054058,118,61
0e3f112a0d1b19f6,0.8008474576271186,0.3199621364488395,118,436
0e65a1fff8560fd0,0.7189265536723164,0.23941756462871375,118,30
0e695f6b901103df,0.3516949152542373,0.563628238024902,118,56
0e6b03b0708d00c2,0.7838983050847458,0.20570744176420885,118,38
0e7b1d5c7fe5fa65,0.8728813559322034,0.5199022291181178,118,87
0e948013b5babf9a,0.864406779661017,0.2446608580617214,118,94
0e9f57e03af2f5df,0.5466101694915254,0.5107014040343714,118,70
0eb7c6e83c7610bc,0.5338983050847458,0.45319986235507703,118,144
0ebcdbb209cb9fe4,0.8516949152542372,0.42932218239912956,118,353
0eca14074e7932f2,0.4788135593220339,0.36108102610054377,118,142
0eebae1e9576fc86,0.6694915254237288,0.5702251787382127,118,70
0efde945517ccdba,0.7669491525423728,0.4608132000836641,118,192
0f0ce3ff8d286423,0.7754237288135594,0.19391612817096274,118,32
0f0f763d8c832fd0,0.8008474576271186,0.47545383247990775,118,455
0f11c9598ff4316d,0.8305084745762712,0.3981088054224016,118,251
0f6c22bc34c46079,0.8347457627118644,0.34836694596191387,118,486
0f81159784900cea,0.6652542372881356,-0.17276243205297484,118,72
0fb7b5610d328e7e,0.8432203389830508,0.4229482953233131,118,37
0fbad66d5c14aba5,0.902542372881356,0.3470427521324254,118,33
0fdf9a5fb0a7934b,0.9872881355932204,0.2514143213496055,118,235
0fea0ebb8bdcc27e,0.8983050847457628,0.17401096703481772,118,32
0ff672064df203a1,0.3813559322033898,0.2172716191392885,118,243
1019638bce04023e,0.8728813559322034,0.5049385122726334,118,607
1029dcc85abab523,0.9194915254237288,0.47543867962046266,118,426
102b6a7cd6f094e1,0.7076271186440678,0.3793632556358076,118,471
102bad46967ac01a,0.4322033898305085,0.5115567792171777,118,76
103bbd94330f8b0a,0.4533898305084746,0.5747820335766465,118,28
1044047663136767,0.8983050847457628,0.28607669575477945,118,187
1066078ac264c0ff,0.826271186440678,0.13389691312633273,118,1295
106954232625203e,0.8898305084745762,0.19298617664465698,118,36
107a31f6d39949a4,0.8220338983050848,0.624923624988744,118,42
108906a565123e34,0.7754237288135594,0.2369090623852805,118,227
109bda0f09537431,0.9322033898305084,0.4034250245832861,118,526
1135a3dc7813d0c0,0.8728813559322034,0.12746296468328644,118,50
114a5dd8ed04c4bc,0.847457627118644,0.6101910278419079,118,53
11603f478212b059,0.7372881355932204,0.5623433567455761,118,55
117560c0def9eb18,0.635593220338983,0.37054381608533893,118,265
119585ee34b65c0a,0.5932203389830508,0.48076585021945295,118,100
11a8b954967cc502,0.8432203389830508,0.2928650986142255,118,32
11cdd6daf131fcfe,0.6991525423728814,0.6397982495884871,118,74
11f9e24f8c351ff2,0.9067796610169492,0.30359942562530845,118,509
12144504c2d6a364,0.7542372881355932,0.6259802803599862,118,59
1295c70c5b42fcce,0.7372881355932204,0.35951832619681784,118,191
129d2f64ee61236c,0.8728813559322034,0.3644084695737787,118,281
129da052310cc8e0,0.2796610169491525,-0.05140706801169663,118,35
12b2d0890be8d6e7,0.5805084745762712,0.44892928919171604,118,79
12b401a12bbb980a,0.7584745762711864,0.6387596977172795,118,136
12c1d8e02267c620,0.885593220338983,0.11310790022703093,118,38
12f05fd3ad4387b0,0.8403954802259888,0.6488879091320672,118,1787
130d2d0be309c145,0.6864406779661016,0.32315128504145213,118,118
1318768046a44ac1,0.7711864406779662,0.5810829874043316,118,76
132e1891a6f9babb,0.4915254237288136,0.09476602574497892,118,331
13313168d61da859,0.940677966101695,0.41435428553742004,118,425
13354842536dec75,0.7076271186440678,0.29464931674335376,118,53
134124f67f2d538c,0.6483050847457628,0.15358987570121102,118,190
1376d5a428a51e34,0.923728813559322,0.20696199515469205,118,199
139111e524f883e9,0.8516949152542372,0.2622727940571289,118,92
13939ff83d58703d,0.9364406779661016,0.3377802821569041,118,927
13947535d72cdeb1,0.7161016949152542,0.5090174910191351,118,79
1395de69064fff37,0.6949152542372882,0.46338983658259475,118,62
139bafeee8cb6af1,0.8516949152542372,0.45944623207260216,118,287
13a5282480bc6cf2,0.3771186440677966,0.13921223705690627,118,130
13addbcaeb841015,0.8516949152542372,0.30739883555367165,118,651
13b578a0a0500924,0.3686440677966102,0.5991738013788898,118,80
13c18e4f2117988d,0.7161016949152542,0.5871498073677853,118,86
13c538acabf352fc,0.2457627118644068,0.22577243225788857,118,52
13d50a61db0d6167,0.7372881355932204,0.33910717013442027,118,36
13e4c15b0b8f1070,0.8898305084745762,0.48126007555503714,118,820
142450f7c3c4dcb7,0.9279661016949152,0.3228242716774178,118,196
14293bc5a30917ab,0.3898305084745763,0.15371407327198344,118,66
143e6a977890e8e0,0.9110169491525424,0.4072531736343617,118,40
146d960617a45aaa,0.5635593220338984,0.668259328890984,118,33
146dd21bb3fe368c,0.7542372881355932,0.605836655773563,118,51
146e4892052ee973,0.4703389830508475,0.4403745826031177,118,87
148df6e687a1dbe8,0.9576271186440678,0.2884904256151636,118,264
14b9fc684627a02b,0.9576271186440678,0.3217053504155892,118,499
14c63cc911658b7a,0.7944915254237288,0.4377446356268634,118,176
14c6c9f13194dc0e,0.8940677966101698,0.45663613670124237,118,66
14cf2dcf85476d0e,0.8319209039548019,0.6905193383379516,118,758
14e67d22e32553fd,0.940677966101695,0.28525962419436446,118,303
15049181d5b886ef,0.8559322033898306,0.36909356483088435,118,466
150c1ef0dd438e4a,0.5932203389830508,0.6472483521681088,118,28
1520217728c090d5,0.8983050847457628,0.2700933288450739,118,32
1538f382bb56b8af,0.7796610169491526,0.48009012287101255,118,14
153d319cbc3674b6,0.8446327683615816,0.5676384235045463,118,96
154b643d94ce7c10,0.9322033898305084,0.3158353035611249,118,229
1558e6bdd423268c,0.8728813559322034,0.21775897610684145,118,212
157b6152183f1d91,0.8601694915254238,0.2577227197144879,118,164
15812935fc73e982,0.211864406779661,0.17436980607431515,118,43
15aa0ba02e329d53,0.711864406779661,0.36363944109544677,118,295
15e2e906ab89994c,0.5805084745762712,0.041684835680614346,118,148
15e41f1a7d2742b9,0.9449152542372882,0.3923694857630156,118,355
15e9daff096fba36,0.8940677966101694,0.46038377733061747,118,98
15fd6bf53e4bbed6,0.7203389830508474,0.6244464855558929,118,50
1606afed0c34bb53,0.6864406779661016,0.6792943371174325,118,44
160a292d1e45ea46,0.8940677966101694,0.19047081043430364,118,46
1618862998824ce8,0.4449152542372881,0.28910062339283243,118,275
1626d8d6af2f2df5,0.809322033898305,0.3036951513075888,118,227
165671a105eb8859,0.6949152542372882,0.11400618053454549,118,325
166ea6dfc21417bb,0.826271186440678,0.419702314556403,118,462
169d3ccb2dcab015,0.6313559322033898,0.3266826672431542,118,532
16c7bc645d77a507,0.7288135593220338,0.560725288784356,118,35
16d26ac46e76dc82,0.5720338983050848,-0.019342011845327155,118,44
16d4cf1244c290fb,0.8686440677966102,0.30529632569212767,118,334
16d933311e9eaf62,0.8813559322033898,0.5233153352365022,118,151
172e4a5dc6159439,0.847457627118644,0.3024823022377323,118,247
173d992731b8906d,0.3050847457627119,-0.01979558460860367,118,164
17413375cf9ab91d,0.4491525423728814,0.463801544438759,118,120
175b703526bca81a,0.5466101694915254,0.47453577516037715,118,70
175c73f33cbdc63d,0.461864406779661,0.3868202529944034,118,79
1770a50d9006628d,0.7372881355932204,0.5894440573353388,118,161
1776b6ce1608208b,0.4449152542372881,0.45391707434244727,118,60
17cbb7653168fd62,0.6228813559322034,0.49689883305003213,118,461
17fd77f56399c9ab,0.9533898305084746,0.32578837850099035,118,244
1805bd69d1f9382e,0.8601694915254238,0.3812915301148902,118,267
1810ef6a9e0adb6d,0.5889830508474576,0.18319474999316337,118,251
18207c13568b1bdd,0.9279661016949152,0.19733554900111083,118,444
1827c0a4dc86be3f,0.8516949152542372,0.332904412023065,118,172
1840ce09a9406ead,0.7669491525423728,0.5496036559045193,118,228
184be058523705ff,0.7796610169491526,0.4476610098107289,118,264
1870814805e9ddfc,0.7966101694915254,0.3026348979412751,118,251
1895d04cedfc7263,0.8305084745762712,0.35359207872765464,118,660
18a4c0d3f7354cbf,0.597457627118644,0.6617677349493557,118,29
18b6af812d5f45ab,0.538135593220339,0.6199489404352296,118,36
18b758c0708dec3e,0.3347457627118644,0.40621030586237405,118,120
18e73bb24856dc93,0.6991525423728814,0.1596809384353818,118,174
18e7acad29243260,0.4957627118644068,0.3069534443942778,118,134
18fe00243b51f7b9,0.8347457627118644,0.23914653813973774,118,186
190aef21ac14bc9a,0.2584745762711864,-0.19966247130772813,118,62
191c8e54ad987da4,0.8559322033898306,0.47460228867533477,118,359
194238d7b8907ca5,0.24152542372881355,-0.07315482896759831,118,118
1963018b5cb1f8bf,0.7994350282485878,0.2859463915982148,118,41
19660f6d38f6edbe,0.9152542372881356,0.33467698360402925,118,245
196ff4f6952bd0bb,0.923728813559322,0.2543164770231768,118,229
197d0460ee51a6a4,0.8983050847457628,0.4455011912169337,118,645
1980ba1a9c42ba25,0.902542372881356,0.5293070369702028,118,592
19989f258a2496e9,0.6016949152542372,0.6483585621808501,118,31
19a49ea36fa6ffab,0.7203389830508474,0.6998655764072106,118,183
19d335882c010cbd,0.7161016949152542,0.6337034387263887,118,26
19dc8848e9b059bf,0.8177966101694916,0.2937583711783929,118,889
19fe350b2f919481,0.75,0.07012199936879054,118,309
1a1b158489914ad5,0.885593220338983,0.3781770941398908,118,626
1a2ac41b196dce1a,0.7627118644067796,0.38749881251412505,118,69
1a34b8b27c2f151b,0.9279661016949152,0.47601914752808766,118,395
1a418df92ce8e9cf,0.902542372881356,0.3951566616745184,118,337
1a652f0a68bd06e9,0.538135593220339,0.5228937823874947,118,68
1aae318bae2c0a30,0.902542372881356,0.42800677663528364,118,347
1acb0b1d0850e945,0.7711864406779662,0.6010355272141656,118,149
1acb68e986214d46,0.6949152542372882,0.6717199432269757,118,22
1ad29063d212d4d6,0.8771186440677966,0.30276843460639463,118,38
1afaa454953b7418,0.885593220338983,0.19847493213667458,118,57
1b0e14cc7bbc2472,0.7076271186440678,0.6461388807351789,118,196
1b74cdb8df5ad1dc,0.8432203389830508,0.3322825777754107,118,480
1b92be7a9b260805,0.8177966101694916,0.40349546740089215,118,44
1bb6045b19498815,0.635593220338983,0.14563060975728098,118,319
1c06524bb0e19cdd,0.7711864406779662,0.04737090376032008,118,58
1c430cce0a23714d,0.7754237288135594,0.707283058707222,118,471
1c489b158799740c,0.8728813559322034,0.3379286449499371,118,297
1c83173e22880475,0.8983050847457628,0.33497426805935865,118,220
1cd46e8817b7ded8,0.5296610169491526,0.4943992882677838,118,68
1cdb51680a88976f,0.847457627118644,0.2017989639161099,118,869
1cddbec7e9ed5913,0.6313559322033898,0.02866559762281542,118,833
1ce3acc081455174,0.9067796610169492,0.47410624446826655,118,296
1cf664885b54d781,0.8347457627118644,0.129520256159984,118,775
1d34733befa45639,0.7796610169491526,0.6332529892329668,118,292
1d54a4d7807aa04a,0.6822033898305084,0.3666423708429794,118,320
1d5d6d35429cca67,0.8559322033898306,0.3963241959868484,118,783
1d6a101f112f59cf,0.635593220338983,0.4718150438814691,118,93
1d7e330e17bd734b,0.8262711864406781,0.669367509752038,118,204
1d8ffdc1ec8d899c,0.3601694915254237,0.21225038216201447,118,81
1dbb8f863a887e93,0.902542372881356,0.38032459183383804,118,625
1dd8353ae0c1efc2,0.8220338983050848,0.30373421803760664,118,680
1e0635f0b23b0ecd,0.5932203389830508,0.5665649829487582,118,98
1e28e8cdbeb550ac,0.690677966101695,0.16572162552716582,118,39
1e2ec6e1a3203586,0.8686440677966102,0.2858242117866406,118,456
1e36704bc0c2b727,0.9110169491525424,0.5615712559012427,118,270
1e4a9a88c3147eb8,0.7542372881355932,0.45474294046216,118,497
1e7ec32943b66640,0.559322033898305,0.641041196879533,118,30
1f01f942f4b1d1d0,0.7330508474576272,0.426824440286258,118,302
1f091153988b8b72,0.6610169491525424,0.3393314387673763,118,224
1f1a4da853b02ac4,0.847457627118644,0.38893936610140867,118,34
1f4ea6a9d566fd4c,0.8432203389830508,0.520265744713511,118,234
1f585b0744f8388b,0.8728813559322034,0.15164523578970965,118,35
1f58de1221100d80,0.3601694915254237,0.13428763944381955,118,78
1f6cd528ab2a30d1,0.4872881355932203,0.4830749658134853,118,102
1f74d4b977960228,0.2838983050847458,0.035107805085804786,118,68
1fbb3cd09cb3ceb7,0.7669491525423728,0.6444005912055973,118,51
1fc74d6692c92c50,0.8432203389830508,0.4298639537209076,118,166
20000ac4e6603dcd,0.7033898305084746,0.44059539237442946,118,240
2007e7897212373b,0.7351694915254238,0.5329359648467877,118,511
2008e57542ec7f3d,0.652542372881356,0.6217785402884053,118,49
200afef4175c4d09,0.885593220338983,0.5620263721071297,118,457
205089319be988e8,0.7627118644067796,0.41975942508752356,118,764
207682d1d4469077,0.8177966101694916,0.25363109670468975,118,29
208418c3286277dd,0.864406779661017,0.4866262795364301,118,43
2096c1c9c50381a5,0.6610169491525424,0.6370856826324087,118,69
20b196e8d4782ac5,0.864406779661017,0.2694467581324545,118,542
20c5d53630ae4e3a,0.9322033898305084,0.381402349616256,118,302
20d7f461be2eaff7,0.6271186440677966,0.6354592983637554,118,91
20e29dbda1e346a9,0.8983050847457628,0.4588095011048492,118,380
2109fc8d0a7343ea,0.9194915254237288,0.3525880523199276,118,183
211814ae509b03e5,0.8177966101694916,0.28999506401665515,118,360
212b5d3fcbe694fd,0.6228813559322034,0.5343023401988604,118,138
212e0d707bafb68e,0.847457627118644,0.3534276236661388,118,59
21318a4e123af9f9,0.5338983050847458,0.5609059872419454,118,72
21369d281d17ad13,0.690677966101695,0.6583261147516679,118,27
2173ffb3280345dc,0.8771186440677966,0.23634443967371227,118,62
2176380f455cdb6b,0.9703389830508474,0.214802626780844,118,162
2197212d10459541,0.8389830508474576,0.4599498599431033,118,34
21b7e8161947911b,0.7627118644067796,0.26239408438650746,118,401
21c691013f582d97,0.16101694915254236,-0.2876687585757685,118,67
21f4f994d7826d63,0.8389830508474576,0.48394853626652673,118,876
22071c6ae7a65864,0.6059322033898306,0.19998054951816052,118,764
220dde1457b5d622,0.3432203389830508,0.36839031478841017,118,158
221a694502c7849c,0.7711864406779662,0.6954914375026958,118,149
22202a6827b7a7fe,0.6398305084745762,0.5876506301047103,118,102
2262a0d1a190aaec,0.6991525423728814,0.38725421156419393,118,203
227711d8143687cd,0.9194915254237288,0.24256179631450958,118,641
22ad0ce632b99225,0.5127118644067796,0.39793199342639,118,92
22b46c3550bc9c1a,0.6483050847457628,0.6645265907193191,118,164
22c17695f46ea877,0.9110169491525424,0.23390983437390694,118,269
22d4aa5c9eecd84f,0.635593220338983,0.3419517985460446,118,165
22e0e77f4825e2a6,0.9194915254237288,0.387289729669334,118,243
22e7d7c9443e51ff,0.885593220338983,0.384497018009896,118,262
22eb578885ac9124,0.8601694915254238,0.14335831319863174,118,782
231e87b3f2818f47,0.809322033898305,0.6576420705839812,118,516
235cb1ee6c9252b0,0.8771186440677966,0.28899405922838034,118,57
239064cd39f59b1b,0.4915254237288136,0.30724432460992546,118,117
239ab373e796e1ff,0.9194915254237288,0.4446335129158105,118,198
23a52c9ce7d5bf79,0.8220338983050848,0.4103039644789762,118,47
23ca4a63552478b4,0.7860169491525424,0.6688807435206123,118,410
2414968a2cf38e7c,0.5847457627118644,-0.16372522610156218,118,295
243535fbca8f47ce,0.2033898305084746,0.34780120548447596,118,145
244f403a0b1adf91,0.4957627118644068,-0.24573697519030266,118,141
245683aaa1e0a062,0.5211864406779662,0.4583970759773545,118,138
2457509778f9f9b1,0.8177966101694917,0.570908466354774,118,219
24577f9753ef9985,0.9110169491525424,0.24025809120585992,118,1325
245adb0f7bf36222,0.6694915254237288,0.07722403413982368,118,55
24643ed52537c65f,0.6271186440677966,0.4728942969231681,118,218
246834fe0b12d632,0.6652542372881356,0.5402304390332624,118,452
246b65f23087f50b,0.8347457627118644,0.36051911401258735,118,253
24796cab49d7bafa,0.711864406779661,0.585139269832183,118,34
249326f82e7f30e8,0.4025423728813559,0.14095049798860218,118,75
24ac39d75746ee7b,0.711864406779661,0.12655309036196344,118,77
24fc8f6881f5ac96,0.7669491525423728,0.23057664162055425,118,180
2507459e678cba68,0.8940677966101694,0.14232778041606917,118,37
250b99538d10a76d,0.673728813559322,0.5936414681529324,118,71
250bd7629d78e986,0.7838983050847458,0.575452039360861,118,314
25139c6d3f9bec77,0.8432203389830508,0.16532991128958943,118,326
25206413ff0a461d,0.8220338983050848,0.20487697721855094,118,36
25594045fc7daa9f,0.8615819209039545,0.5755697932439022,118,138
2561a0096853969c,0.7033898305084746,0.5792279959941053,118,166
2575e5231e6d89e9,0.885593220338983,0.5281610161274477,118,164
25801106719ff02c,0.75,0.5292283779570307,118,396
25a9844563d8d5a3,0.8559322033898308,0.5262639634639181,118,236
25adb161b836a663,0.8700564971751417,0.4813651588910725,118,179
260d5c39bba36321,0.7711864406779662,0.37724550241304095,118,540
2645f125aa2fea69,0.4406779661016949,0.5520762215770117,118,136
267d02a77b941f52,0.7754237288135594,0.4850384307837449,118,42
267d93c0d3ee83a2,0.8389830508474576,0.5907813187622093,118,634
26a28981b50084a7,0.8050847457627118,0.5124112268440264,118,30
26d549acc4e56c30,0.7415254237288136,0.5802430764290416,118,55
26f045647b7ec637,0.5254237288135594,0.04549858451455934,118,401
2736e38f61b115f6,0.7076271186440678,0.4843485669172978,118,730
275aa3c6c4ad885f,0.9152542372881356,0.43284595535154774,118,236
276e20fe5927d1df,0.6779661016949152,0.34949832706954725,118,154
27828706108abdff,0.9110169491525424,0.21759864566102724,118,48
278ccdf2cde6e3e3,0.690677966101695,0.5358164714954511,118,69
27af30e9db56932e,0.3601694915254237,0.3944869067933661,118,112
27b501c28ebac22c,0.8177966101694916,0.36202069733873893,118,348
27df828f9be1dba6,0.6949152542372882,0.27737178246675204,118,267
27f528fab26aca72,0.7542372881355932,0.06555239441458666,118,480
280c2d26b7779f4e,0.7033898305084746,0.6579558233658328,118,94
28178f62573ad9c0,0.6864406779661016,0.4156492683748247,118,557
282357ccb6e1d276,0.6016949152542372,0.3418571580672013,118,156
28326d2080a5497a,0.6271186440677966,0.6314509814590307,118,45
28368d44aba3c506,0.5677966101694916,0.5284955760555757,118,65
2843a87ca1406523,0.673728813559322,0.2456812041303986,118,379
28704fb40bd6b1bb,0.6271186440677966,0.3572730549505156,118,316
28719fb958b44119,0.9194915254237288,0.38168112895078055,118,816
287938f4ad143ae1,0.902542372881356,0.4587665661464102,118,892
289f0cfcbe30cd10,0.8305084745762712,0.5387688573857874,118,171
28a605a881759b6c,0.7627118644067796,0.37393205257496864,118,302
28b8f4469125e493,0.8135593220338984,0.3481131816281013,118,69
28d62f77be04ad68,0.9449152542372882,0.3214700981657848,118,252
28e249d11ec759d4,0.8418079096045198,0.6374184930842285,118,1797
29272f5ed68186bf,0.7966101694915254,0.026492321738000327,118,497
29338e5089499a08,0.652542372881356,0.634866087989538,118,39
29429ea99313f2c6,0.673728813559322,0.3860310316996944,118,45
2944d8a361ee5b75,0.5889830508474576,0.42527723600705325,118,54
2947d05c0504ce7e,0.6779661016949152,0.6681678086287589,118,55
29961561f4aac3ce,0.6398305084745762,0.6055844731936533,118,41
29a41f52501d9cd2,0.9449152542372882,0.21439626294089179,118,31
29eccacc0a4ea37b,0.5423728813559322,0.6131418882472386,118,128
29fcc8f44ecf44a1,0.7161016949152542,0.44161740593952564,118,1467
2a15484fb1f5ac9b,0.923728813559322,0.10527912920529273,118,52
2a17953ce2109d8f,0.8220338983050848,0.40633320404594103,118,125
2a21e09f927e78bd,0.9322033898305084,0.35642575313948427,118,279
2a8d57361f5753fa,0.75,0.28220785443320917,118,32
2a993c14afda46d3,0.3177966101694915,0.43107303321772855,118,70
2a9ce80fe708e5d3,0.809322033898305,0.3682752210617394,118,144
2b0dc389444340e8,0.7923728813559322,0.20474446303157381,118,1035
2b3dccb57ec4d91a,0.847457627118644,0.4667287071393438,118,57
2b6baf449fa6e4bf,0.711864406779661,0.563053153196186,118,114
2b726152989802e8,0.9152542372881356,0.3700428177679001,118,452
2b7e73c837575b81,0.8827683615819206,0.5502740493978179,118,123
2b9d21e86aa73877,0.7584745762711864,0.31732457891780214,118,111
2ba673073e1accdb,0.17796610169491525,-0.19959688225107353,118,24
2bca48931b3a9785,0.7288135593220338,0.196245782815592,118,3565
2be2871d40422805,0.5423728813559322,0.4372715789618148,118,220
2be79fc828d8dc36,0.8347457627118644,0.43974203912864585,118,645
2bf88b0780bb54d2,0.8220338983050848,0.2359117461811754,118,363
2c033544d805ac51,0.8516949152542372,0.19569809949868633,118,375
2c088b9712721706,0.8601694915254238,0.13946775323458435,118,36
2c85e43df8c46f35,0.6313559322033898,-0.07329292111526316,118,72
2c9a4d4f76dc3573,0.9194915254237288,0.2437200658444151,118,165
2ca8ea2a579e9b81,0.5550847457627118,0.353110462976043,118,266
2caf4f4cfaf8d95c,0.8135593220338984,0.2690312045385183,118,569
2cb810355576d5c1,0.8728813559322034,0.29678331210306014,118,331
2cbb76d0048f255a,0.7245762711864406,0.44578488304701874,118,85
2cd8a508dfb2edad,0.8559322033898306,0.2092222961637996,118,71
2cec21b216e6100b,0.8389830508474576,0.5389595554850848,118,205
2d1b9dcf5744be8d,0.8940677966101694,0.3484320218820556,118,551
2d20690075687de3,0.4703389830508475,0.18253071352745606,118,94
2d2997a27b257032,0.8305084745762712,0.21171393007436073,118,59
2d2b583091639e90,0.9194915254237288,0.3349394532565254,118,619
2d5f48fb3662c9ee,0.6186440677966102,0.652344433613482,118,72
2d6401f570c1bec9,0.8813559322033898,0.11581603143544654,118,41
2d6dbfa4bf556adc,0.559322033898305,0.42459248941839073,118,235
2d8967179470cdb2,0.6822033898305084,0.38448703371604737,118,65
2d8a5ecd35c59577,0.4110169491525424,0.4470562606114688,118,90
2d917b03f8a1e61e,0.635593220338983,0.6696380085776752,118,70
2dac843ab98d25cb,0.8432203389830508,0.31178752283546113,118,34
2de0ccf14e696ab0,0.652542372881356,0.5752329681447254,118,63
2dec9978e28e516e,0.8177966101694916,0.3229598774742126,118,78
2e029346f2b52187,0.6949152542372882,0.6243112766859927,118,115
2e3f9673bc01a918,0.847457627118644,0.5093903531021768,118,110
2e48abadd836acb0,0.8601694915254238,0.2289684866617923,118,140
2e67167e7b134664,0.826271186440678,0.33475219591419025,118,495
2e9c3b182c816afb,0.7372881355932204,0.37977879233919654,118,315
2ea3d1075859dcf3,0.7542372881355932,0.5409283714856955,118,61
2ea817a5f73053ed,0.6186440677966102,0.3631748305990774,118,487
2eaa89a34ba1347c,0.7711864406779662,0.3684154202123462,118,59
2eaadce294737a7b,0.3220338983050847,-0.04486413152360065,118,61
2eb1ae6a25fddcbb,0.8389830508474576,0.48466591410056875,118,548
2ebb79beb6ef31ca,0.4067796610169492,0.37109986070102213,118,45
2ed59ff967f87951,0.8432203389830508,0.1983839705323442,118,244
2edc9f4af935a231,0.9279661016949152,0.1493636254345297,118,46
2eddea9b877a511a,0.5211864406779662,0.5367081001817832,118,187
2efd8a147bad850a,0.8135593220338984,0.33850785170623776,118,566
2f1d7200a760a232,0.4364406779661017,0.013950389348981929,118,138
2f61c8ca77c72395,0.690677966101695,0.6103558928252559,118,165
2f6eede38808cf3a,0.7754237288135594,0.45936198053826705,118,308
2f7b15fc6b045296,0.8347457627118644,0.6342036113030859,118,33
2f9d47e31e08f0ed,0.75,-0.09160089946440259,118,404
2fa158228a7595ad,0.940677966101695,0.4113536914147067,118,229
2fae3a72241d26d1,0.7669491525423728,0.3630580600408715,118,42
2fb9da1fe4aaf653,0.6440677966101694,0.5851082650217966,118,43
2fc06a3fcdf2bf20,0.2754237288135593,0.25138464993017906,118,77
2fce1610ebd37cc4,0.8813559322033898,0.3608299519843557,118,207
2fe3ba3b321086d5,0.8898305084745762,0.2930622034617995,118,449
2fed157ef1a848af,0.4067796610169492,0.5253038051300418,118,57
3004093655bf5b9b,0.7457627118644068,0.4932244937217172,118,116
30058286c2fccc6d,0.652542372881356,0.5783038542447865,118,44
300a50903355f0a0,0.9491525423728814,0.27965839342914306,118,453
302a204b2e08a401,0.9703389830508474,0.222126383528809,118,318
303b23027292314f,0.8898305084745762,0.16579230426360692,118,59
3040c30a12c23db0,0.7457627118644068,0.6855638949254752,118,79
30439f2cabe3dc07,0.8220338983050848,0.37254183284819975,118,413
304f068bc1c85091,0.06779661016949153,-0.2129039294360613,118,47
30617191b4148c63,0.847457627118644,0.14581322727491364,118,56
30d4e45455e02f48,0.9279661016949152,0.3591966948043891,118,200
30e0707e5e40b821,0.7457627118644068,0.4789630036213836,118,173
314d86332a2e933c,0.3728813559322034,0.20909982462089122,118,209
317fb524ca3b6a9c,0.7669491525423728,-0.07710479906916434,118,42
318d08e38bccf2cb,0.6991525423728814,0.344917778323999,118,122
31943ef2309d2127,0.8898305084745762,0.3622852907247428,118,530
319e855401eabf80,0.826271186440678,0.5023750996639459,118,561
31b526d953f69140,0.5338983050847458,-0.09898453064862076,118,654
31d44ff678c40dcc,0.8940677966101694,0.39577744920547137,118,337
31ed8973876c8e7e,0.8983050847457628,0.4300338049240434,118,487
3205e142d6e9c833,0.690677966101695,0.4453708720490058,118,295
3222e49fead529da,0.8686440677966102,0.18347831352864236,118,58
3236c9cc7c5d3293,0.8050847457627118,0.32933681919957036,118,245
3243c08d142ed444,0.6991525423728814,0.6445043115275726,118,42
324967030b9df02e,0.8389830508474576,0.09445487518491584,118,34
32498f2bfd59d65f,0.8516949152542372,0.5896287826039334,118,51
32a5a0eeb89c0a24,0.6440677966101694,0.6058618640067245,118,81
32bf7fc13ea0f91c,0.8135593220338984,0.39687386903054206,118,69
32cb0ec48fb498b9,0.902542372881356,0.33847958777050596,118,52
32fa46abcbdd04c2,0.576271186440678,0.6175746057660492,118,41
32fc159fa1cf72cf,0.7838983050847458,0.22769216156911185,118,757
331d652ef8d7bcb7,0.7966101694915254,0.35987926491559125,118,94
331f76d9afd89817,0.5,0.19870182590156918,118,67
333357f908bc2dd4,0.6610169491525424,0.5640864073704703,118,56
33408231579fb831,0.8177966101694916,0.45657424666376417,118,36
335971de5b608e12,0.940677966101695,0.4014584239902266,118,254
336388cb03a375d1,0.8220338983050848,0.4743005503419203,118,475
3380f74c26f76f15,0.6101694915254238,0.4994524414319839,118,217
3383851fa8891d2e,0.864406779661017,0.4027334919142804,118,348
33c88caae3fc38d8,0.8220338983050848,0.3995287779979006,118,338
33d206406234fa64,0.826271186440678,0.286981092177938,118,594
33d29f9f9e4d9ae8,0.8177966101694916,0.07832762344648117,118,1319
33eba49e08b2845c,0.4152542372881356,-0.07475407098936611,118,159
33f2115301213329,0.9533898305084746,0.3553761089877491,118,338
3421038684534634,0.4194915254237288,0.4930038889658091,118,72
342ef517d3e7306f,0.652542372881356,0.3127743803861724,118,337
3448a47c00c36d51,0.9194915254237288,0.39552304747863515,118,566
3453d29ff9e9dbfe,0.8305084745762712,0.34438441684826565,118,235
34b60700675dd83e,0.7457627118644068,0.2555641214906481,118,178
3506889b2232efd6,0.4576271186440678,0.32214561563961713,118,180
351584a2bfd756a7,0.7161016949152542,0.34753580540932016,118,105
35715da4a50b6f57,0.2330508474576271,0.3914160103568621,118,89
3587cb2215f3beaa,0.8601694915254238,0.29680145012830966,118,425
35dcf1c1a88a0013,0.8177966101694916,0.2060066423099937,118,263
360a3419221eb96a,0.6186440677966102,0.6661155495555858,118,127
360f59359aef5625,0.788135593220339,0.5726327128045228,118,121
3615f59c4dd00d67,0.6991525423728814,0.1819151029182777,118,1168
3616e1f1a8290815,0.6186440677966102,0.6632438787263493,118,36
362961d639dc626c,0.8432203389830508,0.29227796210346674,118,887
364810629f5dbfac,0.885593220338983,0.5088920020394285,118,116
36828ba3d63fb282,0.8813559322033898,0.2828852985089876,118,263
368ee3a2e7f1aa01,0.8728813559322034,0.30661580735399696,118,400
36a7380eeaa64452,0.6271186440677966,0.5272145558332861,118,47
36b327aac7806e1d,0.9279661016949152,0.48813370034876286,118,255
36bd5d324fa717c0,0.9110169491525424,0.10056131913503297,118,25
36be29d94b92fb57,0.8347457627118644,0.3330360498266075,118,371
373aa190f29649d4,0.6271186440677966,0.2048956894225959,118,85
3752c5176dfe1fd9,0.9279661016949152,0.26538754825443683,118,348
376654ddc959a139,0.5042372881355932,0.4381001947514914,118,80
37ade7768ee040c5,0.8305084745762712,0.3275257530413571,118,36
37da0bf3511e5ed5,0.8898305084745762,0.2935093952716587,118,224
37f90de34d018ef3,0.6864406779661016,0.5731142867661938,118,158
37fe372168d1cca5,0.9152542372881355,0.4939607603335008,118,106
38129da4ad2903e5,0.4406779661016949,0.32968031780848867,118,87
38181f087b9fcd8b,0.24152542372881355,0.21575540266466695,118,58
381932b9ff2195d9,0.8601694915254238,0.2942281413165901,118,80
381bbfc6bd831b17,0.4745762711864407,0.0025676076533108208,118,73
382ad3bf44e5c2d9,0.6949152542372884,0.5129579562520371,118,174
384e9558a6aa9878,0.9194915254237288,0.3371112086250976,118,227
386beaf8d7ab4a10,0.9152542372881356,0.41290582902986644,118,345
3877e45bf4ee3f8b,0.8220338983050848,0.34498033324219185,118,183
3881938b78f29a40,0.9067796610169492,0.5079265893762342,118,51
38a98d1280c80e63,0.8898305084745762,0.34681949125253037,118,80
38c6e63e14e44917,0.288135593220339,-0.06685567790832835,118,109
390b711a9e5b3343,0.4576271186440678,0.43422235035719947,118,41
391eb0c020d158f8,0.7288135593220338,0.3111089510233586,118,206
39305dfcbf5f3ee8,0.7838983050847458,0.44187490506602967,118,206
393ee4b61b524d13,0.8460451977401129,0.47665480874073807,118,82
39516d74bf6fdef7,0.3389830508474576,0.19313815296294312,118,37
395c16916732658a,0.7161016949152542,0.6413850729658932,118,99
39e73a1fac6f68a6,0.9364406779661016,0.40619328217309403,118,242
3a1d5c6dfab9b7cb,0.7563559322033898,0.6341414476018449,118,60
3a221c08090fa867,0.7203389830508474,0.6128455541300543,118,38
3a3dae16dbcc9d70,0.9449152542372882,0.40333922915155834,118,211
3a95ad4400dae327,0.3813559322033898,0.1225902974476047,118,69
3aac735f067fb4ba,0.7076271186440678,0.6323478126945324,118,42
3ace8f74fc936854,0.809322033898305,0.3030642952929373,118,193
3ad3931f385c0f4c,0.6610169491525424,0.6428727452608961,118,87
3adea2dd3b59ccaf,0.826271186440678,0.30045318073936406,118,385
3ae86c9e0450f52a,0.7966101694915253,0.5312492112432228,118,70
3b02330f83721013,0.5508474576271186,0.6444473688068472,118,42
3b1c72a85a200251,0.8601694915254238,0.35968966299940425,118,655
3b205a6209c0b9ff,0.8898305084745762,0.33386472251679006,118,40
3b2a72eb297c2852,0.9194915254237288,0.23568458161257128,118,65
3b2f7c19a0afef9b,0.9322033898305084,0.18418544923389213,118,53
3b54acfd72dd7cda,0.8432203389830508,0.414921691218122,118,423
3b5a4b525b164614,0.9661016949152542,0.21427192176602755,118,329
3b7b1d34940913cf,0.7203389830508474,0.6278736200611056,118,103
3b8649abd198dde4,0.3008474576271186,0.10080928913232427,118,195
3b9b7274bae2656d,0.711864406779661,0.12056771138227614,118,49
3ba08570d6441282,0.8898305084745762,0.19730243847854023,118,52
3bc5cf5243e8d256,0.666666666666667,0.23854540837065555,118,220
3be974d62f1c82a4,0.9661016949152542,0.3213823551809729,118,297
3bf56ea4bb371f50,0.5127118644067796,0.5818549976574167,118,78
3c23fbd5631dee07,0.6694915254237288,0.7024508598521044,118,336
3c2de8581081f250,0.7923728813559322,0.4390696280261306,118,209
3c40521cd2f74e8d,0.7415254237288136,0.4210912327408506,118,126
3c6b0e5a53c6d3d5,0.8432203389830508,0.5124831815434351,118,450
3c75d5c52e218070,0.9067796610169492,0.4660326436616167,118,885
3c7d33183f4f9638,0.9322033898305084,0.19101734361285586,118,40
3cb768e91da65b37,0.4194915254237288,0.1788916132752203,118,84
3cc08ccda601d00e,0.9322033898305084,0.46240350426663784,118,465
3cd3a57e52cfc95b,0.8220338983050848,0.30505200651044007,118,518
3cd95d3dbad3b127,0.6949152542372882,0.5651491124901656,118,49
3cdeaf5ed33085ab,0.7288135593220338,0.5888431085676257,118,77
3cf3209e8ba98e97,0.7966101694915254,0.15746559921220146,118,605
3d201ce8bbffe930,0.538135593220339,0.6232320552546571,118,123
3d296d30200165de,0.847457627118644,0.3892878113137836,118,599
3d51e27ee7310047,0.8983050847457628,0.44974887646813416,118,477
3d76ce51a12a76c2,0.597457627118644,0.5092634189014835,118,43
3da7ff389e078812,0.7733050847457628,0.6600522291756206,118,1642
3dd0f43a80f9f5a1,0.8050847457627118,0.17371106140380754,118,800
3df3f00150fc59f1,0.8389830508474576,0.2084492928987804,118,786
3dfb1c53f7930e58,0.6610169491525424,0.5258588661876191,118,175
3e6c79d28c8e0ad1,0.75,-0.027599406310234033,118,46
3ebb3b838b8fb3f2,0.8771186440677966,0.3496982059487463,118,669
3ecb1acbb065ba99,0.8177966101694916,0.40244405798148164,118,349
3eebf5044591d45b,0.864406779661017,0.5085041532810486,118,378
3ef69653f22dbaae,0.8898305084745762,0.20503487577085272,118,439
3f08fcc6aa7560fc,0.7838983050847458,0.40311363026603597,118,66
3f303785cd2653dd,0.902542372881356,0.3530119360827164,118,52
3f3acf417ce51a41,0.7161016949152542,0.26643307196900484,118,48
3f5878dbcbddbc88,0.6016949152542372,0.5541910042166482,118,274
3f5ad2203a64bb0f,0.7415254237288136,0.1857713478996237,118,40
3f9006830355bcb2,0.9364406779661016,0.30818179412001057,118,252
3f9ba4a92d641336,0.7584745762711864,0.5224095869704765,118,33
3fc84607cfe7b520,0.7627118644067796,0.5488498589200265,118,226
3fd2b9d8156560d2,0.652542372881356,0.10175587811755359,118,602
3fdb9eb8aa998360,0.864406779661017,0.4259630163787947,118,243
3ff3d6571514a992,0.8008474576271186,0.5025659416165859,118,355
3ffd140d0a40a600,0.6101694915254238,0.5247102268549472,118,88
400606e2e76854d7,0.3220338983050847,0.21574497057585473,118,133
401346c1cd4649f8,0.9322033898305084,0.265091621507426,118,32
4040b5ac9885e7c1,0.538135593220339,0.527956754429143,118,83
4042e545154f2c46,0.9067796610169492,0.34109008373603616,118,339
404454b6a0d0cb80,0.9364406779661016,0.31923140307819386,118,385
404ca4d016bd6e60,0.4406779661016949,-0.2842357155628397,118,333
40620fbc32076d5e,0.7796610169491526,0.5274319893785168,118,702
406a8012249b4b98,0.6271186440677966,0.6504013555485584,118,38
409815beb910ad3e,0.4915254237288136,0.3997410065786344,118,86
40a942935862da5e,0.614406779661017,0.4664909078782113,118,62
40aec4179d692407,0.8559322033898306,0.11944223947440052,118,14
40d2b5dc20dc2457,0.8813559322033898,0.5416731691833259,118,485
40e19a8d730c2f07,0.5296610169491526,0.4759540594187037,118,35
411184b2db987d1a,0.9110169491525424,0.31382360676966786,118,29
4118751ae85cb9ba,0.7330508474576272,0.37870706365654044,118,168
412d4a2ca994fdac,0.6016949152542372,-0.03211060078649305,118,126
41307c0812f6d9fe,0.5254237288135594,0.3396421995144046,118,48
414d5c45f6903e12,0.8771186440677966,0.3118346670698431,118,193
414d9d7ef7ac3c5b,0.3135593220338983,0.28092262512616095,118,117
416139315c3dcb20,0.6610169491525424,-0.32054514747042545,118,40
4183446fe34f62a5,0.9067796610169492,0.13581863859594578,118,364
419e3f596b11ccc9,0.8559322033898306,0.255010625088384,118,42
41bbb274d632c334,0.8347457627118644,0.26843229014327535,118,579
41bc965268e4cb03,0.7796610169491526,0.40135263199185484,118,222
41d6e18ef1d16b56,0.8742937853107344,0.5634243270880712,118,403
41e35e548960e9c4,0.8686440677966102,0.5423801696216798,118,393
423f059dd2050ff8,0.6228813559322034,0.5101549065494487,118,115
4245c150427cbf77,0.847457627118644,0.13965702910995106,118,44
4246d554f2dec4d1,0.7033898305084746,0.39976499801759496,118,243
4251ee1585386263,0.8220338983050848,0.20792731164905057,118,551
42694c13d64e7e49,0.809322033898305,0.08086464853404633,118,397
4271409e5c8273d6,0.6271186440677966,0.7028002265399236,118,66
4280e43fd07d4194,0.9152542372881356,0.40180412114551556,118,434
428714c325dbf697,0.8771186440677966,0.4501698833426579,118,243
42a5cbc958b723bb,0.6271186440677966,0.6056594338213728,118,23
42caf92f6e8ff8e0,0.7542372881355932,0.44387109503188116,118,249
42d5c583c4528c57,0.6610169491525424,0.5567002248262867,118,172
42f3d83440181eda,0.711864406779661,0.4449651371962972,118,294
42f74de2ec19fcd7,0.809322033898305,0.5052915908089924,118,141
42fb918a54005789,0.3135593220338983,0.1302076718200544,118,86
4310aa7d7b1e379d,0.4957627118644068,0.30819930313350913,118,40
431e3f9457707345,0.8912429378531074,0.5659281397173214,118,32
432ae5dddc60b96f,0.9110169491525424,0.390820635484957,118,50
4332128c7c6ce4b3,0.8177966101694916,0.42074565839604033,118,131
43545cc88b2943da,0.5211864406779662,0.49133910756295374,118,177
4355439d6d045fb5,0.8813559322033898,0.31669772236671556,118,371
43657fe152964243,0.8347457627118644,0.19548963730815044,118,338
439da02c30a30100,0.5423728813559322,0.6091256652113934,118,41
43d5891581ced723,0.8813559322033898,0.22546820285213917,118,58
4407a57b346cb330,0.9194915254237288,0.5049117655468435,118,152
440cce7b328da528,0.9364406779661016,0.3671584353074476,118,39
442b85843d1a9b31,0.9152542372881356,0.40790995055866797,118,370
445058b116ebdc26,0.6694915254237288,0.7303726588151793,118,20
4487b5a3143cbfb4,0.6694915254237288,0.5185263284213953,118,147
448af1e260a0794e,0.5296610169491526,0.680405772265895,118,74
4490cc7c594365e9,0.4788135593220339,0.4357174713918448,118,68
449ed2e60ea5913d,0.5211864406779662,0.09022422180282128,118,580
44cd93bda5f24e9c,0.5296610169491526,0.49053151176698334,118,489
44d443af5eda15fd,0.940677966101695,0.44832856748577354,118,458
44f21623103c539e,0.7076271186440678,0.34734890404222774,118,336
44f7ab8b961adb43,0.4406779661016949,-0.02185215362521542,118,140
4534c7737048c768,0.6271186440677966,0.7003497352504878,118,24
4537fcb43a73d37d,0.8898305084745762,0.26920956424771464,118,440
455a0d15224f863d,0.8771186440677966,0.3838229593150218,118,46
4578032c7f3df462,0.5127118644067796,0.020502923720130156,118,706
4588bffbc0d59fa9,0.8813559322033898,0.1327760093031032,118,728
45a2a4dce5893291,0.11864406779661017,-0.01509529716483166,118,65
45db37491ad5bf18,0.6483050847457628,0.6338882604210734,118,56
45ff31f4a4ad2efe,0.7754237288135594,0.629203022635152,118,32
4632acb87573f408,0.4279661016949153,0.5694698049784435,118,61
465b04bd0421d41c,0.2457627118644068,0.16818318422884296,118,64
46f0f33ed9b1bd31,0.7966101694915254,0.4184321455603021,118,218
46fddbb7c5dd3fed,0.9152542372881356,0.10075477001852948,118,40
470703c73ee77eeb,0.6567796610169492,0.3571094314711105,118,104
471b2fd6a3bb4f25,0.9067796610169492,0.2550740367583533,118,44
4738b9fcfaaaf6d7,0.7923728813559322,0.09289569478003717,118,567
475609496b666274,0.8389830508474576,0.3809951875087535,118,336
4770972b0ebc9774,0.8728813559322034,0.2963574075395112,118,61
47768baec2f5742f,0.6059322033898306,0.6915331532625583,118,49
4779b9210518e564,0.3135593220338983,0.48323058068551755,118,50
477a840d2c152ea1,0.8347457627118644,0.1830324088776497,118,1194
4784488721f7831c,0.4449152542372881,0.19752065289108847,118,58
4794c455e5ceec07,0.6313559322033898,0.6434154596055507,118,22
47ac985ae5704232,0.6949152542372882,0.3012912663303258,118,372
47b342045235f4b6,0.9152542372881356,0.5417009682134946,118,434
47d1bc6eca4a6aa8,0.635593220338983,0.4779947073881268,118,95
47e1a7ced152816d,0.8940677966101694,0.2478748063621817,118,290
482f664a60b0a4c7,0.7203389830508474,0.6664978161042651,118,93
4840c6b81044bdeb,0.961864406779661,0.23413325766092105,118,197
48c5ed70d6236b33,0.2627118644067797,0.10057495953911601,118,74
48f4449bb8019022,0.8559322033898306,0.41902593425981033,118,427
48f837afe6317f30,0.7754237288135594,0.24549711561158566,118,682
48fa2d9f703249ae,0.6822033898305084,0.5438919437073226,118,174
490c7ec66eec1f79,0.7754237288135594,0.4788778991089685,118,219
492f3aa42fcd3013,0.8983050847457628,0.4299947236235189,118,578
496ffeb435d73aa6,0.326271186440678,0.09845449422738205,118,74
4971e40ea5692cc5,0.7711864406779662,0.270104933006642,118,221
49a8aec8bc81040a,0.885593220338983,0.25530255456355444,118,35
49af2d1bad21fd58,0.847457627118644,0.422729579723566,118,418
49b630509677c81b,0.7669491525423728,0.179196929195002,118,1022
49c36767b5a1d62d,0.8347457627118644,0.29034405730210877,118,233
49f7b0bf550139b7,0.5296610169491526,0.23380635506097194,118,205
49fda563e7c20611,0.7838983050847458,-0.07248013955309315,118,149
4a0541a685e8bf1e,0.8389830508474576,0.30156386156600745,118,382
4a23f01a5e456010,0.7288135593220338,0.4687505448045118,118,58
4a3e2230de533515,0.576271186440678,0.33150320981267867,118,183
4a4bc8ef9448e3c1,0.3728813559322034,0.31296703723370684,118,86
4a4c6062e8987496,0.8559322033898306,0.54612516937495,118,158
4a538eaf525975b3,0.7415254237288136,0.5047804143509969,118,512
4a900e8c6e16a393,0.423728813559322,0.24355478851616352,118,88
4ab4d229f095bcbe,0.6652542372881356,-0.08893949539367732,118,811
4ae7472c846b2ad3,0.8983050847457628,0.5025947389405027,118,254
4aec7583d9bb21d4,0.4872881355932203,0.5263881589284619,118,86
4af683c80e96fea9,0.7796610169491526,0.4163043557547953,118,72
4b136722abc62580,0.6228813559322034,0.46490608365125036,118,172
4b172f62c18c790c,0.902542372881356,0.3449519334609933,118,312
4b17f71cee3f0722,0.5720338983050848,0.06244197601698981,118,282
4b1dce5065510d89,0.6949152542372882,0.574715469984786,118,68
4b5e76576f06bce0,0.6991525423728814,0.44334812682906,118,342
4b6cb97ab2813c49,0.8305084745762712,0.23289176058758237,118,202
4b892a235f1037db,0.8347457627118644,0.22940469214907122,118,76
4ba2c3bc0cb7479f,0.8813559322033898,0.2515544266907035,118,79
4bb8af8e90c21ef7,0.5805084745762712,0.343341758961198,118,57
4bb9d5b7ddc07ee4,0.3559322033898305,0.32216439170643313,118,204
4bc0eb09895c46a3,0.6567796610169492,0.5774603150139351,118,143
4bc3bdb46d7dea26,0.6101694915254238,0.10755442017907717,118,54
4bcbe8b91273eeeb,0.614406779661017,0.46637392724593657,118,145
4bf0bac422c8c3c9,0.8898305084745762,0.39541672691932356,118,433
4c1aea15adb4708c,0.7711864406779662,0.4158449233337926,118,180
4c24ec49c228bdd1,0.1228813559322034,-0.16411541282329892,118,49
4c292a3dd7340a4c,0.8940677966101694,0.3951883814546274,118,290
4c2db89db914dffd,0.6186440677966102,0.5095492165329127,118,205
4c3721c98b127346,0.8135593220338984,0.48750779921523096,118,73
4c388b93512d933a,0.9265536723163842,0.24489110440777312,118,63
4c40b2d724a06482,0.8516949152542372,0.35456282016153823,118,1282
4c427c0a756d6836,0.6228813559322034,0.3862065771308206,118,50
4c517a97910c6139,0.7542372881355932,0.1889758939319577,118,68
4c5588a952adae4e,0.75,0.14469258728325304,118,145
4c5e046c8c1537c1,0.8559322033898306,0.3314875568874237,118,176
4c664447bd6c3ac7,0.8940677966101694,0.4265597631683833,118,347
4c7cf47d5f9f374e,0.461864406779661,0.583480728711916,118,80
4c9e58ed23e7614b,0.7457627118644068,0.21343794733511973,118,113
4cc0443f7e565937,0.9067796610169492,0.4069165786575336,118,331
4cc2f329eb226c55,0.614406779661017,0.41076278035133396,118,90
4ce739d40a22e077,0.5508474576271186,0.156244223295386,118,60
4ceae89103c0d12e,0.6567796610169492,0.7266314960136467,118,52
4cee721d5e79efe9,0.923728813559322,0.12278565680658952,118,35
4d0acb5db60cba96,0.5550847457627118,0.29585610346946956,118,99
4d317418930bea7d,0.8135593220338984,0.5301175230749006,118,265
4d33e65e0b556f21,0.8050847457627118,0.39843266867177424,118,210
4d3e74b8e2487a56,0.902542372881356,0.2557638442412823,118,325
4d5dee5a542b6636,0.7245762711864407,0.6351602053698214,118,92
4dc0e522a2cadd25,0.847457627118644,0.5422146333640033,118,25
4dc65f7854204d8a,0.8813559322033898,0.2626577857235392,118,261
4e17f480ff9c1605,0.8389830508474576,0.37147119066566214,118,172
4e3b621c113cbf86,0.9364406779661016,0.15327926131436517,118,206
4e45e4352d3faa50,0.4872881355932203,0.6193016367069619,118,375
4e557346c6640a2a,0.2584745762711864,-0.02002302742793934,118,170
4e7cf5637beee90a,0.8601694915254238,0.34425469439837597,118,40
4e84ab80215003e6,0.8206214689265539,0.5776644228177431,118,449
4e905ae7095fe046,0.4152542372881356,0.10514189843928612,118,106
4e963006a59c0950,0.7245762711864406,0.3315211711307669,118,115
4ec2b108b1033838,0.4491525423728814,0.44755741168229324,118,70
4edb146ba49ab240,0.788135593220339,0.3963159125160619,118,115
4edcec44f088ff01,0.5932203389830508,0.4170871334939981,118,61
4eddd01541de92a0,0.7033898305084746,0.47106631528101833,118,110
4ede08187df829a3,0.6864406779661016,0.41859191282792174,118,47
4f14aadaf952aba8,0.8022598870056501,0.5918957074546777,118,204
4f1a7ccca122f0bc,0.6313559322033898,0.5991019801971456,118,306
4f2808bd394cad20,0.847457627118644,0.4162352520268563,118,400
4f46c4bbcafd3134,0.8940677966101694,0.15409049592372914,118,60
4f570ac5d36a0e14,0.7584745762711864,0.2749074815738539,118,126
4f676d95dbbd0a55,0.8361581920903953,0.5605721369190655,118,549
4f68090562f09b88,0.864406779661017,0.27320592711424396,118,542
4f6907cc0bc4e041,0.8771186440677966,0.38930271608787387,118,245
4f6f8e6b9a0b6dec,0.8940677966101694,0.5185196307728707,118,1051
4f78fc6a80b3924f,0.5677966101694916,0.0056143546493529544,118,68
4f7f97b83f0c9d06,0.8728813559322034,0.48758527146262015,118,1059
4f81ea103359e5ed,0.5889830508474576,0.2699856776856566,118,212
4f8f6845ac13b55a,0.923728813559322,0.3937240310910234,118,223
4fbc7f0ec3f676bf,0.8008474576271186,0.48033022854844865,118,812
4fc36de68270997e,0.7542372881355932,0.4459995729019336,118,251
4fc679fc1669ca37,0.673728813559322,0.6566578229671869,118,42
4fdc1dd8c71031e4,0.597457627118644,0.22010722416573086,118,62
4fe1257b7c5ea392,0.9110169491525424,0.3705077924780965,118,483
4ff264643d3e16dc,0.8742937853107341,0.506712547629944,118,78
4ff3754973b997be,0.6101694915254238,0.4676858073973693,118,165
5009173bbacea542,0.9279661016949152,0.13077022568317495,118,38
501da86ab6fe207d,0.9449152542372882,0.2632346081825378,118,189
5058fdba6e7adc48,0.788135593220339,0.3803333629686906,118,50
5085918a309ac563,0.6610169491525424,0.7069872585723531,118,140
509ab674959d1123,0.6949152542372882,0.3892731830136832,118,74
50ace300d3c6f278,0.6567796610169492,0.680978801721901,118,34
50bf11685781a57a,0.8008474576271186,0.2809422354685197,118,55
50c2b7af31160ce2,0.5635593220338984,-0.20288348316926658,118,61
50d36bb145daae7e,0.9152542372881356,0.36705958894133184,118,375
50db669cd2bdd724,0.13983050847457626,-0.2207643965188627,118,44
50ec4b007f177a1e,0.7711864406779662,0.5685715064367646,118,109
510f581650cb6eb1,0.8389830508474576,0.028830416521103137,118,41
5115f204eb41b643,0.8686440677966102,0.34876330855246757,118,571
5123b2b0d3437a4a,0.3050847457627119,0.16292963181314735,118,65
51509979e815a1c0,0.423728813559322,-0.19475939090650557,118,588
516d9c432119d69e,0.885593220338983,0.5357087668023464,118,186
5176a324e4878b79,0.7372881355932204,0.461533849919723,118,60
517a2b549041407b,0.5677966101694916,0.5582528027754633,118,68
517c907c728b5e2e,0.923728813559322,0.39059912051326456,118,309
51ab85eb6457dcee,0.8177966101694916,0.31015138054108393,118,449
51c403a40bd3baa2,0.538135593220339,0.6754444479131492,118,45
51f6234261705f4b,0.8983050847457628,0.3079847496989532,118,602
521cb35fd23bfb4f,0.9279661016949152,0.2990289308026806,118,213
525eb51e26ab76ec,0.652542372881356,0.47601231757672524,118,25
52a7b9fcd7629d0b,0.8177966101694916,0.5877056695211839,118,50
52cdc39250fba9c0,0.5169491525423728,0.07519963785370833,118,26
530536ca7499a4e7,0.8411016949152542,0.3481503347883253,118,194
53260fad89b4ffaf,0.7076271186440678,0.674530924715969,118,102
5367f88f3eef2d2c,0.8347457627118644,0.4269232395189007,118,231
53748d0712a00a32,0.7161016949152542,0.39245930584262684,118,41
5377e8c0763a9c80,0.7796610169491526,0.4875451111459542,118,66
53785e3b400f18e1,0.7627118644067796,0.3077057289680237,118,411
5387404ab408404b,0.826271186440678,0.563247903648702,118,195
538fe41237dd43b4,0.9152542372881356,0.09518505454086529,118,38
53cc496eee7ef448,0.6228813559322034,0.33952136145705625,118,376
53ddf6b79e707af5,0.4830508474576271,0.48773644778432645,118,76
53ed1b7a6b90b684,0.614406779661017,0.530807389714909,118,72
53eee75e7bc6f9b7,0.9152542372881356,0.34918882776562304,118,500
53f3ff84020921a0,0.7415254237288136,0.5410375605287655,118,313
540664d39a7ad63c,0.7542372881355932,-0.14616539088144795,118,26
541fa61e5f192143,0.8728813559322034,0.3930341671283846,118,264
5423e41622ecc532,0.7033898305084746,0.5023453653217442,118,79
54419c2d4156ae03,0.3898305084745763,0.4120593743446312,118,69
54448ccea9036a03,0.5889830508474576,0.5772754016800833,118,126
546e706e96a1135a,0.8559322033898308,0.025227107206273133,118,70
546eea925a14a42e,0.6652542372881356,0.5522698040841523,118,99
54945dfaa447a096,0.2711864406779661,0.4850226591009973,118,101
549ff5053778a940,0.5127118644067796,0.45423802893339094,118,95
54a42083ba9edd62,0.6949152542372882,0.34169230051493044,118,75
551021067a24cf04,0.923728813559322,0.3892156004726962,118,283
55122f56ca174b30,0.5932203389830508,0.5875965922869975,118,80
551b1ec2d19005eb,0.7288135593220338,-0.09128661270228618,118,48
5543e3f98f087481,0.6779661016949152,0.4165190765543716,118,135
5544f33659eceea1,0.2669491525423729,0.005275882217686774,118,104
555da8348dae7c64,0.8432203389830508,0.5009503892363776,118,144
55714c4023521c34,0.8516949152542372,0.279235367954009,118,524
559311195b9f6757,0.6059322033898306,-0.04218996201377831,118,572
55a2422dbf441f8d,0.6949152542372882,-0.07589295322463294,118,416
55a9ddba9e5ead81,0.8177966101694916,0.29038553921464944,118,30
55bc9074e1785e8b,0.6991525423728814,0.3098911849149177,118,243
55f772831c1a2957,0.7372881355932204,0.3376523573082188,118,77
5607eece1ff4e864,0.7245762711864406,0.1279027093830276,118,171
564eb2d20dccbfa1,0.8305084745762712,0.60001437114313,118,268
567c4eb4df9173e8,0.847457627118644,0.5129399393994256,118,229
56c2ddad53f555bc,0.864406779661017,0.32211417689825633,118,133
56ddb088f7e52871,0.7584745762711864,0.21335270670191564,118,76
56fdaca3d9711cfe,0.8135593220338984,0.17551426918049326,118,319
57065bc956228a47,0.7584745762711864,-0.0007096293713013816,118,34
5718d16c2b5e4e34,0.673728813559322,0.640065839283764,118,50
573bb653a40b04e3,0.885593220338983,0.46782617172973856,118,349
574a02929da2953b,0.5296610169491526,0.3334992685523062,118,31
57579280908a41e0,0.6864406779661016,0.5773752935650323,118,121
5777cdb4f397f4cc,0.2923728813559322,0.536608856008525,118,68
5779749881089b79,0.8686440677966102,0.3485753927749841,118,576
577a16b830505261,0.3008474576271186,-0.011519918309247975,118,95
578e23cf26625602,0.8983050847457628,0.3951011361761644,118,347
57bb1da0d30dd7e9,0.9110169491525424,0.3723159031642108,118,293
57cf4bcb8b12188f,0.847457627118644,0.29711867950953896,118,37
57d11559983266ff,0.9152542372881356,0.14734198689348693,118,44
57d9d85f00f45f72,0.9322033898305084,0.39365996913065315,118,436
580d64874581cdb4,0.9661016949152542,0.2833807280248694,118,281
582f8a8e1fe112c9,0.923728813559322,0.21421291091901357,118,912
5837ea11edba832d,0.690677966101695,0.3438710450840925,118,344
586735c453d03591,0.902542372881356,0.33804725342228387,118,445
58a296670cbfd8b3,0.5338983050847458,0.5215677278632742,118,102
5907d3fabacdac1d,0.7372881355932204,0.5158421419406732,118,57
590ab688ed22223e,0.7161016949152542,0.5718364336489105,118,562
59114f960aeb9b0b,0.8050847457627118,0.2495858083246449,118,72
5922686204b11a42,0.7754237288135594,0.009491876237255018,118,72
595a03e9f1b3ce47,0.3559322033898305,0.1807869599532402,118,31
59a7da01863803b4,0.25,-0.2112504872021454,118,48
59d283b439026048,0.4025423728813559,-0.023911694333182954,118,74
59db045c6d9f5ac4,0.7457627118644068,0.4925234480670053,118,37
59dcaabf82435673,0.8050847457627118,0.49297379222893534,118,39
5a0a3ad5f239f2aa,0.6991525423728814,0.610812401392952,118,158
5a1d1145eba02673,0.2245762711864407,0.19010056184339497,118,107
5a224e0b00df1350,0.8601694915254238,0.2720111659218533,118,96
5a2c5964a6d09e3b,0.9110169491525424,0.3916093952025994,118,406
5a332a9d5a9c5dd5,0.9533898305084746,0.42957491999289965,118,197
5a3920b3c8f3e6ed,0.5847457627118644,0.04841757016150846,118,39
5a7844c64d150d3a,0.4745762711864407,0.46538573173881087,118,63
5a87a092729c3519,0.6822033898305084,0.6851079535438573,118,47
5a9f5dee158c3fd8,0.6101694915254238,0.4841104457466803,118,139
5ad9367aa81fd581,0.7033898305084746,0.533259953288717,118,121
5adc46a6d4db793d,0.1440677966101695,-0.04110759262730372,118,86
5af1e1c7093e85ad,0.3813559322033898,0.29312786252445105,118,99
5b1f649f95d24529,0.7923728813559322,0.3644702877596598,118,123
5b31586cdb0bd224,0.8177966101694916,0.3352213864531082,118,249
5b48ca715dc8332e,0.8813559322033898,0.3772744181988791,118,355
5b4af601e4758490,0.652542372881356,0.14970309179714042,118,422
5b6a73020ef1c0ac,0.788135593220339,0.5948389077128057,118,32
5b6f80ec08948d9b,0.847457627118644,0.24065509203836666,118,227
5b8438ef508f082b,0.7966101694915254,0.4760402897162619,118,49
5bb557d9ba8b2c40,0.7542372881355932,0.21915217408261572,118,391
5bc9f9b0a9f809fb,0.8220338983050848,0.5761097912285678,118,48
5bf8be9988edbd70,0.8714689265536721,0.546070545726417,118,50
5bfb74afa3e6b789,0.690677966101695,0.4434325606917575,118,150
5bfd349d2869b5f0,0.9279661016949152,0.5006074991347319,118,132
5c2a1615bcfb6ea8,0.9194915254237288,0.3555756414447996,118,536
5c62d96ba07e694a,0.7203389830508474,0.09565332974760932,118,118
5c83a1d8c218ff28,0.9067796610169492,0.46332210705168675,118,342
5c92efb819fc753d,0.8686440677966102,0.3849211040273926,118,472
5ca4a4e412657ddd,0.885593220338983,0.10800956967855253,118,35
5d2d14de5d756e07,0.6610169491525424,0.6227104456398428,118,55
5d37525221561fcd,0.3686440677966102,-0.035506023259580556,118,46
5d452d62d076b1c2,0.6059322033898306,0.5932466111113808,118,107
5d6b21952570123a,0.2796610169491525,0.46768581310182133,118,52
5d6d4c8625275673,0.8432203389830508,0.3534493013255273,118,348
5d82d74c0e0df5d0,0.8940677966101694,0.2334363842172061,118,16
5d9ab8a27857a754,0.2288135593220339,0.34244705252927776,118,62
5dbe0f123260e4c3,0.9449152542372882,0.4495256550467278,118,253
5dce8a339045c170,0.8432203389830508,0.3728198293800664,118,599
5df5e73819f1f8c0,0.8389830508474576,0.3500773834353434,118,297
5dfda0eb9da76cb5,0.9576271186440678,0.3116007860871346,118,58
5e00284464be89d1,0.8940677966101694,0.3812128310809627,118,216
5e03d3840d94438c,0.961864406779661,0.23389932303498662,118,133
5e05769dc9b1420e,0.8813559322033898,0.3846291251998189,118,414
5e1fae8ae45ec871,0.6059322033898306,0.2617779283813848,118,258
5e2c28ba2ac6b8b6,0.8601694915254238,0.4230331600590743,118,679
5e597902218c58f7,0.8622881355932204,0.3747146966399277,118,72
5e5d5d3de273d33a,0.5254237288135594,-0.07538913920187436,118,692
5e5f69f7ad2b83b1,0.923728813559322,0.22776441693934102,118,41
5e94c2334a7ca7ba,0.690677966101695,0.4262621099478311,118,602
5e9c07d5f2e446fd,0.6779661016949152,0.5913384154676753,118,164
5e9f734b69de8b80,0.6652542372881356,0.6094944347234911,118,87
5e9fa9dc85acc970,0.9576271186440678,0.40516858084073953,118,231
5eadff3f37ab26d3,0.7542372881355932,0.33053911484728316,118,796
5eb420098d1a4214,0.6652542372881356,0.4554093680411713,118,68
5eb666fba336f3e0,0.2076271186440678,-0.005364002382947234,118,72
5eb696d6b6b5a3fa,0.5635593220338984,0.5861806190195759,118,96
5eb81c90ec06de5f,0.9152542372881356,0.2723171601886384,118,25
5ef980a22fd8f283,0.8940677966101694,0.47635668223580074,118,398
5f06958ab7b36958,0.8898305084745762,0.3126423606462095,118,47
5f2739acb9c7bb2a,0.7796610169491526,0.43682169569871226,118,237
5f327050ec118040,0.864406779661017,0.43555032413355355,118,469
5f769460b412ae67,0.9279661016949152,0.128753668451928,118,18
5f7e78db3c97630f,0.7161016949152542,0.5033420614005112,118,457
5f86a60d2ddcb2a7,0.8177966101694916,0.38409634247937735,118,795
5fb99136cd2d2fee,0.885593220338983,0.37897327116350127,118,361
5fca8d706911354a,0.6313559322033898,0.44058978444658214,118,90
5fdb1a9c6cf4576b,0.8940677966101694,0.17012835314951866,118,38
5ff1ccb1da6c6da5,0.4872881355932203,0.5012932666442244,118,56
5ffd56dae2c881be,0.8305084745762712,0.39696676047003354,118,303
6036c90a3544c84f,0.940677966101695,0.36722542440996164,118,879
6041b1e180d3a546,0.864406779661017,0.23963733578175464,118,57
60509395573d499c,0.885593220338983,0.3378322071695601,118,217
605361e2144ae9ab,0.8050847457627118,0.3396397912326976,118,168
605cd00e020a8afb,0.4152542372881356,0.2123397467004043,118,96
6063b442747cced4,0.9110169491525424,0.37111078960517,118,121
609b73e335d4c031,0.22033898305084745,0.18235197430041608,118,53
611a9ffcf7c85e25,0.6271186440677966,0.31039483951505276,118,183
611eee0bde24af8b,0.788135593220339,0.31990958610027187,118,225
61222ba2de28be7a,0.3559322033898305,0.31764739007189347,118,66
612f1484c7ba64ea,0.923728813559322,0.3547801153006386,118,346
614278a7110be95f,0.15254237288135594,0.05919607978253465,118,16
61604a2b5a1bc634,0.6313559322033898,0.5225972442914856,118,152
61aea8dae998ebe0,0.17372881355932204,-0.046276343617135285,118,58
61d40193d743d29b,0.5169491525423728,0.5555520442024731,118,84
61e3dc6af9511add,0.902542372881356,0.2682821858347041,118,430
61e9a711371bd196,0.8516949152542372,0.3053351151099011,118,752
61ec32eab5370862,0.9110169491525424,0.42100917677149,118,133
62398e43cd328960,0.690677966101695,0.660788888341334,118,101
624515d40d808a02,0.8983050847457628,0.12190409128884443,118,18
626ef67a3268985e,0.8516949152542372,0.29713444731734756,118,41
627dfd49b7bfc09e,0.2923728813559322,0.3281188486737803,118,43
62934a05b5572e08,0.5720338983050848,0.44767001052109867,118,175
629367f635a90cce,0.6186440677966102,0.482427199607628,118,28
62aefadc213054a5,0.5127118644067796,0.46055979149626725,118,167
62b34102bd980dba,0.8305084745762712,0.3999007298385073,118,87
62bfcdd6c858e730,0.7542372881355932,0.5297542987848322,118,222
62ccaa3ab2164fd5,0.940677966101695,0.1628137823549686,118,52
62e4ced162668b1a,0.8686440677966102,0.30807881330914105,118,500
62fb76a502a72e6f,0.8432203389830508,0.6181231721600899,118,226
62fc72de74947626,0.711864406779661,0.45499875732216455,118,265
630cf61a59ceeed0,0.7076271186440678,0.34035266362031785,118,75
635d601cd6788777,0.6779661016949152,0.6632894735772069,118,56
63764f28e35a5638,0.5805084745762712,0.5488689239624742,118,293
637ca1a2030b250c,0.7457627118644068,0.517368887258673,118,545
63ce313ffa012399,0.9194915254237288,0.44019265806044106,118,487
63d39fde8354390e,0.7330508474576272,0.47241255009576794,118,280
63ef15bfd2a73283,0.9364406779661016,0.4246961171363133,118,137
63f60472d2a7cd2b,0.8389830508474576,0.25564364633244935,118,40
6402ce2657c573c2,0.7584745762711864,0.2094617783322297,118,101
646fbcda0a733813,0.6666666666666666,0.35953762802718753,118,310
647bd5816110a191,0.690677966101695,0.16795921518368162,118,235
6480339a20ee8764,0.8813559322033898,0.4916832492011214,118,387
6494fe49c53b1416,0.4322033898305085,0.6278959552301667,118,49
64b296e2e49e864d,0.902542372881356,0.37088929645285346,118,350
64c55e31a37ca2c4,0.6567796610169492,0.46557579856662107,118,145
64e5387311051079,0.7457627118644068,0.4368835874645351,118,192
64f03b463d2087b6,0.9110169491525424,0.41152027478133063,118,198
64f4ae0bb123eb06,0.8813559322033898,0.3026058886617105,118,461
64ff77bd7053eb4f,0.9152542372881356,0.39872712978227215,118,188
650a0a51e24a171b,0.7754237288135594,0.6474899349201609,118,95
650a6bc76f90ae22,0.8135593220338984,0.3168482588020567,118,29
6510cf0855179064,0.885593220338983,0.27320150586756214,118,354
652ffdb73a0030cc,0.8686440677966102,0.42991721015091555,118,349
65513810afdf6df4,0.4576271186440678,0.5333214620495969,118,110
657e58f8c8eb69e0,0.652542372881356,0.6414065842924493,118,166
65821e640f74c29b,0.4788135593220339,-0.37936579871744563,118,465
65de2e2c83a161f9,0.2288135593220339,0.1778464647439673,118,54
65f0cd733d018057,0.8559322033898306,0.4257347360398353,118,117
6607ecaf1d2784a8,0.8432203389830507,0.4813445569445784,118,56
661353e2ee0728fa,0.6694915254237288,0.13871043967869656,118,200
6626ebb84c3ef67b,0.7372881355932204,0.7534514284073841,118,45
662864a50b0cfa8b,0.809322033898305,0.5439798115620864,118,328
6651c7628bb5f57a,0.8813559322033898,0.3432730901986763,118,351
6654e09256da412a,0.7076271186440678,0.6803957727570354,118,186
6655239c96dcb994,0.923728813559322,0.3616254983619231,118,223
665e7afce28e7ee9,0.7923728813559322,0.500922150597492,118,53
665fa416805dfc93,0.4279661016949153,0.44172188044654703,118,127
666e41cd45ad19c1,0.6610169491525424,0.6318975745782739,118,106
668ba9c243dcc702,0.6483050847457628,0.545789956789739,118,55
66c9cc5940f65557,0.923728813559322,0.4244739386391659,118,253
66d7cd64d67d0bfb,0.8813559322033898,0.34550355683252126,118,448
66f4e04ddf60a094,0.9152542372881356,0.3953808108468443,118,379
6702bc042cd17117,0.1906779661016949,-0.23858060087585395,118,230
670362fbc6fba8e8,0.6186440677966102,0.5308958625135018,118,118
672ada585ec4c95a,0.8898305084745762,0.18793258394105475,118,45
6744edcd5d79238d,0.8728813559322034,0.3482807855191527,118,513
677bb58b02f0df38,0.7669491525423728,0.13811427644173704,118,52
6793dd2c3a71e0c1,0.8898305084745762,0.4122999079234059,118,707
679d1cd4837d9034,0.690677966101695,0.20944590692803208,118,148
67badf913a24c544,0.2796610169491525,0.28341473126201633,118,112
67bde88e34bf42bd,0.673728813559322,0.6301183171247824,118,118
67e10f303a8e6140,0.4830508474576271,0.4124903762986147,118,118
67e18fdb61175605,0.7288135593220338,0.13175912790837227,118,74
67f071c1cabdc75e,0.9194915254237288,0.43812761301447023,118,340
680fcc04b57f639f,0.6398305084745762,0.4832943424276448,118,35
6840247b433bc99e,0.7203389830508474,0.6319052325221602,118,60
6840dbca51721a9b,0.8686440677966102,0.23984856898021828,118,451
68581bd56ee7468d,0.9067796610169492,0.4435441561257925,118,223
6878da4139c0cc69,0.8983050847457628,0.4116463775860204,118,440
688232ef3e777833,0.7372881355932204,0.4274263206487292,118,60
688b0d9d6fc743d4,0.8728813559322034,0.45148638986371403,118,260
68a29b609e5bf5fb,0.5211864406779662,0.3492235886308312,118,136
68a38c1065d1c66c,0.6610169491525424,0.6432710906732446,118,120
68a38c4732537647,0.8276836158192089,0.6030421914585748,118,146
68a511e2290708b3,0.6991525423728814,0.23815343246468249,118,322
68b5841dc525d6d4,0.923728813559322,0.32673581004129326,118,425
68ed7803c4ef88f5,0.5932203389830508,0.5986719920593997,118,272
68ff4a16a2334890,0.9322033898305084,0.3671797441723823,118,277
6918c1027438e8b9,0.8898305084745762,0.2865056563197844,118,654
691918c645929dff,0.690677966101695,0.2610024164471801,118,389
693088705d43d706,0.8813559322033898,0.47361816314771643,118,343
693e818f49a2e320,0.7372881355932204,0.05381008624560386,118,468
694318c145ff64da,0.6949152542372883,0.46146802355286237,118,169
695781a07d631573,0.21610169491525424,-0.10328657117301972,118,32
696343c065a908ee,0.6864406779661016,0.17124748434827985,118,571
69645749c3bf0bd2,0.9449152542372882,0.346134945688419,118,447
6966a6fb26ac69dc,0.538135593220339,0.35417787414205454,118,65
697723ab0575038f,0.788135593220339,0.4200285946767599,118,217
69a07cea98f62ce5,0.8728813559322034,0.6219535593706934,118,804
6a499c3261ec8b2a,0.847457627118644,0.38110952290723227,118,403
6a64f58944bd8c57,0.940677966101695,0.3767100401873236,118,376
6a73e73857ebca34,0.6483050847457628,0.646195493395415,118,65
6a84ead897de27a9,0.6991525423728814,-0.003154064232576169,118,47
6a89864d8f7b181b,0.902542372881356,0.4429945216073995,118,292
6aa0586ac8c76eed,0.7457627118644068,0.3775278335718748,118,742
6ac7a2c0bdcfc2dd,0.6483050847457628,0.6103746884540175,118,38
6adf682a2d06cc4d,0.8389830508474576,0.4685715284430021,118,280
6af749ff8a5be7f9,0.8135593220338984,0.34315961430437186,118,39
6b3a7e8dcfc7b10b,0.8305084745762712,0.28930541924012676,118,294
6b569dfaef4c6539,0.673728813559322,0.48842682444542984,118,33
6b9b7e23a98b5874,0.8389830508474576,0.5820491333599038,118,65
6ba726055577ce79,0.75,0.1111716778329588,118,125
6bb267c2a2d441c5,0.6652542372881356,0.5737402566206862,118,85
6bb79e9c853b56ef,0.8050847457627118,0.33579014460286044,118,380
6bbf4604d903ee5c,0.4788135593220339,0.37682657585310875,118,205
6bc34d202b479cba,0.8177966101694916,0.38660007468435464,118,74
6bc5cd7574a37a4c,0.8220338983050848,0.27511228820751205,118,98
6bd319f7de3f3884,0.576271186440678,0.17946766945556267,118,338
6bf938574963759e,0.5127118644067796,-0.19374274733557165,118,47
6c0ce5d5a8a0ea73,0.8771186440677966,0.46910182984280036,118,54
6c14edb9dd9bf4e0,0.8813559322033898,0.1079468031967817,118,16
6c196edb872cdf41,0.7372881355932204,0.28091896023188423,118,546
6c31b5f5be077cb4,0.6398305084745762,0.19582796259834578,118,110
6c4c81766a9e6e1d,0.864406779661017,0.43942744922744176,118,386
6c50c66437baefec,0.5550847457627118,0.5051605658640685,118,104
6c526d061666035c,0.5042372881355932,0.5030051279063766,118,42
6c55ccc6edb3626b,0.6779661016949152,0.4251035743257506,118,225
6c7480b2edc83b63,0.7076271186440678,0.14406629161679327,118,51
6c79e3d9ffae8c38,0.8559322033898306,0.2905477574367775,118,403
6cece2be5a5d20ad,0.902542372881356,0.3792538239128849,118,49
6cedbde0a086c9ac,0.8983050847457628,0.2729813381983062,118,490
6cef21b454b2104a,0.902542372881356,0.37046988632277555,118,360
6cf090717914a34b,0.1483050847457627,-0.1879213804329189,118,67
6d025f85b926529f,0.9110169491525424,0.4159301244678845,118,67
6d1f3bd30e1e51ae,0.75,0.4089836000460862,118,152
6d4a4a14f7a66726,0.8347457627118644,0.4448434609175662,118,199
6d57d08da3d09fe7,0.864406779661017,0.35457782307085134,118,224
6d6b926b0d8d8ff1,0.673728813559322,0.5868600423926246,118,36
6d957134c10dfeee,0.8305084745762712,0.4471894327401746,118,456
6da7fec840311f28,0.5911016949152542,0.47971431476184945,118,317
6dacbbbf05e30b8c,0.576271186440678,-0.049983883098569465,118,452
6dfc8fd8e1ff27ac,0.8983050847457628,0.4523235317645731,118,379
6e020c85036ecbee,0.7923728813559322,-0.031246622447577754,118,60
6e112c864810ecd2,0.8305084745762712,0.2313694458636763,118,245
6e12298b6fa71f40,0.2076271186440678,0.37241781086257914,118,47
6e2926c345eb9b41,0.8898305084745762,0.45043251324638506,118,424
6e30a56f926dc990,0.8135593220338984,0.5301819547552015,118,418
6e335fe2c2c87788,0.8333333333333334,0.44465010942558514,118,114
6e3db3592ea3030a,0.711864406779661,0.5925412016410629,118,46
6e56b509bf500154,0.9576271186440678,0.22209123409748927,118,27
6e5900608f9f5270,0.7033898305084746,0.7270066356970892,118,29
6e5a42fb63566c97,0.940677966101695,0.19557260056372144,118,82
6e5bf864d29dc9ac,0.9152542372881356,0.433248719228855,118,366
6e6540d9c126a1f5,0.7245762711864406,0.1829914495815829,118,77
6e818666a505eafa,0.2627118644067797,0.04688456722827553,118,35
6e9bf9d1d3812244,0.8432203389830508,0.16035851671530918,118,108
6ea26d20c01c7add,0.9322033898305084,0.45451470685958656,118,430
6eb7572204f1b284,0.7330508474576272,0.4024506616995217,118,366
6ef963970fa24b38,0.9703389830508474,0.35825459153246625,118,605
6f00cef237508c0d,0.864406779661017,0.17934717721969637,118,86
6f5b3dbf632e9d21,0.6567796610169492,0.533285885437126,118,59
6f60fdf735114bea,0.9067796610169492,0.49752000729736684,118,418
6f9a66348e34feec,0.8898305084745762,0.390984382347713,118,567
6fb477ad73b77cd4,0.6680790960451976,0.15095641551188269,118,55
6fe4690bff59a322,0.9322033898305084,0.3494206435476119,118,373
6feef6060d6b02a4,0.8686440677966102,0.3708757497010624,118,40
6ff4fbdc6ecc8173,0.6059322033898306,0.2942873205225664,118,52
6ff6a587282512c3,0.6567796610169492,0.52548091968263,118,32
70029949e3cba0dc,0.6822033898305084,0.12943624945126803,118,250
7006538b0c9a374b,0.8601694915254238,0.3332902897381461,118,422
701862e5287bc324,0.6186440677966102,0.5291871041075534,118,55
70331a008ff0f5f8,0.7161016949152542,0.33894144886921507,118,289
704a1c5ba4b5c4b0,0.864406779661017,0.45738760475774987,118,53
704a3d7ffbf5aed5,0.7076271186440678,0.0006928148476018136,118,34
7051db09e46bf65f,0.8177966101694916,0.2937282110810533,118,302
7093df29e235dbeb,0.885593220338983,0.4022744001385916,118,426
70b3b9f468c3bbfb,0.6059322033898306,0.285578065492904,118,78
70f236751a9b00bb,0.4152542372881356,0.18173183090326817,118,62
7101a1765a204182,0.597457627118644,0.5482797157209734,118,76
710dc0a3462ae043,0.5677966101694916,0.4839032084551085,118,113
7112d2c233ced527,0.7203389830508474,0.6414512483091895,118,122
7120c802acb4edde,0.8516949152542372,0.36293583994877104,118,23
7143c828ce6b15dc,0.9152542372881356,0.4485629263027642,118,205
7148059b593874d8,0.8516949152542372,0.2596398264370741,118,48
71587ad0e75ce0be,0.8389830508474576,0.5161866781514521,118,236
715c62c08b971bfd,0.9152542372881356,0.17449115253626304,118,20
71733f4c2f3ebf3c,0.8220338983050848,0.5036049016007089,118,495
7178e91fd0a8f52d,0.6398305084745762,0.11476769999938113,118,408
719323de3586320e,0.8898305084745762,0.5025120666177745,118,270
719e3ac4e2f24508,0.8177966101694916,0.42676304362799883,118,148
71a4f2c967eff3fc,0.7966101694915254,0.2868345167186202,118,448
71b05ec5a9f7902f,0.6483050847457628,0.6768380155751944,118,98
71df8eb819c36aa1,0.7203389830508474,0.11868193171224023,118,40
71f27cab486ef29d,0.5042372881355932,0.15908774211136614,118,184
71f6b0829b0e8cde,0.847457627118644,0.42136778861223506,118,451
721020e928aed422,0.6567796610169492,0.5855363548338257,118,79
7243ceebc3ca4872,0.5423728813559322,0.6295076144710863,118,135
7260dac0d225bf6a,0.8050847457627117,0.6309962755068573,118,23
727bce13b1854f66,0.9152542372881356,0.27815036784767627,118,96
728950bc0041b27a,0.8135593220338984,0.23386553023778495,118,169
728bbda9b684cd6e,0.3559322033898305,-0.10160233542932708,118,76
72c6a1f45116977f,0.9152542372881356,0.4228876788050281,118,405
72e377afd8592a31,0.8389830508474576,0.46475024026390216,118,167
72e70ab0fb14b8a6,0.7627118644067796,0.5535661064749309,118,221
72ed0f3236838922,0.5466101694915254,0.367284787894284,118,204
73150ec0099613a4,0.3983050847457627,0.420161118085059,118,46
732bcc98d0dc2e31,0.8940677966101694,0.3206399604897575,118,425
73445d8e8dba435d,0.690677966101695,0.2836300553255404,118,164
734f6e04d565db30,0.6991525423728814,0.26814759257744175,118,601
736030665b3b8786,0.7669491525423728,0.5547537968980915,118,63
73613e1dc9fa55d5,0.6440677966101694,0.4777433492980597,118,226
736152931af2c8d6,0.4576271186440678,0.215788645637464,118,85
73775ef5a50f265b,0.7627118644067796,0.07591335276698295,118,44
737e1732c587a72f,0.559322033898305,0.09927870570926131,118,192
7391dbc3456be95d,0.711864406779661,0.36658130979363696,118,259
73a557400ee6f3ce,0.8898305084745762,0.37050593288133604,118,713
73c8faa72519cc1e,0.902542372881356,0.4376371942266892,118,353
73d1e2c298ac63fe,0.7330508474576272,0.6561647249025115,118,177
73d5405587b2d241,0.7923728813559322,0.5246616486253753,118,63
74035129297fe484,0.8841807909604521,0.5112863892226578,118,107
7403b3fbda149f87,0.711864406779661,0.17398944665250932,118,104
740f7389722240d9,0.5805084745762712,0.6445458337749067,118,27
7416ed6b1a9bd9b0,0.9194915254237288,0.45904432178293625,118,260
74627b535b22b7b7,0.690677966101695,0.5701417412791757,118,271
7474e5547ba94799,0.7415254237288136,0.634130033588433,118,219
749b7011982435eb,0.8898305084745762,0.50600164434606,118,121
74b2349f4552bbef,0.576271186440678,0.03736412474177672,118,842
74b26ec95aa579f9,0.8559322033898306,0.5262514522396295,118,719
74be618204a97c7f,0.5889830508474576,0.27445977413100264,118,127
74d22b7383da1d38,0.8008474576271186,0.11314924150584328,118,47
74dccd0a21f163ec,0.6991525423728814,0.5372068010846767,118,73
74dec71ad59ccf30,0.8050847457627118,0.16481976495598094,118,57
750f8bec6225fcc2,0.9110169491525424,0.20656002684458247,118,804
751f1c234ec77964,0.6228813559322034,0.12853326980037502,118,169
75389e7ab3b23fea,0.6186440677966102,0.18105802794171663,118,688
7542c398b4b65839,0.7584745762711864,0.05741012723050711,118,203
7553c024e2ea7238,0.6652542372881356,0.6521704626095197,118,61
758250e7f21843ca,0.7372881355932204,0.718643897581448,118,125
759a9f0aa431ff17,0.7584745762711864,0.6574946924163348,118,22
75ba62a65821777b,0.597457627118644,-0.017265317838827152,118,667
75c38da2ec8abc86,0.24152542372881355,0.012638586204036416,118,67
75ec52a7d2fc743b,0.6016949152542372,0.7347068279311805,118,64
7626091537352ad5,0.8813559322033898,0.20191984929060666,118,34
765326371da662d8,0.7372881355932204,0.6210984784601621,118,134
767e59f238b8347a,0.8686440677966102,0.37424992545366054,118,41
76baef0ab42e7558,0.826271186440678,0.2418614037954363,118,304
76cf0006efc27ddd,0.8940677966101694,0.22875178264057217,118,53
76d82798e5ee5fd8,0.6991525423728814,0.5952185766251373,118,28
76e1118e6a7995b8,0.6483050847457628,0.6942787619773703,118,45
76e96d2dff34930f,0.7203389830508474,0.3273768776502039,118,400
76f35b8d4f1c3e88,0.8983050847457628,0.08273783546103117,118,26
76f795ce74adf4ad,0.75,0.5548877425532186,118,233
77037cfde3423145,0.809322033898305,0.31470112016344887,118,610
7745355dd94b580d,0.6228813559322034,0.6757455119581167,118,70
776c208d8513bab4,0.8898305084745762,0.16083261755182693,118,36
776c8a8773cfe87f,0.809322033898305,0.18083367003407008,118,411
78178f07dcaf56e9,0.5635593220338984,0.3916107670289605,118,166
783552e7344426d2,0.597457627118644,0.46856100842707926,118,162
78389052b8f33649,0.7330508474576272,0.33377358034334803,118,569
783f0c044ffd9ad8,0.326271186440678,0.21654975899653844,118,68
784dc0e66f168d13,0.8601694915254238,0.38743461037321264,118,377
7878ed26ebe2978c,0.6101694915254238,0.6325255740281884,118,47
787d2150c660aef0,0.3771186440677966,0.3276551287673989,118,79
788000175c4ae489,0.8940677966101694,0.3400298450068166,118,342
7884a45de0758a82,0.5889830508474576,0.603111495526367,118,52
78aec723a336e47c,0.8940677966101694,0.20109790690159235,118,57
78bc99f199b989c5,0.7033898305084746,0.10059261522026916,118,61
78d35411d7e19283,0.7161016949152542,0.5568377691129645,118,98
78f34757afe778f0,0.7923728813559322,0.3032799408912534,118,405
790ba62072231b2b,0.7648305084745762,0.2864634029331191,118,816
79471e92e8009792,0.8771186440677966,0.40945201294844474,118,35
794b4f78ab052e8c,0.673728813559322,0.2380203475209715,118,210
795029b76b7d7615,0.6398305084745762,0.41604064587843476,118,132
795bdf9a56d029b1,0.673728813559322,0.6508318931678362,118,23
796f59d0b3e948f6,0.7966101694915254,0.3917567281581922,118,305
79a7fdeedeefa357,0.826271186440678,0.3497269429921396,118,665
79b76d836bba88e1,0.6991525423728814,0.6662845123308062,118,183
79e261d5adad6584,0.7838983050847458,0.32330378895690803,118,913
79f0c2d3861798f1,0.8008474576271186,0.6124839450320796,118,136
79fbc08acdbb4186,0.5847457627118644,0.6166438570892847,118,68
7a2195d93ad5c627,0.6313559322033898,0.5128188796654026,118,37
7a5853b4d6ab9620,0.8601694915254238,0.32140709600372686,118,136
7a70e5adf69d3b60,0.4322033898305085,0.5248053009580577,118,147
7a77f738089286d5,0.8347457627118644,0.6107415275177142,118,540
7acf579a061db3a8,0.8559322033898306,0.5128674513703719,118,93
7ad6e58198cdf9c9,0.23728813559322035,0.3579880140602201,118,57
7ade233815d99f37,0.8813559322033898,0.5316123516759367,118,28
7af708916a9cfa14,0.9110169491525424,0.307072309129918,118,130
7aff3f73f187c897,0.8347457627118644,0.027351559985556363,118,392
7b80ca66460cfdd4,0.7415254237288136,0.3460132173426288,118,477
7ba1832ca1b33351,0.7288135593220338,0.28302622693981766,118,104
7ba2188d92c606aa,0.8898305084745762,0.35027441505759255,118,56
7ba38f796468dba2,0.9194915254237288,0.3822286904082946,118,363
7bc156697e81c273,0.7372881355932204,0.22542408361038652,118,716
7bd39c89788cc750,0.9491525423728814,0.34749845832700776,118,216
7be431ae80d048ba,0.902542372881356,0.23950390003265853,118,37
7be90b148f6f4b49,0.6313559322033898,0.5350239784180217,118,74
7bfa048e10920cf3,0.6822033898305084,0.6489167903711487,118,139
7c0277ee1eadd9ec,0.6567796610169492,0.5332187294871659,118,76
7c04055269c82a84,0.7372881355932204,0.38210047973215633,118,257
7c20d1e954e6bdc3,0.885593220338983,0.40473998506205194,118,437
7c48e68980eb2cb5,0.8347457627118644,0.39555948269217833,118,42
7c58c53151382793,0.6652542372881356,0.4403617165691728,118,168
7c7465488951df4a,0.8686440677966102,0.3168639123804805,118,74
7c7755c1f16201cf,0.4872881355932203,0.4068336050800791,118,189
7c826f05b29a74c2,0.923728813559322,0.3828097640853947,118,45
7ca2c94486e97e67,0.923728813559322,0.43680761034721444,118,264
7cae521085f7f071,0.4788135593220339,0.43368485030632326,118,35
7cda3c3eaa5299c6,0.6864406779661016,0.4324631382616228,118,47
7ce68d7ba70966f2,0.7457627118644068,0.5584979433033109,118,59
7cf6ea6f61a8a285,0.8559322033898306,0.27628330287350944,118,1301
7cfe7009757d95c9,0.885593220338983,0.4110542731449474,118,456
7d1a777f8ff3d25d,0.8601694915254238,0.19835336021943958,118,50
7d232ab57c0eea30,0.6991525423728814,0.6324760312752311,118,1237
7d2ceccbb9bebfbf,0.7838983050847458,0.3651918309332026,118,49
7d33960a0681aaeb,0.5635593220338984,0.5156853802188511,118,109
7d3c7a5b26030d83,0.7584745762711864,0.40955656426807235,118,71
7d3d23f620969b02,0.8305084745762713,0.41507470032073784,118,591
7d42a55fdc8c33ee,0.7584745762711864,0.6364671003179694,118,143
7d4f6dcd4b436822,0.885593220338983,0.30194718920449326,118,333
7d549303039beff3,0.9194915254237288,0.38722005538526255,118,360
7d564ffcba63d6f6,0.885593220338983,0.23963054619556412,118,68
7d63c1331bd3d0a2,0.538135593220339,0.4884725281036922,118,96
7da5fb726777e4b5,0.7415254237288136,0.5290675916979032,118,154
7dad73cf2895f72f,0.7584745762711864,0.5398040960307527,118,260
7de3c0e8cf2925a0,0.6779661016949152,0.3582721295236635,118,102
7dfa1bce001c3aa5,0.576271186440678,0.5743806563352973,118,74
7e229e991d7d44c2,0.8940677966101694,0.5212993202455029,118,880
7e5603395bc75769,0.8432203389830508,0.3254337931055786,118,658
7e6ec33e2ad043d3,0.8771186440677966,0.30260254760463606,118,275
7e74025ae4bf2d8f,0.8050847457627118,0.30021971741717707,118,78
7e7db05b0e06a14f,0.902542372881356,0.5482992899337035,118,476
7e7f515c2b61bc2a,0.8516949152542372,0.43893474098071705,118,148
7e82152ec13bc412,0.8135593220338984,0.24320745387613257,118,465
7e9672a2fc24cd61,0.9152542372881356,0.399149388289738,118,370
7eb3dbf46e5c6e28,0.8601694915254238,0.31330587909908486,118,475
7ebb8b2385789881,0.9194915254237288,0.21177097415228835,118,55
7f02b40b9d8b32d2,0.5889830508474576,0.6576839045056302,118,169
7f27afe0247855b1,0.6652542372881356,0.44662130398221034,118,31
7f343da1a336ba80,0.1440677966101695,-0.008333426184538334,118,43
7f535962f6c5bf52,0.4788135593220339,0.09189430261597069,118,27
7f5791d0071a7d88,0.940677966101695,0.28826486812452257,118,189
7f9a6d9dbc10be35,0.8940677966101694,0.20910178377204053,118,55
7f9dece8437fba91,0.3983050847457627,0.20008466175273823,118,406
7fc4cde4d8e63ed6,0.6271186440677966,0.5984387689973933,118,122
7fcd6a5334ebdfb9,0.826271186440678,0.2987959960057167,118,183
7fdae52db618e889,0.8771186440677966,0.28500835292242094,118,47
7ff31c0ebe4ffd42,0.8601694915254238,0.2700510447295836,118,53
800cff31960ccefc,0.5847457627118644,0.5329216873323684,118,98
8015f2541db1e6e9,0.8940677966101694,0.5512172735017851,118,344
8081d160a5f79a2e,0.9364406779661016,0.26212554081446,118,317
8094be8ffe377fb0,0.9279661016949152,0.23899245434341096,118,234
80a8f99d93ae9dba,0.5677966101694916,0.34589490830282593,118,238
8100ef90dac8cb2b,0.3347457627118644,0.2217799111933868,118,159
81019e60c9ba80a0,0.7923728813559322,0.41146692105846405,118,186
81304e9e8e506833,0.8135593220338984,0.6461153183112465,118,32
815038e427b98cc9,0.23728813559322035,0.05266282578905641,118,54
815f2aa323b238d5,0.6610169491525424,0.6571477827142858,118,30
819e6dcc09b8bca9,0.826271186440678,0.3066469530908936,118,239
81b28589a1e26874,0.8389830508474576,0.35209179707369054,118,455
81b6a7e0d48c69d6,0.6016949152542372,0.062372013355788035,118,124
81bdbc99d0509797,0.3983050847457627,0.3597401549482266,118,56
81d9c25197c518fd,0.559322033898305,0.6287392357643227,118,30
81e819dabfb9d98d,0.864406779661017,0.3830928805860439,118,284
81ea8cc2bef5ccfc,0.6949152542372882,0.1632198898564047,118,97
82176fce19ef5628,0.8601694915254238,0.3993446570561382,118,38
8224e86b5add375a,0.7796610169491526,0.4347979025723491,118,544
8243cab7509f93db,0.885593220338983,0.36745045839272555,118,160
824550b37df029b7,0.7457627118644068,0.4910991997997891,118,65
82ac35e128a26e84,0.7711864406779662,0.4400157964172143,118,426
82df412b32b4c683,0.9322033898305084,0.390970791589549,118,343
82e2b62414eb73e4,0.5805084745762712,0.23242468117210022,118,219
82e93d963d3c2afd,0.7330508474576272,0.43253659847895665,118,46
82ecfb3908bffcaf,0.8177966101694916,0.4413923814084018,118,329
8300a253cc669ead,0.5932203389830508,0.5348015150843116,118,62
83670d4dff81004d,0.5423728813559322,0.48144411484126676,118,68
8372a0c68a0c954d,0.864406779661017,0.31168813758810365,118,122
83811cae54c04df8,0.8898305084745762,0.45943725462350515,118,426
83b2523a3534da21,0.8347457627118644,0.5889151298631935,118,19
83bd365daff1e5e0,0.3220338983050847,-0.3166310664052258,118,151
83c62bd9bb74973a,0.9110169491525424,0.5141713234446529,118,384
83cd32eda0b2af50,0.882768361581921,0.41915069120837917,118,17
83da2f4ea84c6d0c,0.8347457627118642,0.5950251563592017,118,112
83df4648a47b418d,0.5677966101694916,0.4219855083046365,118,162
83f7e3158ac4040d,0.6271186440677966,0.6601824024953092,118,31
8407c9c009634a4f,0.8220338983050848,0.2934609826536743,118,783
8425a8e53e5b707e,0.7076271186440678,0.6634667334312516,118,28
84376374f7c8d37b,0.8728813559322034,0.3788734572290818,118,648
843ea8a510401f7c,0.7669491525423728,0.3982494868435472,118,233
8441f535ef0c4fd7,0.9110169491525424,0.10624961637370556,118,29
84477715f45b1be4,0.9322033898305084,0.2785495822766994,118,413
845390de7b95a941,0.6059322033898306,0.35219580214865925,118,391
84634a2b0b27e094,0.8516949152542372,0.23996885189587955,118,771
846a036a4626d776,0.7372881355932204,0.35523774948396003,118,530
8479625671f4f3be,0.9449152542372882,0.44004992313181046,118,382
84c8b038650138d0,0.4788135593220339,0.3923272018798592,118,123
8512ffa6df616d08,0.9025423728813556,0.5161432420999928,118,68
852a1ff16d9da84e,0.7966101694915254,0.635680598074996,118,71
8532e2276a8bed55,0.5127118644067796,0.3538867967231866,118,64
85362c2f7c54701c,0.5254237288135594,0.5860529422256948,118,104
85405b0ae9a63228,0.3601694915254237,0.36998227503928593,118,195
855cd03fc0ebe851,0.788135593220339,0.2905787266186681,118,71
85852831e51141ce,0.8771186440677966,0.3131929964962442,118,50
8588eb4c4eab4fa9,0.826271186440678,0.42376615780474775,118,302
859d811eae1799d3,0.8601694915254238,0.1995246764093582,118,450
85b7208da49be055,0.6694915254237288,0.6661883489179561,118,61
85e8d9d8775aadcb,0.8686440677966102,0.17666016717396743,118,616
8617c0a90004d412,0.9152542372881356,0.23740975055656602,118,42
861d7c6571026696,0.7711864406779662,0.13800128744432766,118,230
86235f26836c5765,0.6313559322033898,0.5291960403380251,118,22
8658adf54013a6ce,0.9322033898305084,0.3263704763424009,118,423
8679f679b51006f6,0.847457627118644,0.4966466534799023,118,377
86ac511ad81c9fa5,0.8432203389830508,0.4045882316052038,118,70
86b2ae15cbbbcada,0.6610169491525424,0.7154169721717876,118,204
86b6b1351f56d3f2,0.5423728813559322,0.48542437448706416,118,50
86c314b9c742d634,0.4661016949152542,0.3322158326335934,118,156
86c9881700048ee7,0.4872881355932203,0.512110048734454,118,52
86ca4bd5d214f2b1,0.5466101694915254,0.532179002611759,118,62
86ca6eabcfc0dbec,0.6652542372881356,-0.000714021606682466,118,476
86d6fa96f9c4a068,0.5805084745762712,0.4614697181185569,118,76
86f28375bb0448a7,0.5677966101694916,0.13337142111950434,118,67
87016a05c00d16b1,0.5423728813559322,0.5545293813161671,118,95
8722c509010faf67,0.9152542372881356,0.2895735601397687,118,39
8727377a387513d6,0.8601694915254238,0.5028870858982903,118,852
872a2ee23d2817f4,0.423728813559322,0.3183980513917736,118,200
872f38edc0af0a02,0.844632768361582,0.456136548446335,118,96
875aeb2fa0089d9b,0.7245762711864406,0.4841364509770621,118,34
87652c0843c79024,0.6228813559322034,0.20401362016465743,118,1215
877192f783a08fd7,0.3855932203389831,0.2939787749633294,118,96
8772e00dce9e3827,0.9152542372881356,0.3670864097420617,118,175
8773c4ee638e4e45,0.7288135593220338,0.6238583721069151,118,41
8776930aac677327,0.6694915254237288,0.4110347404272031,118,572
877d60ce87ea1b3e,0.8898305084745762,0.40603820773947663,118,274
87b792578e486662,0.902542372881356,0.39184878702005715,118,314
87d64431bcbf808a,0.5127118644067796,0.5611916331598005,118,166
87da3dab6a642b27,0.6271186440677966,0.28359579853098665,118,85
87dab555b1b58c43,0.2288135593220339,-0.07583913886217503,118,25
87e68d684dc3f756,0.6864406779661016,0.3971200238666741,118,348
87f80e1fda6f4390,0.8305084745762712,0.3096927482950712,118,768
87fcff6fe4f27521,0.826271186440678,0.3337626352915511,118,491
880d43c311383f6b,0.690677966101695,0.10777886208176117,118,115
8818fb62241f393a,0.652542372881356,0.32019196695673074,118,330
88668fbaede19e4c,0.5254237288135594,0.5618403853408451,118,429
8887b3ef6efc6de3,0.8940677966101694,0.4729592897780222,118,362
888bc41662be623d,0.3093220338983051,-0.09491239055389063,118,36
889b3aa8d6b5b33c,0.3516949152542373,0.4938893702203095,118,153
88a3222300409e14,0.6610169491525424,0.6609820436718473,118,159
88bd54e6411dc47b,0.597457627118644,0.19198277434322059,118,179
88c60dc6025c46ec,0.8898305084745762,0.37524470019078604,118,43
88e4e5f6e0059fb2,0.6652542372881356,0.639212308740396,118,65
8904e25ffe3a8a62,0.6398305084745762,0.5537806915212635,118,74
8909312ffe18e625,0.423728813559322,0.3858419110512198,118,170
892c6c7df88dc78b,0.8983050847457628,0.10290282616575573,118,37
894966cbe4570910,0.6652542372881356,0.6497121739215743,118,47
8949f506e6ca9b1f,0.9279661016949152,0.4067248568883562,118,140
89667090ab7111b3,0.7372881355932204,0.32105417197428604,118,139
89921f7a66551821,0.6822033898305084,0.7052534675303622,118,90
899384111bfdd9a6,0.3093220338983051,0.19825880099406326,118,34
89a269a39b4a5d6c,0.8022598870056499,0.6701521743541322,118,105
89a2997b79a1b4d6,0.7372881355932204,0.5293678291566545,118,35
89b9dd43598c34b7,0.923728813559322,0.39063544402829875,118,107
89c8f1728585963a,0.8050847457627118,0.21832684057242605,118,374
8a13483d754800da,0.7161016949152542,0.5903186370329297,118,177
8a1580cdfbadd980,0.8347457627118644,0.29422896059297504,118,764
8a171a3a56d6fe8c,0.8347457627118644,0.41484944002303326,118,293
8a262fed39f9fdab,0.6822033898305084,0.4509097831095045,118,146
8a32942aea9d94f2,0.7951977401129942,0.37008446465428035,118,1028
8a5f44ef6caf4c5f,0.9194915254237288,0.39100390451061967,118,105
8a6e42856bb78492,0.6991525423728814,0.536361337510498,118,250
8a75f8cb29778059,0.9067796610169492,0.344055902727056,118,36
8a766e179da84df5,0.6101694915254238,0.510703670631732,118,628
8a8fb0fa7873a233,0.6864406779661016,0.7108202709151319,118,52
8a9f0001ca28a1f3,0.8432203389830508,0.3455177308862782,118,81
8aa2a773ea553695,0.3601694915254237,-0.0672050360697721,118,1807
8aafc757a48bac9e,0.9110169491525424,0.43459565192258853,118,631
8abe20c6e76069b9,0.3686440677966102,0.6127598203214126,118,52
8ac789d913051332,0.9152542372881356,0.39782244428935476,118,372
8af699c74417383f,0.6949152542372882,0.5864106568725911,118,113
8b190061af7b1a67,0.5084745762711864,0.5068646672938444,118,92
8b1ffc3a48ffc47b,0.4110169491525424,0.3143351799511564,118,165
8b2ab9eb7a09b3b8,0.9322033898305084,0.26531958964327995,118,437
8b32d046b52280ae,0.614406779661017,0.6351911703263505,118,51
8b34d1b12f0a6f07,0.3644067796610169,0.31612388293679217,118,43
8b4059ad24ff83fe,0.9533898305084746,0.20802897921642596,118,45
8b6422acbfed0eef,0.826271186440678,0.37736944302722236,118,198
8b67e9aca3d8ee04,0.6991525423728814,0.30262787055886237,118,44
8b98ce4fbf8c281e,0.6186440677966102,0.48919307173031273,118,160
8bdfac95ade0fd23,0.8771186440677967,0.3625436368433876,118,96
8be817ea9eb59819,0.9533898305084746,0.44492719154735944,118,474
8bed156b0af6e220,0.6440677966101694,0.591816798227514,118,70
8bfffd956b49f738,0.7669491525423728,0.0954636910359977,118,38
8c0ad68d8f0c3fb5,0.5127118644067796,-0.010617598199981159,118,250
8c147a4fa6ae8997,0.8601694915254238,0.33476037244314594,118,606
8c34395ff703a136,0.8813559322033898,0.13604972705815047,118,609
8c4c21e7849362bd,0.7457627118644068,0.5318797448984038,118,48
8c4c5c66f312f459,0.9067796610169492,0.11799619230708926,118,46
8c59c4562eabd076,0.6271186440677966,0.6461706074968714,118,77
8c632afff3eea29b,0.3389830508474576,0.2161832151543051,118,161
8c64bd1d59c876c8,0.7457627118644068,0.7206897487531851,118,68
8c6611d52a7466ae,0.5932203389830508,0.6257339328360898,118,45
8c67c03cb70a2286,0.9194915254237288,0.5116398588542063,118,499
8c8ecda00fca5493,0.9576271186440678,0.35425507076188445,118,266
8c91b215250d5984,0.7288135593220338,0.30126559767555966,118,73
8c9bc3adb32b6549,0.8432203389830508,0.31099823883894406,118,913
8cf95eff3425a3fd,0.902542372881356,0.1841956785639861,118,52
8d017c81f110b6f5,0.9364406779661016,0.3983073574135427,118,297
8d1c29f537d0f8f1,0.8813559322033898,0.35496928079096746,118,427
8d1cf747fb6145cb,0.7372881355932204,0.4142005056637226,118,551
8d2382ef9bbb02d0,0.8177966101694916,0.2428204052161141,118,1055
8d3c71f47b050e37,0.9067796610169492,0.14849627524042625,118,44
8d467f587417815f,0.7161016949152542,0.5095532050530124,118,277
8d4a8a078bff5972,0.8728813559322034,0.10014089870746405,118,346
8d4f38f90d049a34,0.8375706214689268,0.5369948334996083,118,365
8d709753e4b585fc,0.8559322033898306,0.10331112427157464,118,411
8d8459ed96b2ae09,0.5932203389830508,-0.2594462367090419,118,565
8d9171c45955dfa3,0.635593220338983,0.5883146347367149,118,36
8d98521fd344fe41,0.7076271186440678,0.6236890838236618,118,72
8d9d81d156070f03,0.8983050847457628,0.34729818470758106,118,402
8da5b2e11982b0c5,0.711864406779661,0.5374824277890723,118,51
8dc4b0d6febf8efb,0.711864406779661,0.7137168293306054,118,102
8df8e89b13a0e90b,0.6483050847457628,0.5695155414679867,118,99
8e107c13b122ff25,0.8658192090395479,0.5942334416977122,118,378
8e1093a4a58437f9,0.923728813559322,0.46397131601193503,118,104
8e20161532eb7307,0.8813559322033898,0.36485781538611184,118,279
8e2c4c41d1e2c336,0.6610169491525424,0.4694696365030917,118,285
8e2f06598276f70f,0.6822033898305084,0.37937423313202945,118,396
8e41e0cdbe015bae,0.7754237288135594,0.2937454937273587,118,299
8e5da0926c1b2e6c,0.7457627118644068,0.3974750675291293,118,422
8e86350875cd1ec6,0.7288135593220338,0.5935976486256287,118,67
8ea162f943158468,0.7754237288135594,-0.12242897446192885,118,34
8eaaac013767a18a,0.652542372881356,0.6622532321509121,118,104
8eb25c55aacaa6ff,0.9533898305084746,0.38942094849003583,118,862
8eb424581eabcc05,0.6949152542372882,0.18748549762277486,118,219
8eca1c6eea91302a,0.8898305084745762,0.3504903704818036,118,124
8ecee56361458e98,0.6864406779661016,0.47221979322707314,118,67
8ee479ef06c1a7e7,0.902542372881356,0.5043513531518152,118,509
8ef282a014eff51e,0.8898305084745762,0.3965199293683126,118,782
8f26312e2736e49a,0.826271186440678,0.35901982010488553,118,873
8f32f8dfeae8c7bf,0.559322033898305,0.0613317749674335,118,75
8f48e254a5c1074c,0.9152542372881356,0.44782304999401595,118,468
8f4c7c95ba9b288b,0.690677966101695,0.6496960576192881,118,55
8f5e8fed473498d1,0.6101694915254238,0.438719859298564,118,171
8f8efc6f6037c265,0.7288135593220338,0.34223779327482373,118,105
8f94c0c5728cd093,0.4194915254237288,0.18374941512067708,118,65
8fd7b9acabac5740,0.8728813559322034,0.40964648112467056,118,440
8fdc545d854b8196,0.864406779661017,0.28140149988568336,118,40
8fe01397c42b89d5,0.8983050847457628,0.25997199617138106,118,49
8feaef40b6f0d22a,0.22033898305084745,-0.4516449317257483,118,42
90005b98b71900e1,0.6949152542372882,0.5896252952944547,118,43
900ef11326072411,0.8601694915254238,0.21923543034039217,118,360
901e6026a801628c,0.5805084745762712,0.6400851494808251,118,38
9022f50ce1a38af9,0.8813559322033898,0.05803690987790119,118,16
90652d98dd424bf8,0.4025423728813559,0.3380330657704825,118,25
90b56cfbb0c986cc,0.9194915254237288,0.5250920323752152,118,325
90baa9670be9906a,0.1228813559322034,-0.12216992525386106,118,241
90c0b94987523de5,0.4279661016949153,0.473205722808199,118,42
90ca05da58dff0d7,0.6991525423728814,0.7252940409321277,118,52
90d4b8142fa30e27,0.6483050847457628,0.5757277329603991,118,40
90e1ea2c396c3fa5,0.6271186440677966,0.564424977338598,118,83
9106ec8fcb98a3e3,0.6313559322033898,0.33779932417380576,118,616
9116b9bd7ed6bb10,0.8940677966101694,0.16384568071238512,118,328
913048be25ab4d80,0.7457627118644068,0.4079644858825459,118,132
913345eed3cd0115,0.673728813559322,0.06143187941401324,118,1061
9135204aaec160e0,0.6398305084745762,0.46904540115689514,118,617
9166f95c44eb53b6,0.847457627118644,0.4994977007191153,118,153
916b4048416f9ad7,0.8601694915254238,0.38127366892275044,118,251
91a4e038da069aea,0.8898305084745762,0.5027593957651145,118,333
91ea8794975f7b19,0.7245762711864406,0.3402261032721259,118,47
91fe48886ec6a671,0.6440677966101694,0.717115685956664,118,64
922835e24142a9ce,0.7203389830508474,0.6349661583663728,118,87
9254447b4d4b2a86,0.5127118644067796,0.5541631214007405,118,552
925ebfb512ff0c29,0.8926553672316385,0.5647517376899045,118,209
9265fb1252eb36ba,0.6567796610169492,0.05060792465587966,118,605
928126fb09aa9c67,0.8728813559322034,0.09655733238302332,118,50
92b212683ec1aec2,0.8728813559322034,0.3307545796644953,118,241
92d22ca61e3bc60a,0.8177966101694916,0.2119605769862209,118,52
930d0e274870bd72,0.5847457627118644,0.2637843628719512,118,210
935424d2fe6d9d53,0.7330508474576272,0.6380896232342996,118,51
935c5ad1face352a,0.8983050847457628,0.41027428036499397,118,1040
935f9c5904a75628,0.8983050847457628,0.30197120791484666,118,103
9375e13c800bc553,0.4703389830508475,0.34429485146322514,118,126
937df2e1462ffbcf,0.3474576271186441,0.26670159908914315,118,155
9391fa6c7bd4a4f5,0.7584745762711864,0.5011027536473639,118,91
939d4617187cde34,0.423728813559322,0.34464294543192014,118,151
93b0ab93d96ad25d,0.75,-0.16558530599394516,118,527
93cd5feeda4dc791,0.9449152542372882,0.30998216343993734,118,324
93d1516f1266241a,0.4322033898305085,0.4330188416844633,118,40
93d667203d4fbfda,0.9279661016949152,0.17115653734501132,118,29
93dfe021949db707,0.614406779661017,0.7005352128547605,118,50
94367f267c111b40,0.885593220338983,0.4298165990060256,118,383
94495c16e6c3f82b,0.5550847457627118,0.19783559112950352,118,33
94ac2db550ab1753,0.885593220338983,0.21365529645942868,118,46
94b43747a6a6c095,0.7288135593220338,0.3412024981738556,118,457
94c0364ee6857ff5,0.4491525423728814,0.44672876294147434,118,196
94e1c8ef98212715,0.4703389830508475,0.33126564542361475,118,62
94e3416d1f18a2a1,0.7076271186440678,0.2313160227284803,118,264
9514fb8d1a68e4d9,0.7923728813559322,0.4281202157266529,118,313
9515bd5024510109,0.864406779661017,0.4560143988989098,118,413
955b745101bcfb7b,0.8516949152542372,0.24324022036109613,118,420
9562d2d88b25b353,0.7966101694915254,0.2780202175116664,118,184
9571e227041b4cae,0.8601694915254238,0.23500566371491238,118,342
957256c25207b996,0.690677966101695,0.5415395203199265,118,56
95f225ab45b656d7,0.5466101694915254,0.31640362778133124,118,65
95faac82652d91c9,0.75,0.39201419336248644,118,35
9612cd9ffc23e4c6,0.6652542372881356,0.24614073378609744,118,44
9625107dc93577c7,0.7415254237288136,0.36614637319635057,118,137
96492442ca78b5e0,0.2669491525423729,0.5051662343868917,118,229
965f88bbdcf3ec63,0.75,0.4447761467059885,118,282
9678b9ae631d5411,0.8983050847457628,0.4816670195655642,118,340
96b44b6fbffb1a2f,0.8983050847457628,0.23466092815287065,118,44
96d9a5000a224d63,0.902542372881356,0.24467067649500285,118,37
96f3125c36162994,0.3432203389830508,0.0874546958522888,118,71
972245b99eb45719,0.9110169491525424,0.20566334109932455,118,19
973f16f78b62dc3c,0.5466101694915254,0.373373909060196,118,212
977e93015759948e,0.8686440677966102,0.34560332057749743,118,233
97a9097cfa69e30c,0.15677966101694915,-0.1968958522585465,118,45
97acd87d383e6d12,0.4957627118644068,0.2706219432820101,118,186
97e41bd98c584457,0.326271186440678,0.07077857450224077,118,79
97e5345b22cbec00,0.5550847457627118,0.2836861556537675,118,414
97ee062470eeed0a,0.5084745762711864,0.6526148746685599,118,69
97ef09ca0d2286c6,0.8389830508474576,0.3444222400972951,118,385
980a2320dca7bd53,0.8559322033898306,0.2820871059993204,118,615
981252dd3a9b000f,0.902542372881356,0.34430718280864225,118,806
9827e6e52133aa0b,0.597457627118644,0.590750538009266,118,54
982957866080e78a,0.8601694915254238,0.4724602629218913,118,225
983dafd0bd1ed194,0.9533898305084746,0.4396504907378567,118,349
9856b90e68354775,0.9279661016949152,0.22007888612133397,118,50
98688ea68e5524b6,0.9364406779661016,0.416226263518125,118,208
986bc65a3ac33c11,0.5847457627118644,0.6290916396110502,118,45
988edfbbae2fd1a4,0.9067796610169492,0.2609821110340622,118,140
988f5663fcd99447,0.4957627118644068,-0.22888402028218557,118,37
98984a7d9043e7c1,0.7754237288135594,0.38066769095278497,118,83
98b599c4ad21488b,0.7966101694915254,0.3527321540851234,118,339
98e517105da6e0aa,0.9152542372881356,0.43737941411140596,118,345
98f256d572348410,0.6016949152542372,0.14558855433042991,118,665
990409266daa9bef,0.3855932203389831,0.1502114784028071,118,53
990d5e47c713c890,0.4364406779661017,0.39872886905044724,118,131
99187fbdbe0703e2,0.5296610169491526,0.31293684486294415,118,370
9921872ea1d34c11,0.9067796610169492,0.39520294115596816,118,242
9925262bce04f032,0.6567796610169492,0.37310054369056805,118,63
992edc7849fc7b6f,0.8072033898305084,-0.24479840223910473,118,68
9939809c9576785a,0.8983050847457628,0.1965224930286239,118,60
9943367d80297632,0.6228813559322034,0.3604960341947181,118,92
9943bf1f88991984,0.597457627118644,0.20681574913176215,118,183
9985fcbb79622782,0.6059322033898306,0.6680948637661637,118,24
99e6dc16c789c9a3,0.8389830508474576,0.22175743633119796,118,32
99fc31d1210a131c,0.864406779661017,0.5333460477907743,118,280
9a2399d0d6250850,0.8389830508474576,0.45312043630079796,118,549
9a3bae87c58e060c,0.4957627118644068,0.41893562389872296,118,275
9a5313ebfac0246e,0.7711864406779662,0.23681881206001726,118,579
9a5d4c56c002ca20,0.7796610169491526,0.530346505760945,118,61
9a8c2d2f047b5cad,0.8347457627118644,0.10860984890376381,118,840
9a97830b9dacf6fb,0.4830508474576271,0.1407319412275674,118,479
9aa806c13d5aa126,0.8898305084745762,0.5651654085472096,118,310
9ac3a94a43b2c198,0.5254237288135594,0.006779115864902043,118,17
9ad1518c047737ca,0.7372881355932204,0.4302633598336002,118,66
9ad9585f31fb754c,0.4152542372881356,0.4105063873648777,118,155
9aee9bf24d0ac29d,0.8997175141242938,0.27083671333517456,118,124
9b0d40faec7177e9,0.5805084745762712,0.22872559806630133,118,96
9b36e5ef6411d9b2,0.2033898305084746,-0.21355146309212228,118,362
9b62a19a52def124,0.8347457627118644,0.5590880935222691,118,449
9b7b24371ee9fcc0,0.8601694915254238,0.35528469338525004,118,399
9b9071126b42f878,0.8940677966101694,0.3977079957200621,118,210
9b914a828f749763,0.2584745762711864,0.3119272007287636,118,84
9b920d790940cd19,0.4957627118644068,0.6470537603616938,118,68
9bb072781a0b4476,0.8940677966101694,0.31764916969432416,118,348
9bcaf6ebf138a7ed,0.902542372881356,0.40391762276557586,118,256
9bcf93aeb2f3db84,0.7076271186440678,0.28679165273110707,118,736
9bd8b05870ed5515,0.8135593220338984,0.5540159259239805,118,243
9c8c7ca75447a43c,0.826271186440678,0.49870042326435376,118,90
9c9611e86f794614,0.8686440677966102,0.24999217957859693,118,59
9ca3397994ec6664,0.8149717514124294,0.41523446565448324,118,174
9cce47a0d4daf0dd,0.690677966101695,0.5101858940014077,118,510
9d0e27e15456b9b5,0.8686440677966102,0.30044031746558914,118,354
9d1c284a87ff84fe,0.4576271186440678,0.4560585433039952,118,26
9d230323fb455ae3,0.8940677966101694,0.2457705805257408,118,102
9d49837686124d8f,0.9067796610169492,0.4879763342813045,118,338
9d531f9d18bc50fb,0.809322033898305,0.39046348780723666,118,802
9d541303b44bdc0c,0.7203389830508474,0.500512296331512,118,48
9d59fb53c7b8569a,0.6567796610169492,0.6325640425929101,118,143
9d62e5ab7b5ec1fc,0.5127118644067796,0.5072062608885466,118,211
9d6b0608adcf2788,0.8008474576271186,0.10638711065451747,118,140
9d76a2303961817f,0.8559322033898306,0.1820718999329502,118,906
9db8e2f306f7bf81,0.7669491525423728,0.4350466129048213,118,571
9ddc02663016d09d,0.5550847457627118,0.5496628853066626,118,67
9e1600c1d82a372f,0.673728813559322,0.14881098753000663,118,1495
9e2951f6b5441efc,0.7584745762711864,0.27645914367364993,118,396
9e29a2bf7e46894a,0.8347457627118644,0.40754935598349207,118,696
9e3106458553b4a2,0.826271186440678,0.25259312632298514,118,766
9e76e0f310559e1f,0.21610169491525424,-0.5144011595217812,118,118
9e78148327535d51,0.4576271186440678,0.43001536896073084,118,101
9e858d7ab6bad9cf,0.8177966101694916,0.38855252870390433,118,204
9edd61ab84737cde,0.7415254237288136,0.3942747996756518,118,57
9eee37bd3dca25dc,0.8601694915254237,0.6412954826288265,118,296
9ef864c3868edd7f,0.6864406779661016,0.6429368355929954,118,70
9f14a856724f3e1e,0.902542372881356,0.3630286885370414,118,338
9f4f635bafb370c3,0.9110169491525424,0.360793916420792,118,473
9f5bb8d15170f6d8,0.8432203389830508,0.4765836170239396,118,50
9f61595d2c0ea6c9,0.864406779661017,0.4306245862174963,118,152
9fac399a55473b10,0.3686440677966102,0.20888102841199535,118,105
9fb3a7d0024b3a4d,0.5847457627118644,0.572550014750391,118,109
9fc0c0ea6cec68c4,0.6991525423728814,0.4779501376397928,118,90
9fd5559dac3b03db,0.711864406779661,0.6576422949054399,118,157
9fe29dc6274fa7c6,0.7457627118644068,0.567510957487724,118,78
a0065a14748fdd8a,0.7076271186440678,0.5968778709804522,118,74
a025a8c5b5dc2af9,0.7711864406779662,0.6559788551493664,118,74
a02ad5129ea92597,0.9194915254237288,0.3765007796270146,118,281
a03cbec49f9846c8,0.8728813559322034,0.26126090536753743,118,75
a05175689efd46c6,0.2584745762711864,0.15852424692501316,118,62
a06b0c0d1c20572c,0.8022598870056497,0.4864033608121686,118,213
a0a74aba2ad0c26b,0.4449152542372881,0.18346084992502734,118,76
a0a8d63c3396b67e,0.8898305084745762,0.3424233208679462,118,617
a0e6a6314e3f412f,0.6694915254237288,0.33322248979923563,118,43
a0fc2e384441561c,0.4915254237288136,0.2594067040604458,118,58
a11078743870f15f,0.7033898305084746,0.20215462318382246,118,714
a11082310fba790e,0.7796610169491526,0.6055473025083197,118,85
a117a58da9eb9927,0.2288135593220339,-0.003812932342137923,118,80
a1283bc7e4817da0,0.5169491525423728,0.5180509741858307,118,45
a16e05b4df92c113,0.8305084745762712,0.5367175063241033,118,48
a1973ba9b1e010ea,0.5550847457627118,-0.006412431944369169,118,196
a19f3d36414a3b7e,0.614406779661017,0.6343873608581722,118,32
a1aab973f18a0494,0.8432203389830508,0.39296090595241584,118,26
a1b895c3573ee151,0.7627118644067796,0.4923203736678502,118,83
a1daafbdb012af17,0.9364406779661016,0.4320785198746552,118,189
a1f06f13b762e538,0.6186440677966102,-0.09746113344217448,118,414
a216b8812d493c62,0.8813559322033898,0.1862590598370433,118,621
a219313f23ebc860,0.8940677966101694,0.42020704954170524,118,191
a21e29f715529274,0.9067796610169492,0.40906799941012284,118,827
a2209c2f44426480,0.8347457627118644,0.355791665092982,118,659
a221dcf58439cdb9,0.4110169491525424,0.2432075637434521,118,208
a2320f13a745ba03,0.6822033898305084,0.0035540862560165007,118,461
a23600282cafd2b0,0.6610169491525424,0.7148544854902305,118,75
a23fcd52dccfc26b,0.9364406779661016,0.31904924647400706,118,43
a2d99e277142b027,0.7584745762711864,0.24223969391928016,118,325
a2f1dec075750006,0.8940677966101694,0.5818881180141642,118,44
a2f2c61fe864df01,0.5169491525423728,0.4973144417947878,118,75
a2fb51bf400c1914,0.8728813559322034,0.3168013401652413,118,33
a3060e0cb45b6ff6,0.5677966101694916,0.42224155697952354,118,127
a3278526052504d4,0.5127118644067796,0.16220109824613743,118,46
a33dfc97623df2d9,0.4533898305084746,0.3407433809751498,118,70
a3648453f1083643,0.885593220338983,0.3966575606463335,118,284
a37211744464cf1f,0.8347457627118644,0.37987319678805537,118,433
a3830cd9cbb4ad59,0.8432203389830508,0.5427571524318109,118,1060
a3936f8b05f7cc2d,0.6398305084745762,0.028928790568726232,118,571
a3b0ecf7543639fc,0.9110169491525424,0.34092880885665783,118,515
a3f277a7b08c8739,0.865819209039548,0.4722534029243394,118,68
a3f3912b55a2049c,0.6483050847457628,0.6128703529055766,118,92
a3fe9e6544b45385,0.6483050847457628,0.3687511658008692,118,175
a415299e21801054,0.9322033898305084,0.39071253653024557,118,605
a44c7e244427d91b,0.9533898305084746,0.35230757256853523,118,249
a4526e7769a8cc55,0.864406779661017,0.3604947256536189,118,179
a47860bba241f192,0.6694915254237288,0.5124643880079773,118,34
a47a90dc751e123c,0.6949152542372882,0.6620201405416222,118,131
a499d147686e780b,0.6864406779661016,0.4997577506682654,118,355
a4abccd08b622063,0.8559322033898306,0.3624037223124448,118,409
a4c4d42513d27ff4,0.902542372881356,0.47223308214444853,118,839
a5231c02d3b46844,0.8389830508474576,0.43728114870748264,118,477
a53e37ad73c41289,0.5254237288135594,0.4350552400466968,118,73
a5751e2c42cf411f,0.6101694915254238,0.5967029116574237,118,204
a5b993b2429ff00e,0.7372881355932204,0.47615189329577184,118,106
a5bc6cb2b69d8704,0.8347457627118644,0.4127539487303048,118,30
a5d9788ab99e0321,0.8559322033898306,0.3668257579475609,118,420
a60ed8fb1f70642b,0.7415254237288136,0.6603320861266779,118,149
a6136d081c6cd82b,0.8771186440677966,0.30880401311118766,118,769
a628c7ba420ae1b9,0.2838983050847458,0.1500560100684248,118,177
a631f4155957543e,0.6864406779661016,0.37832720486110516,118,113
a65b511f86849c2f,0.923728813559322,0.3640150703080199,118,260
a662e3a1fd9a9dd4,0.9364406779661016,0.4259338759199602,118,882
a67a27b8eae453e9,0.902542372881356,0.39439712157218343,118,378
a6834cf85c13d9e5,0.9152542372881356,0.2562767650855811,118,648
a683bb1547502477,0.2288135593220339,-0.03553434582684116,118,69
a6aa58f32a998168,0.847457627118644,0.23186308250512772,118,847
a703f46cf718b105,0.8940677966101694,0.35641922861865033,118,131
a70578d6dbae0d7c,0.940677966101695,0.2940819585836553,118,35
a713c522433ad186,0.3135593220338983,-0.02729541040527221,118,51
a73781f8457aefb9,0.6440677966101694,0.6524881155130059,118,42
a7559036d2ce31e2,0.8983050847457628,0.3241542585245093,118,420
a75869e9aaa853cc,0.8305084745762712,0.3844436435003353,118,432
a765a2303a05fe33,0.7330508474576272,0.3994259127051453,118,126
a78d103d768d1e46,0.8559322033898306,0.5865762664865845,118,80
a7959ab645435143,0.5847457627118644,0.46984028141337414,118,209
a795ea0b91692aa6,0.8008474576271187,0.6745935609834244,118,237
a7a0f3c45f85be2f,0.7288135593220338,0.6101293894342997,118,72
a7afef0c71151861,0.7372881355932204,0.5870111720083213,118,47
a7b012638b6f87c9,0.6483050847457628,0.18421245845053574,118,35
a7ce1e5db40e7e78,0.6694915254237288,0.38871600922277755,118,97
a7d3e6bb25314774,0.8601694915254238,0.39021908652236925,118,193
a7d4a1b213d9894d,0.75,0.5448348461286479,118,69
a80db75298cae4bb,0.7966101694915254,0.3077731981736573,118,242
a82930fcd893f691,0.7161016949152542,0.404965154239041,118,392
a82f04f2b5bc95e7,0.8983050847457628,0.3017788514627725,118,654
a843b1cf1827120f,0.3686440677966102,0.02592548664655819,118,64
a8952923f6074e1f,0.902542372881356,0.5454467037373507,118,485
a8990be835386e1c,0.923728813559322,0.31095563290562633,118,874
a89df9aef07ac03c,0.5169491525423728,0.39807455358794586,118,157
a8a062267f794456,0.9067796610169492,0.31132756066610373,118,66
a8bbcfe1c4f30b63,0.8305084745762712,0.24879719939089381,118,57
a8cdf8147ee3bd62,0.711864406779661,0.6818191605284564,118,55
a8d730577d870564,0.5466101694915254,-0.03813204179791605,118,65
a8ecf30b95421240,0.4788135593220339,0.47761360832619576,118,340
a9214f9b02fd5c21,0.8389830508474576,0.3621280639855693,118,279
a923a57f3be920a0,0.9279661016949152,0.42422331780063366,118,236
a9349ea45cdbe08d,0.5508474576271186,0.5490473920923529,118,188
a957da43bfb93d47,0.8305084745762712,0.43639450523123835,118,475
a97169824c2d79a2,0.940677966101695,0.4197028867638534,118,270
a995d1c1f44c6e81,0.3008474576271186,0.4560827458598557,118,58
a9b369ff191bf7ae,0.8983050847457628,0.33638383839698804,118,665
a9b456ed7569996b,0.7033898305084746,0.11594066031512268,118,198
a9bfae7696d0c1fe,0.7754237288135594,0.397290552428986,118,72
a9c4ddef5d015d56,0.9152542372881356,0.49145394340494575,118,39
a9d3b03cd116825c,0.4788135593220339,0.31440971557511205,118,71
a9daa796315bdbfa,0.8347457627118644,0.1843662078032246,118,205
a9ff54efb882733c,0.7288135593220338,0.4827356836610117,118,55
aa11f86a5d84e6fd,0.4745762711864407,0.3977283631484672,118,92
aa1bbc0f55897e82,0.711864406779661,0.2646990463622686,118,408
aa42020d60f0f927,0.826271186440678,0.5625469818493753,118,384
aa49b39ba9794a1b,0.7288135593220338,0.6516799598016529,118,78
aa53759967c4fd68,0.559322033898305,0.20955839541294072,118,470
aab2f0c786f5c101,0.673728813559322,0.5313923393495145,118,69
aae52a9fbc5e7e7a,0.5550847457627118,0.5580846336825606,118,138
ab0da9966e255e7e,0.8940677966101694,0.4575323737970238,118,104
ab0ef348aa6047a6,0.923728813559322,0.13398279000193727,118,14
ab11de28941f2733,0.8983050847457628,0.32558121421671643,118,100
ab235de122cfd8ef,0.6101694915254238,-0.07207619880976901,118,47
ab7b5279a6a79fd3,0.6822033898305084,0.5219609126780611,118,125
ab7dc428a4535ec8,0.5042372881355932,0.5992203755985661,118,77
ab97bfa61ee0d8cf,0.711864406779661,0.5215064845132382,118,152
abb0a99e42fcc666,0.8686440677966102,0.29417084713698666,118,621
abc92b348cb9117e,0.25,-0.00032175115531121187,118,78
abedd5b68a41aade,0.597457627118644,0.08564531209180296,118,308
abf2ebc3de378843,0.3177966101694915,0.5928884180798295,118,26
ac0830a50737f457,0.809322033898305,0.618083514380913,118,62
ac52d0eec5248360,0.4661016949152542,0.6670212774964801,118,125
ac52fc9d270feb9a,0.7288135593220338,0.269454935605541,118,62
ac60f8b36b467cef,0.9279661016949152,0.4001743332555425,118,258
ac6f04b0c4fcfaf7,0.5169491525423728,0.6158549744224745,118,34
ac860c9b908543af,0.8686440677966102,0.5161702137748877,118,260
acc3514336ea230d,0.5889830508474576,0.3913218647800101,118,94
ad06ea086a4ce3f3,0.8912429378531072,0.2814434934164027,118,79
ad1b0152909b776d,0.9576271186440678,0.2659166564540784,118,238
ad5d9a546ccb833e,0.7627118644067796,0.2451092396431632,118,260
ad62103571d9071f,0.652542372881356,0.6098308106101614,118,34
ad88fb3f6c9d23a9,0.5296610169491526,0.37659793496288596,118,194
ada0f58c0c75cd4c,0.7669491525423728,0.5295609302136094,118,214
adda982699f0bf97,0.8516949152542372,0.5713568079194387,118,733
addba123255a8cb6,0.8135593220338984,0.3019372917487162,118,435
ade249fa27f55cf8,0.5805084745762712,0.2834990242961728,118,191
ade48712f245b4dc,0.9152542372881356,0.41289954504574033,118,627
adf235daaabe1cba,0.923728813559322,0.33669250404517975,118,440
ae083bbbe13e35fb,0.826271186440678,0.5646792613821432,118,404
ae0cfb6f502854fa,0.5338983050847458,0.45034182672332806,118,37
ae3b46a51fb0c741,0.9576271186440678,0.3981266239858446,118,34
ae58af3bdad382d0,0.8177966101694916,0.3724881544801867,118,32
ae5dc064390957db,0.6610169491525424,0.6537331119216747,118,71
ae630c03822ef45d,0.8559322033898306,0.4321190264528688,118,450
ae77478366b593a5,0.923728813559322,0.3365627938899511,118,45
ae9ce71ab9e295d7,0.6567796610169492,0.7090769510859479,118,45
aea1aaff2bb83c81,0.7245762711864406,0.5866568624246389,118,57
aef2c8a0ef28f640,0.5466101694915254,0.3953417646091406,118,128
af14b46f8d6797a4,0.6991525423728814,0.6442283112783115,118,94
af324ff10ad447e6,0.6334745762711864,0.4348922404709578,118,319
af4086cc70e09418,0.8686440677966102,0.29506585166104443,118,686
af4b509bbef17885,0.9152542372881356,0.504003609391295,118,453
af4d6a59dc136990,0.9025423728813561,0.5420127032292403,118,226
af4dc1442c266995,0.8432203389830508,0.38581324195869265,118,35
af5a3cdd5966ff59,0.4703389830508475,-0.011434577463464784,118,202
af5fca46c6c603e8,0.8177966101694916,0.4208959979171394,118,257
af60f6b08783b69c,0.864406779661017,0.24904746212883405,118,40
af8944a95bb3323f,0.5466101694915254,0.40526426776069124,118,115
af92411bd44ffd67,0.9194915254237288,0.4932006691302046,118,349
af9fdf3d368fd6d4,0.576271186440678,0.2697166533452179,118,205
afa84b796f4fd1a0,0.6779661016949152,0.6300965970893114,118,34
afc3d97aed6d9b11,0.902542372881356,0.430136236518465,118,502
afd30ab9ac36094c,0.8177966101694916,0.565672706385273,118,63
aff6f3da08357402,0.7415254237288136,0.4092092550926384,118,60
aff7defdd16b20d6,0.7457627118644068,0.4128112885193144,118,19
b0054a4dab7fc7c4,0.7669491525423728,0.6165624125162744,118,238
b0064040ea502df6,0.6313559322033898,-0.18370834901241317,118,64
b020fe54ab19bb8c,0.5508474576271186,0.5409252137190761,118,68
b023cfb30d60b6ac,0.7457627118644068,0.03964717696457563,118,300
b036c3ec713e5ab8,0.6567796610169492,0.5871914272340538,118,117
b036ff90818b885d,0.6016949152542372,0.6585600349367504,118,33
b0582163a0491cf0,0.4322033898305085,0.2377838555975139,118,63
b0640108ae03f4b7,0.8559322033898306,0.3795872133960309,118,285
b06caeab9533af2f,0.8997175141242938,0.46923090870286044,118,150
b0917bf683ee52eb,0.4788135593220339,0.5408820184836363,118,272
b0a049691532b15b,0.5720338983050848,0.15371794264010077,118,107
b0a5a5994cc5ca52,0.7372881355932204,0.6685279085494258,118,76
b0b27a19b767492d,0.8305084745762712,0.3517180607762983,118,108
b0b4bac671b82214,0.9322033898305084,0.31879097176954324,118,225
b0f5ef0c7227e93d,0.6949152542372882,0.4301913372473839,118,16
b11772e119dd9867,0.673728813559322,0.5858256826682013,118,132
b13aaa821ccb50a1,0.7372881355932204,0.28592553794983316,118,30
b1452ef2434bb80d,0.6610169491525424,0.6133308556749227,118,23
b155dcf70b664a28,0.8008474576271186,0.5118786894613884,118,353
b179e74cb15bc7f6,0.6059322033898306,0.5550035385752543,118,66
b17e05d1ced0cf54,0.8728813559322034,0.5769090255238096,118,156
b19a6b8d12ac440e,0.8771186440677966,0.4437595213947724,118,74
b1d947029cd569cd,0.5550847457627118,0.42780731645842873,118,77
b1f3af04709fd0d0,0.13135593220338984,-0.18306263513072932,118,140
b1f5997e78274d46,0.8686440677966102,0.3523668230362676,118,829
b1f7c91a8d81a885,0.847457627118644,0.445323624865903,118,295
b208127984b059b8,0.5508474576271186,0.3194634099367748,118,199
b22502bcced095a3,0.5889830508474576,0.35109304893970605,118,168
b238c2e5cc527547,0.8177966101694916,0.41640620893229363,118,450
b24553fb4407cc4d,0.7627118644067796,0.4936907688244206,118,278
b29833d636902b9e,0.11016949152542373,-0.25402795578460685,118,107
b2a103d09c6ede41,0.6101694915254238,0.4303796764550429,118,123
b2ad5bf9cf1fd73c,0.923728813559322,0.4211416722604093,118,68
b2ae61c3eeaf5e59,0.8177966101694916,0.4678354625592963,118,33
b2c5c10cb60fa9a3,0.4872881355932203,0.3509788869472695,118,147
b2cc7beb77a3d862,0.7161016949152542,0.39696003314491923,118,422
b2dbe1ffd11f88be,0.8144067796610168,0.659485648297198,118,127
b30c1c8a01bbefd0,0.9449152542372882,0.41223492813497375,118,134
b3339e8dad550cd3,0.3347457627118644,0.40338890449028547,118,46
b3446d402cb07b8e,0.6949152542372882,0.111334017646584,118,505
b359e967f7beef4f,0.7415254237288137,0.6660025472814317,118,179
b36a7a653b97f798,0.8686440677966102,0.23128278855625223,118,422
b3718b9072bcc032,0.8827683615819212,0.39465089805356657,118,198
b3985785008b75b6,0.902542372881356,0.609961173265863,118,339
b3afb8347bea6fbf,0.5042372881355932,0.23952534050913465,118,760
b3beee57ecc96a32,0.4152542372881356,0.45765255392971826,118,162
b3e19de5126215bf,0.8177966101694916,0.5409268753188935,118,761
b3fbafe71a034be0,0.7203389830508474,0.5730392797066615,118,94
b3fbe3ab99748f73,0.864406779661017,0.40148567777279753,118,488
b43255c04a26471c,0.885593220338983,0.3096972289381503,118,293
b4529860a3072cb4,0.8898305084745762,0.20768805893488643,118,281
b47eaed9331ffad4,0.673728813559322,0.6845827646831234,118,30
b492adfe00ebff3d,0.576271186440678,0.6072711263809006,118,61
b4b9c5ba0cdc7d2f,0.8615819209039548,0.24120350951673952,118,61
b4c4ff4002397b12,0.9194915254237288,0.2975868786119501,118,464
b51cbbf917ee8112,0.8135593220338984,0.3689405512158937,118,683
b5358a022ea6ed42,0.4152542372881356,0.11991956750094021,118,29
b53f1f1bc9525fb1,0.5254237288135594,0.03858483680617633,118,1326
b5681ad0e9f371ea,0.809322033898305,0.3540111124137033,118,381
b569c75b8c2d3777,0.576271186440678,0.5768392709835891,118,76
b571fe5121011d62,0.788135593220339,0.6014254321621574,118,166
b5b9550cb7ec6566,0.3771186440677966,-0.08634129969830534,118,43
b5c055aee7013802,0.6567796610169492,0.6361453098785392,118,98
b615cb06e8c12208,0.9279661016949152,0.4882721780751895,118,284
b63fe3cb137f1c06,0.6059322033898306,0.5530241992661592,118,157
b6419cdab0ea2984,0.826271186440678,0.33832815681263156,118,73
b67ab33b0827c8ea,0.8050847457627118,0.5593431940257642,118,72
b68b29a29fe086b8,0.8446327683615819,0.5609400849869054,118,1617
b6a76146564ad7f5,0.7457627118644068,0.05735893206448306,118,64
b6b57b26dd8f1058,0.864406779661017,0.3214106074187047,118,247
b6e9361aeab8845b,0.9110169491525424,0.46599532141999045,118,262
b6fc49398add72dd,0.885593220338983,0.4794146767227418,118,238
b70c027d35f86490,0.4067796610169492,-0.02219486127757849,118,45
b718785cc7118af9,0.9194915254237288,0.23482980438308948,118,38
b722527b56ccde70,0.6186440677966102,0.35756159781814034,118,52
b7326a1516feea38,0.7033898305084746,0.6278659651901133,118,52
b75f08a2e9dfaba3,0.9576271186440678,0.29080936531955526,118,451
b766590c84342cc5,0.5550847457627118,0.32591303711012715,118,599
b78a543f15e68572,0.4830508474576271,0.4482033276852633,118,58
b7cde5455b235169,0.885593220338983,0.2960310395041773,118,323
b7d6cdebcb168ae2,0.8432203389830508,0.5372369553194134,118,454
b7ff1f6db55b7528,0.5847457627118644,0.48326890316097254,118,217
b82aaed03d208d00,0.902542372881356,0.353556074826334,118,305
b85819e84e149fdf,0.885593220338983,0.1626315409868552,118,416
b867e5dcff5de106,0.902542372881356,0.252923469202921,118,188
b887c429a1b8634c,0.4533898305084746,0.5270267262494498,118,64
b89fdd26651c9c64,0.8771186440677966,0.6039637084357885,118,268
b8b6f5ef743d3845,0.8516949152542372,0.41611813086333294,118,498
b8bbc42478cb7d3c,0.8771186440677966,0.37205176835278847,118,51
b8bcf4b5d0377176,0.5169491525423728,0.25754428608088853,118,109
b8d6221a8f47eaea,0.8432203389830508,0.43034219174742566,118,259
b8e2cc1e88c74a9f,0.8347457627118644,0.3776063736028163,118,351
b8e5e5e700c15350,0.809322033898305,0.1260499043396502,118,95
b91a03e1d93630b0,0.7584745762711864,0.6427621780866941,118,52
b922e7deabe660db,0.8940677966101694,0.3210510778043144,118,349
b95b094d5e7c8007,0.5423728813559322,0.69986697611549,118,51
b98a21c26a9ab5a2,0.8771186440677966,0.48728935999809897,118,364
b9bf8323f50d84a8,0.826271186440678,0.44157028015471295,118,429
b9cbad48894679bc,0.6864406779661016,0.67890794004766,118,159
b9e52e640f9d7e07,0.711864406779661,0.4888901651298415,118,431
b9f6a5b40eef80a1,0.8813559322033898,0.4659552343264214,118,45
b9ff438dbeb05332,0.9081920903954801,0.4711845239283768,118,221
ba0614afed35f021,0.8898305084745762,0.4001430130561719,118,285
ba453a004f35b307,0.7754237288135594,0.21280836816225907,118,623
ba576c2ab0a5a9ad,0.7245762711864406,0.6309951840241318,118,253
ba5feef06be2e11a,0.5932203389830508,0.2530542779413344,118,189
ba732ba20fc5d6e6,0.7330508474576272,0.38868660234155206,118,468
ba7f3fe54d0dbbe9,0.4067796610169492,0.3757399957441773,118,231
ba8041377f8b7d05,0.7584745762711864,0.6447333981025354,118,74
bb32d7e831db9ad6,0.8559322033898306,0.46253143063202345,118,625
bb361280a07eeab1,0.13559322033898305,-0.32677405339934906,118,41
bb48fd163f23175d,0.5932203389830508,0.4570168814931462,118,31
bb4d9efc17bb0d2d,0.864406779661017,0.48618075655479326,118,141
bb5838f3bc0744c3,0.9067796610169492,0.45663582693165766,118,910
bb5fd7bbe068ae90,0.6101694915254238,0.47903841752894205,118,87
bb6020fb7a451dae,0.7584745762711864,0.5582058019375309,118,123
bb62d9ade5c4b7a0,0.885593220338983,0.12655485767718305,118,50
bbbfed9cec1d5716,0.8389830508474576,0.24534320847572014,118,476
bbc3b5658d5c7b8f,0.9322033898305084,0.34501780057591824,118,921
bbd044747d741327,0.8983050847457628,0.44672606085098293,118,573
bbd6cf4a490cd52e,0.8601694915254238,0.5275842051045363,118,39
bbe6f87e465680bc,0.7711864406779662,0.5744889776333827,118,58
bbeee3093a3958ed,0.6652542372881356,0.534324587903206,118,152
bc038b29880af67a,0.885593220338983,0.31046909469409023,118,83
bc183f4949524cd1,0.673728813559322,0.24303064457858056,118,154
bc2495be4af48118,0.826271186440678,0.2954876133277709,118,732
bc341432ac22de78,0.6567796610169492,0.5306436582861227,118,132
bc3dbf2a45a99e18,0.7288135593220338,-0.059672227827255,118,448
bc5ffc626b9fe444,0.8686440677966102,0.5133921957768752,118,227
bc8c6c37b02a73ae,0.9067796610169492,0.4381528242135642,118,614
bcd4b699130e3831,0.9364406779661016,0.3882786764843657,118,795
bcdaa5fdd1a6cf41,0.8559322033898306,0.34755773639171356,118,657
bd319ae9d08168fc,0.5635593220338984,0.5436958015558696,118,58
bd4dccdad8754aa4,0.326271186440678,0.3737206276981527,118,104
bd5717a2de063199,0.5508474576271186,0.1881756928754352,118,385
bd6b4720fa110f3c,0.785310734463277,0.6378972306702069,118,131
bd7c1b9425893d62,0.8474576271186441,0.6758192518256679,118,105
bd92f7c0198b2102,0.8220338983050848,0.42941718617740987,118,22
bd9b0952e95fd329,0.7288135593220338,0.6540129795031907,118,75
bda08f8405b76a93,0.9110169491525424,0.3003569931447258,118,414
bdb7910f3e529911,0.8813559322033898,0.4336535099135671,118,370
bdea359167facd65,0.7966101694915254,0.5467857320942037,118,46
bdef3e06d9662a90,0.902542372881356,0.3305320098767789,118,382
bdf88d518452adfb,0.8813559322033898,0.35351641356336194,118,426
be0fe238e931e300,0.9194915254237288,0.286255400810587,118,360
be3877c7669bca31,0.8135593220338984,0.38142360692133387,118,165
be483034a11ea325,0.8347457627118644,0.4564159703209985,118,393
be86841b60e0ac8d,0.7372881355932204,0.2671675221017125,118,229
be868a9f02e5c69b,0.940677966101695,0.3540598016389801,118,607
bea7c58a41265e3c,0.8220338983050848,0.3215236132156357,118,23
beecff10c62d971c,0.6991525423728814,0.10149741517947079,118,170
bef89f43adcaf4aa,0.9279661016949152,0.2889160236998001,118,253
bf0be76ec947f96a,0.3050847457627119,0.18602513612929425,118,91
bf11e9cd536c4594,0.7796610169491526,0.5314440521035546,118,71
bf173aaad9c981ef,0.7966101694915254,0.2665179479624128,118,57
bf28dbb2298324a6,0.9491525423728814,0.27230731289658633,118,453
bf30312f799cf9b0,0.8686440677966102,0.11386258047993542,118,52
bf3c8efd8da72d22,0.940677966101695,0.4399438790083891,118,434
bf41ed45dc60b174,0.5254237288135594,0.25932639321290313,118,52
bf438e4f2dbef49e,0.9279661016949152,0.15570781151704288,118,27
bf53f04445ddc7a9,0.7161016949152542,0.43709573711188593,118,444
bfb1a7ab55694e77,0.923728813559322,0.47289896066132053,118,204
bfb1c86275b02e2e,0.9322033898305084,0.19692318962435207,118,55
bfb7bfc360e823af,0.7372881355932204,0.6199612734845613,118,40
bfbeae572229e290,0.7923728813559322,0.5616073744252499,118,74
bfc32cd2b232221a,0.559322033898305,0.6459234910570077,118,60
bfd01b720cc77bc2,0.5254237288135594,0.38310323106690597,118,145
c0251c0b752d2a6c,0.8050847457627118,0.19174652582391447,118,497
c0687f4f58498b0e,0.8940677966101694,0.35172920318263257,118,441
c08e30fafa80ea7b,0.7457627118644068,0.6043538228284059,118,70
c09815c1aad4b06e,0.5254237288135594,0.3752353565860115,118,271
c0aa20b0cb6c8390,0.8177966101694916,0.2455646605092683,118,46
c0ad9406a2bbf905,0.6822033898305084,0.42083887421422883,118,276
c0cfb890b79bf528,0.8601694915254238,0.2544998719376175,118,389
c0d0f6bc7b296b35,0.7669491525423728,0.25377920582658303,118,624
c0d57614eab57cee,0.7245762711864406,0.5049193304555574,118,251
c0d9ad7b37dfe6bb,0.7203389830508474,0.5727644048413569,118,26
c0fec464040d29f4,0.8220338983050848,0.40831766667437264,118,227
c12c5aa7b9d1ed35,0.614406779661017,0.5498822540856722,118,402
c132938e956d0403,0.673728813559322,0.6172072198802284,118,263
c14410d7e8159394,0.7627118644067796,0.5516104484626194,118,63
c155229e18620a00,0.6991525423728814,0.18508269005967304,118,400
c1b9cb0dd24f19f8,0.8516949152542372,0.39648420506762966,118,50
c1c0a7b90c58e3b3,0.8728813559322034,0.5035456396427609,118,444
c1c1b513eeb65a5d,0.8432203389830508,0.4391292426449134,118,295
c1d4f9997e7716f1,0.9067796610169492,0.47152506402660427,118,386
c215214f9a22a1a8,0.885593220338983,0.32573904388441194,118,409
c241e1b5674d6516,0.809322033898305,0.2975264166526521,118,34
c25c0a23d73b7817,0.4703389830508475,0.45976579699540987,118,84
c26a9c054fced6f0,0.4661016949152542,0.16164830349710482,118,89
c2f5d5628c987bf6,0.3177966101694915,0.09336535968185854,118,106
c318cbfcd8b7f032,0.3728813559322034,0.462112457302518,118,107
c332566d7e4c3399,0.7754237288135594,0.574947194926104,118,86
c34eb481c7a98506,0.847457627118644,0.11843304615364615,118,56
c36d7361fa00ce96,0.4025423728813559,0.19031894987378659,118,88
c3758058c671ac06,0.5254237288135594,0.47853460531676717,118,36
c3b5b7ba2589a489,0.2542372881355932,0.2622567468170846,118,71
c3c8ad95f6099ad5,0.923728813559322,0.3803086601421859,118,261
c3dc02b988937ba5,0.652542372881356,0.5147335913335117,118,262
c3fa6f6c909fc34e,0.5805084745762712,0.18815037741153648,118,238
c40777bbce45f617,0.5,0.19586636847605962,118,69
c4083d74caa6c416,0.8898305084745762,0.16959528747481684,118,400
c42055091982712d,0.847457627118644,0.5533530320645547,118,309
c4397f85ec9b2d69,0.5338983050847458,0.5649819026905818,118,67
c43a8c9a4898f836,0.7033898305084746,0.3517832765433023,118,356
c4539fe141044a01,0.8728813559322034,0.3759776406999714,118,81
c45c6987ee4518d0,0.9110169491525424,0.09765852126082326,118,38
c472034d445ac2f0,0.8135593220338984,0.33829363860788286,118,773
c473751c000c7934,0.9364406779661016,0.33456770837805794,118,509
c4932eed95554171,0.8220338983050848,0.3386575658226267,118,402
c4a42cade866f389,0.4406779661016949,0.3084702054158851,118,88
c4bf9b781ddcc32a,0.8220338983050848,0.4599550709587764,118,34
c4c53e4aa87d3ee6,0.5211864406779662,0.33637111242282736,118,309
c4e9f4e50084fdfa,0.8771186440677966,0.26996207946681144,118,340
c4ffc8945ebafca7,0.902542372881356,0.3927869960494868,118,729
c50d0d3c01568b4e,0.4067796610169492,-0.0019883708222698452,118,221
c515b2a8c9fba3e3,0.885593220338983,0.26039156356912047,118,397
c527eac92ca67630,0.3855932203389831,0.001627745086289098,118,111
c53012a8424895f9,0.8177966101694916,0.2679587725848968,118,464
c53697d75b376ef3,0.6101694915254238,0.6023455408409077,118,101
c5381baa6834f1e1,0.7330508474576272,-0.3360510750337312,118,62
c560b98615b8ea57,0.788135593220339,0.1912966892576266,118,479
c581be69acfe2c5f,0.6822033898305084,0.641971650815435,118,107
c5a0306f42d3ef3b,0.8742937853107347,0.5936347634266783,118,54
c5a0e838f8fdb894,0.8601694915254238,0.3332618149333239,118,200
c5c1a989d21baf52,0.3008474576271186,0.15940584138889358,118,160
c5e9f278106162dd,0.8898305084745762,0.3835255452732187,118,639
c5f5510bcfd08e84,0.940677966101695,0.37397793775028504,118,204
c604c2fca6a04d09,0.8305084745762712,0.3424301722123675,118,277
c61117f3a00cfd15,0.8813559322033898,0.3872582983055409,118,227
c61f09c256fb73a4,0.8516949152542372,0.40592441575145205,118,210
c63490e063e6e93c,0.8898305084745762,0.1313729587889454,118,27
c63c02f26027cb86,0.4533898305084746,0.5020402535874765,118,46
c678789fcdeb1dff,0.9533898305084746,0.2775982665708779,118,434
c68b0ba6b03bcb70,0.461864406779661,-0.11829127702310381,118,326
c6f77185bef7a0ff,0.6779661016949152,0.420900474301889,118,204
c701933b7e3b3337,0.9533898305084746,0.36315987876501754,118,167
c7111479ecf2d387,0.5127118644067796,0.3653586304384209,118,58
c71ccab9e8e93041,0.5847457627118644,0.5347077675986605,118,131
c728d1b42e030e35,0.7415254237288136,0.5100700431956514,118,102
c72cba8e7a64a3e3,0.9067796610169492,0.45646561870923597,118,182
c72d551b5bea22c0,0.5508474576271186,0.6866354197809084,118,116
c730b63bde512580,0.5466101694915254,0.21490830384257825,118,318
c735bbfd2dade350,0.8686440677966102,0.3504643430572799,118,373
c73cbfb52769aa67,0.538135593220339,0.32632073140851187,118,66
c756adae2fc0ac90,0.8707627118644068,0.5228788113944722,118,231
c757fa8946ebe31f,0.21610169491525424,0.030632565278949343,118,39
c777ba5e8bba930b,0.923728813559322,0.28867882613921136,118,258
c79ad80421ec609b,0.8728813559322034,0.20290602632081944,118,252
c7cba75c58b863d4,0.3050847457627119,0.03634688782018411,118,57
c7cd882621a72f2e,0.8813559322033898,0.18735615684667464,118,364
c7dc7c9c8b01394b,0.6822033898305084,0.40321007661877023,118,61
c7eb92cd4dc47ba3,0.8022598870056497,0.5545737193349538,118,1044
c7f258f6aa5ba77f,0.8983050847457628,0.3336343292887338,118,650
c8625dad97848888,0.7288135593220338,0.2941696766297611,118,127
c863fbf267765f75,0.8432203389830508,0.3124125795591096,118,518
c864f804f9ed5b16,0.8135593220338984,0.002274332734136559,118,1335
c892f64610abd912,0.4406779661016949,0.3158646041609148,118,39
c8933444912a629c,0.7711864406779662,0.5269643044376102,118,25
c916cc5c5a5cd1fd,0.8728813559322034,0.4378823665591031,118,485
c955d104561bf805,0.7966101694915254,0.559997093624023,118,230
c957a3301e52b225,0.879943502824859,0.6561843688787301,118,190
c97408b9f9940aec,0.923728813559322,0.30948115655950376,118,512
c981d034749c75ae,0.5720338983050848,0.5933503939172995,118,83
c9bca4e10d16a99e,0.7457627118644068,0.6130927231166697,118,61
c9c526cbc90f3868,0.3135593220338983,0.058212044856018615,118,47
c9cc0931c7474b58,0.1016949152542373,-0.24928983668346635,118,63
c9d4d190b1c7710e,0.8686440677966102,0.26884880123081845,118,1045
c9dcf765af617351,0.7584745762711864,0.14898236906779333,118,419
ca1388db9212f5fb,0.9110169491525424,0.24588627132776622,118,646
ca1508c1e16f24ef,0.8177966101694916,0.17899217507508916,118,291
ca15b0338d604fe3,0.902542372881356,0.3447613433541763,118,336
ca5d0d9abc1c13f8,0.4449152542372881,0.3343221005351338,118,46
ca61e7107e10a51d,0.8432203389830508,0.34121014192945737,118,678
ca9a78e9709350a7,0.9364406779661016,0.3434307570132916,118,262
cacf1625d730d438,0.614406779661017,0.2530318813044945,118,290
caf3aad859e314b4,0.9067796610169492,0.2535775089095597,118,23
caf68bca7d77868f,0.614406779661017,0.5022855583894282,118,107
cb04a29559028005,0.461864406779661,0.14549718078490942,118,30
cb1d8297f5d05033,0.8347457627118644,0.4712651327350674,118,30
cb4437eb5615d6d2,0.5423728813559322,0.6019493588534375,118,68
cb62b7ab67d2aa9e,0.8728813559322034,0.5019171021768907,118,155
cb638135a771e8ac,0.5847457627118644,0.6080544900595015,118,25
cb8798cb259db4dc,0.5211864406779662,0.5234970296236116,118,51
cbab1a62b671bccf,0.9152542372881356,0.24232120354940428,118,193
cbbe785a7006d325,0.885593220338983,0.46830033071934135,118,366
cbd3932a83242992,0.8728813559322034,0.2194699240026174,118,189
cbe2a0e404b758ad,0.3686440677966102,0.21383392756210892,118,79
cbe7b7db90cabc8e,0.7330508474576272,0.5533328488168419,118,46
cc0cb4f0e31e3570,0.885593220338983,0.3291965116456463,118,267
cc4a1ea4b1e4810d,0.9194915254237288,0.4188135656902041,118,137
cc8e4fb335dddb36,0.9364406779661016,0.34161424079371594,118,176
ccd660532e218c4e,0.9491525423728814,0.342298617504312,118,339
cd25cf19c507f3b3,0.8940677966101694,0.31182314886091445,118,488
cd2928f8ae71e624,0.9152542372881356,0.2308056969681496,118,37
cd4194a26f8b7e16,0.6504237288135594,0.3144634842708157,118,267
cd4c1659682757a5,0.6991525423728814,0.5963026106369841,118,115
cd6f25c1f8d0af06,0.5466101694915254,0.4891031090037563,118,58
cd8c2f55b54f28c3,0.4830508474576271,-0.22815508890412742,118,74
cd93df9f56482e08,0.4152542372881356,0.5127453750742229,118,119
cdc8728d918975c3,0.7838983050847458,0.5681301395109557,118,29
cdd58e0bf8820770,0.7966101694915254,0.38578251104782524,118,407
cde5eb99562abf08,0.7203389830508474,0.6830997948002191,118,73
cdece0b06476f8a8,0.4872881355932203,0.28963499349869704,118,32
ce11f8f8638f6f2f,0.8813559322033898,0.34331593337490723,118,178
ce3530edbad8d651,0.8008474576271186,0.02112339103259519,118,290
ce496ce87fc6263d,0.6694915254237288,0.4735473140581088,118,41
ce56517d1a038adb,0.8912429378531075,0.45190415477834345,118,91
ce5b3b1a636621b1,0.3474576271186441,0.20520683702729697,118,87
ce8f7f0207df36c3,0.7161016949152542,0.6065642117351426,118,72
cea535928564d316,0.576271186440678,0.5902251937196407,118,74
cec9489ff3d9abbb,0.9533898305084746,0.2344798573334216,118,266
ced77a100684d2da,0.8220338983050848,0.5739887433248688,118,72
cee8b518bf84a44f,0.8771186440677966,0.32994692010856436,118,787
ceeb0b664d5c5e25,0.6652542372881356,0.5488176822736749,118,49
cf069a6c141844f5,0.8771186440677966,0.34596577021727765,118,234
cf0a42063d5d9e30,0.8629943502824855,0.5891947618107931,118,476
cf94d2e6a6831595,0.847457627118644,0.5970895163909833,118,41
cfbe14dd76e3b63f,0.8728813559322034,0.5278163337933127,118,271
cfe53bcc4e6b6988,0.8813559322033898,0.35061178420261097,118,94
cff79efd3f84f3de,0.6228813559322034,0.21590894160806026,118,380
d016b2b653e7cc45,0.5635593220338984,0.5289017238938145,118,100
d03a3cbbcba6728f,0.864406779661017,0.3764456309931936,118,874
d04df7b157bec5c4,0.6822033898305084,0.5804012505444968,118,170
d054c907659a1708,0.7330508474576272,0.7155506164031775,118,65
d05c21f54ce55883,0.673728813559322,0.31411357972456455,118,75
d06224f3312c8f73,0.7966101694915254,0.15098097522439002,118,768
d06766d40493c63f,0.559322033898305,0.5597897057491372,118,357
d0691e90d93056f4,0.8898305084745762,0.46035871973212017,118,407
d0862f81698d04a0,0.7330508474576272,0.27182578481586667,118,50
d09f46561772ff27,0.6567796610169492,0.583632505893053,118,70
d0d088a2e2ba97f7,0.6949152542372882,0.3622270705756352,118,972
d0e1a0bbd74b7785,0.8389830508474576,0.37658207933223753,118,562
d0f2420414c9eecf,0.5169491525423728,0.5240773136013428,118,53
d0fb6e9a723473cb,0.7161016949152542,0.467165452474884,118,400
d19a1255eb6feda6,0.3516949152542373,0.44854206259644125,118,70
d1aa428a10c2fd25,0.9322033898305084,0.3657421730406717,118,130
d1de731b92d6075d,0.7711864406779662,0.4454706091161582,118,212
d1e2bb0b6805db21,0.923728813559322,0.40131445138852984,118,597
d1e8bcfbb9e34652,0.673728813559322,0.3368969535509465,118,162
d220db7d5c1549b6,0.7542372881355932,0.44941647776011984,118,300
d243d98492a7b527,0.8432203389830508,0.42151054707129443,118,97
d24b390143ab9a4e,0.711864406779661,0.5523816509275397,118,30
d2570f3aed353d3e,0.9067796610169492,0.2995341296215665,118,279
d266a73fce14a0c4,0.923728813559322,0.3375135080367849,118,269
d2685f1eca970c3b,0.7076271186440678,0.5431147625994394,118,722
d27e9fefe5716d6a,0.8870056497175142,0.5791976831769612,118,100
d27f0a6c008bd6ad,0.8601694915254238,0.18290740377596723,118,489
d28cc300dc7d38e2,0.8347457627118644,0.28103544928895297,118,69
d2981d90dcc64e1c,0.9279661016949152,0.30066057959879794,118,60
d2ad17119dfc3979,0.7754237288135594,0.3548049209187857,118,61
d2b1da4f1e5cc06f,0.5423728813559322,0.5670593544938923,118,118
d2d679d914d0ab67,0.4449152542372881,0.43654642176921393,118,75
d30427f66b9a97d3,0.8983050847457628,0.47015977978972523,118,694
d32040b5332cec87,0.8983050847457628,0.42085815125557136,118,432
d337aaaf97d7bf69,0.6440677966101694,0.05946884255091172,118,393
d33d0d08803b54e9,0.4957627118644068,-0.20248573216288732,118,202
d34d834e30b31aa3,0.8559322033898306,0.2269952186020353,118,12
d360f41909fb3242,0.9194915254237288,0.2748854323555722,118,381
d3806a55a477d125,0.7923728813559321,0.26125088080844977,118,105
d390723291fb4aa7,0.8177966101694916,0.3139562315924796,118,747
d3a2c577f4fc5aa6,0.6059322033898306,-0.11155643804777182,118,840
d3e9bc81d1356e3f,0.7754237288135594,0.37861543962244715,118,80
d42724ea05bbf811,0.8601694915254238,0.27307213066700226,118,345
d42a382e9b908d59,0.885593220338983,0.3706723286797478,118,105
d43979c16d272ef4,0.864406779661017,0.2758637488595176,118,375
d43d30e126d77934,0.559322033898305,0.531834450199538,118,170
d4a16a15b5e0542a,0.9322033898305084,0.30569624809463203,118,300
d4a78d1e1d649028,0.5127118644067796,0.5397959611393076,118,51
d4b34b5c860731b7,0.5338983050847458,0.4010117740544528,118,69
d4c6ecfc964fab08,0.2033898305084746,0.05049430281666678,118,230
d4e5473ec195e5ed,0.7711864406779662,0.06153844684547723,118,295
d52ec4cc864d1a98,0.826271186440678,0.4788387844863679,118,303
d54d1bc7aa3ca4e1,0.1228813559322034,-0.00585870137198624,118,33
d54fb202fc7ea7e4,0.8771186440677966,0.3596278664552393,118,329
d55d26e231cd0cfa,0.885593220338983,0.32622889252868426,118,57
d5666009f939c6cb,0.6271186440677966,0.5229085727005605,118,42
d569235fa41bb1ec,0.923728813559322,0.4187255515117849,118,343
d56adb397918e93e,0.6313559322033898,0.4997180965358888,118,100
d572095cc34537ce,0.7316384180790958,0.042070335639563715,118,43
d5722c66ba75ba73,0.6949152542372882,0.6736338907168166,118,25
d57a0717a3b821cc,0.8686440677966102,0.17288133010491433,118,235
d57a640eedbf9962,0.6059322033898306,0.33868921702235755,118,296
d5890ff2ef41ef2a,0.7542372881355932,0.45186508837129846,118,66
d589cd93c3269eff,0.7372881355932204,0.3060779434137377,118,201
d5c8943572a8c1e9,0.7627118644067796,0.6253029358082778,118,25
d5e3a3f031f44d1f,0.423728813559322,-0.2651791698107547,118,12
d600b1e451a91dfd,0.6991525423728814,0.7154616606666366,118,90
d608ac9ade22792e,0.7966101694915254,0.5128281024687082,118,135
d63bd91242f0a303,0.6652542372881356,0.5848271091391126,118,47
d6635a710ab43bff,0.864406779661017,0.21060809131392086,118,36
d66c0e117bc80998,0.8771186440677966,0.44358549113413576,118,399
d680741c8cc75e76,0.8050847457627118,0.4494297744130115,118,46
d6a334b247ae22dd,0.3813559322033898,0.1429381794262781,118,71
d70c4c59dd0d3f55,0.7627118644067796,0.621945023527019,118,78
d70ffe8434a31dbc,0.8898305084745762,0.35498488896197544,118,344
d7497b5aaa16c21a,0.8757062146892653,0.6081165573171854,118,1184
d7928440ff75b745,0.5338983050847458,0.5233798630131382,118,43
d79b57536e679a19,0.8771186440677966,0.24766415807127073,118,555
d79d7a1ae52c8a75,0.864406779661017,0.3189731730098555,118,219
d7a1594df2ba69e2,0.5805084745762712,0.5564233010832844,118,36
d7a3ce76758967a7,0.690677966101695,0.5556089283585213,118,45
d7a84e2f765c4c66,0.6313559322033898,0.7401129027442109,118,63
d7cd8e960786e377,0.711864406779661,0.07654208451212648,118,418
d7dd169f66bc42ed,0.940677966101695,0.43176671694022395,118,193
d83867f5e5a50e90,0.5254237288135594,0.25034437836200124,118,142
d86d8edd1744fdce,0.7033898305084746,0.35956049977467036,118,271
d87b86e5e13df9e9,0.3432203389830508,0.21228883301097398,118,69
d8d7b02a3c0662e8,0.3771186440677966,0.3792470623603812,118,42
d8dd3762cc76aaaa,0.8771186440677966,0.4275303559043766,118,137
d8fb9152f1aaa0d5,0.8898305084745762,0.5456936435342437,118,389
d90f57d86026e22a,0.809322033898305,0.5136299977777959,118,91
d912db3e63cf390f,0.8163841807909604,0.7505824629034665,118,250
d936892c29048908,0.8220338983050848,0.29617455090443273,118,66
d93f9c4cd78bc83e,0.7245762711864406,0.22731526063695892,118,535
d9410bc5e07bb98d,0.635593220338983,0.3832767972531156,118,53
d989ebe48b2134bc,0.8728813559322034,0.3131988972051618,118,426
da2b2614658d57c0,0.8940677966101694,0.5046897432489789,118,115
da510fbb3156d48d,0.7754237288135594,0.437439809110097,118,139
da88ca2b4237eb9f,0.8177966101694916,0.5125731939014498,118,28
daac6bd4920704e0,0.8898305084745762,0.27257790287916683,118,193
dafb78c43ea7f250,0.923728813559322,0.4196445353254469,118,55
db0262c381731d77,0.9322033898305084,0.41263465001020966,118,37
db095ba13d19e845,0.4661016949152542,0.6408804882708088,118,81
db0cc9d24375ef8f,0.9364406779661016,0.4285239632089411,118,615
db16b205ab2668a7,0.8940677966101694,0.22281499549633688,118,627
db2298498005cba6,0.8686440677966102,0.39725016451555256,118,623
db2bf55fc68d2939,0.7415254237288136,0.4212832766000575,118,1378
db337c6ea937c2c6,0.7457627118644068,0.6108431261784,118,125
db3c147ab45a3cdf,0.6483050847457628,0.20565640289805698,118,2056
db44eb7bdf6c406a,0.4788135593220339,0.0451699700125816,118,599
db5359d39460c1a4,0.5805084745762712,-0.23538407560400162,118,47
db5fad0306479e67,0.902542372881356,0.28731251799133345,118,239
db797b7786b3021f,0.847457627118644,0.3318764335258997,118,604
dbf0fa048317941b,0.5932203389830508,0.6316750940300327,118,38
dc042e544f51c809,0.8559322033898306,0.32343273262621536,118,511
dc055e07f6305f1f,0.5720338983050848,0.234588386862378,118,33
dc67c27922b99e36,0.847457627118644,0.4387708845125944,118,496
dc937b4b9780c58b,0.6694915254237288,0.6063160417512873,118,104
dca3803d105635fe,0.7711864406779662,0.13481714162974848,118,517
dcac32b2ee4bcecc,0.8728813559322034,0.3361600408131366,118,41
dce518ef31f18769,0.8135593220338984,0.41233579907079254,118,328
dce7793b46c04a3b,0.8686440677966102,0.2164659977106889,118,54
dce8ed3c7d51dcff,0.3983050847457627,0.5719843061759624,118,28
dcff37609bab1604,0.673728813559322,0.1751574190809229,118,65
dd3f121592680c6b,0.9491525423728814,0.4147410248595007,118,299
dd4cedbf3bd4fe0f,0.8898305084745762,0.2431790484277237,118,695
dd53588065931bc3,0.3855932203389831,-0.14921162334828483,118,133
dd66f403fe0c2674,0.6228813559322034,0.7096311832313882,118,65
ddc0bde7ba0ba397,0.6271186440677966,0.6623032646617342,118,86
ddc6e769d23a2d17,0.3855932203389831,0.48901153018316496,118,106
ddd6530c958428ec,0.7584745762711864,0.5103112208275467,118,49
ddd74dacf3e81f5b,0.6864406779661016,0.31556475657639377,118,386
dddaf7e89870d940,0.7288135593220338,0.561911275124956,118,78
dde19c53c853edc0,0.1906779661016949,0.3749641640820856,118,14
dded7d5ceb0ffa4c,0.7203389830508474,0.5792041872184046,118,140
ddf5377761a4d9d3,0.7161016949152542,0.6784398045234059,118,148
de0b306f2802ebc1,0.5084745762711864,0.06553000498264008,118,89
de6fc0204f2c963b,0.7076271186440678,0.4614344773357395,118,31
deb989997546ac67,0.6567796610169492,0.5032372783265218,118,78
dee8be20d95fc178,0.8220338983050847,0.6856723233472425,118,186
deebf0efb27e278d,0.7796610169491526,0.3284761803933252,118,458
df5aecbc42d619ab,0.5677966101694916,0.6205255715482101,118,81
df5e91ea6d02b7d7,0.84180790960452,0.4949422180805398,118,99
df6e7cc0d12fd4c7,0.5466101694915254,0.4016611497898585,118,119
df8608cdb92de4bb,0.8347457627118644,0.3269924534855374,118,369
dfa282be47be9df2,0.6313559322033898,0.5189534186312218,118,121
dfaa8ba8b09879de,0.6610169491525424,0.7066539296266944,118,91
dfb4a09899e146c8,0.673728813559322,0.19453071424781798,118,162
dfbbaeaf0df4ee7f,0.3516949152542373,0.24864202010543718,118,139
dfbd63406a51e05e,0.9449152542372882,0.3951984703640764,118,462
dfd50173686e4a38,0.8983050847457628,0.21917437900916895,118,58
dfde4ac59a19c2c0,0.9067796610169492,0.1869780917559526,118,43
e016208ae2fa4917,0.6440677966101694,0.25064448874285816,118,184
e018134b5b25575c,0.8940677966101694,0.3268187411310341,118,557
e026f984c7b7d709,0.9053672316384181,0.3027613530558037,118,22
e02ed1515f8bba0a,0.8601694915254238,0.2821418461370574,118,25
e038f4b5348f9d23,0.8516949152542372,0.5463559941023526,118,711
e044829795a0f257,0.9152542372881356,0.4447926150861851,118,478
e04888b43a5c9a16,0.885593220338983,0.19072587410538994,118,43
e0557ca6f001f573,0.3728813559322034,0.23341555610445022,118,243
e09b1e087c7b42d7,0.6652542372881356,0.35593240697741396,118,268
e0a9ec99d9ca4a3f,0.864406779661017,0.14190037924812043,118,36
e0b29caaabbd526c,0.6652542372881356,0.3100544768957111,118,206
e0bb744093c44541,0.923728813559322,0.2739448046737808,118,32
e0cd4ea941cda90a,0.4067796610169492,-0.1027232324041774,118,35
e0d8f4e9cc218949,0.885593220338983,0.3010189605263139,118,435
e0e352feb6f8fbb0,0.6101694915254238,0.6457470649541155,118,54
e0e9c913264737a4,0.6483050847457628,0.08561881713807261,118,436
e0f6aa3290d211c2,0.5211864406779662,0.37421514274539003,118,247
e10c99d16e644dbf,0.7923728813559322,0.5523025614412871,118,26
e12d309315edea8a,0.8580508474576272,0.5967513917179331,118,113
e19a999948392e32,0.8432203389830508,0.48638927789848313,118,210
e1c1a7d993b81efa,0.6398305084745762,0.3724920590921633,118,662
e1dfe9baf403851d,0.6610169491525424,0.3013774121796297,118,112
e1ec3adee52e5188,0.4406779661016949,-0.06281743938650938,118,27
e1ed04e5ca7f7b4e,0.8135593220338984,0.1637361770264587,118,474
e209474403e7a385,0.8347457627118644,0.260115662906027,118,448
e20eaa87c4948a82,0.8008474576271186,0.16786653164402845,118,35
e216d0a0502ab7c9,0.15677966101694915,0.32319597193354366,118,59
e217de5f5badd286,0.326271186440678,-0.1927862335492815,118,119
e21c660c2eb3d9ab,0.7740112994350286,0.41650167576721725,118,166
e23ef52d2e71130c,0.7372881355932204,0.20136529539787495,118,42
e262d641261fe087,0.9110169491525424,0.4140257323974218,118,491
e268acd94778eb75,0.711864406779661,0.26008690201985224,118,103
e26974a0e340e132,0.3516949152542373,0.24685149202012419,118,77
e2b2e969120e65bd,0.7923728813559322,0.30807000602269435,118,38
e2bce71eeef2d310,0.6694915254237288,0.2941259030946085,118,139
e2bd65ffe3e83a07,0.9194915254237288,0.5067220004216588,118,141
e2c90be22f412f0a,0.8771186440677966,0.4386417834473701,118,496
e2d699a9bb228cec,0.9449152542372882,0.3704932428105633,118,252
e2dbe62b74f518fe,0.826271186440678,0.3649740309975302,118,204
e2ddd5ff068d4692,0.8813559322033898,0.43245241980740295,118,905
e2e244921d9359c4,0.8813559322033898,0.4507989105073119,118,390
e2ec186f6202c4ef,0.3135593220338983,0.2912759230951854,118,42
e2f31dfcdea2b6c5,0.7245762711864406,0.5750804388555025,118,61
e2fa8060e888f8d5,0.7669491525423728,0.19216199112437055,118,507
e304064ef9464235,0.8686440677966102,0.5176972864792448,118,45
e320d218b7d1a03c,0.8728813559322034,0.13216851549773279,118,31
e32474add186c965,0.8516949152542372,0.46896343649963346,118,55
e35911422f4ae698,0.7161016949152542,0.3802931912449069,118,81
e3730254f9ab836f,0.8940677966101694,0.30502472410009357,118,324
e3b008af17f157bb,0.614406779661017,0.4087303457427864,118,59
e3b15b10d6903b7e,0.6694915254237288,0.5841982636264722,118,180
e3bd9de23b173423,0.19915254237288135,0.22118986227286502,118,200
e3c9198ee0ef74e6,0.9322033898305084,0.17153663573279224,118,198
e3d0821bb1615d1e,0.5720338983050848,0.06862326456416273,118,113
e3d4cfeddfadfbc4,0.8983050847457628,0.29029387242259425,118,1034
e3db9b7cf2fc31ba,0.9110169491525424,0.25374221081253934,118,709
e4197a51ce36b177,0.4067796610169492,0.40950497290961757,118,71
e41b78ff79116313,0.809322033898305,0.49115634671595654,118,22
e41ede652bf46c70,0.9110169491525424,0.2599495733899378,118,327
e44abcb32b7f329e,0.8305084745762712,0.3255855925582534,118,980
e44c51cad0984f2a,0.4364406779661017,0.3688631463643387,118,100
e461b4443c9ddf52,0.6101694915254238,0.6345615449988802,118,49
e463df30978528b6,0.7584745762711864,0.6613483520361051,118,41
e470be7c7c024ae8,0.6186440677966102,0.5444418686152226,118,254
e4712d1c4d2d0040,0.9194915254237288,0.24571815522848295,118,231
e4713a750760e5db,0.6186440677966102,0.5691058290144326,118,215
e4b6ffaf6442b417,0.8347457627118644,0.2599819789032989,118,427
e4c4a733fa288671,0.6949152542372882,0.35979185501480887,118,372
e4cdb249c3bed410,0.7330508474576272,-0.05168727633790292,118,68
e4d076498f0a8298,0.5423728813559322,0.6205459124112839,118,144
e4e1d0d07ffd087a,0.3813559322033898,-0.22067029313644113,118,79
e4e602690d15c4b4,0.7923728813559322,0.32646798546614975,118,757
e50d00c49fc6fba5,0.7923728813559322,0.5061967859460053,118,1175
e50fd399af949048,0.9322033898305084,0.3412760117748867,118,449
e512f3d173f1f3bc,0.690677966101695,0.45652753604870233,118,84
e5136daed7a4a433,0.8516949152542372,0.038120060180587244,118,39
e51b872cf60c301c,0.9067796610169492,0.2967891202393641,118,70
e53c27bc3693bc60,0.5254237288135594,0.35393052361507504,118,63
e542facb4fbc6d16,0.7033898305084746,0.2901578660010341,118,55
e556b69f90339c12,0.5847457627118644,0.4801254319956685,118,167
e558d76d2c557bc5,0.9110169491525424,0.28797783534640903,118,250
e55d88cb52f5e5af,0.7923728813559322,0.5461119321965553,118,38
e58f4050da8afa06,0.8997175141242938,0.4972920646065687,118,66
e5a0d04a61d30784,0.6610169491525424,0.4842024733117165,118,174
e5c6e055bbbec99b,0.6652542372881356,0.35268854249727993,118,66
e6023b46523b42a9,0.7838983050847458,0.10563098656979251,118,784
e6072dbb0799638c,0.7584745762711864,0.4937179804500533,118,227
e6159f0c6ef23687,0.902542372881356,0.34964745775384154,118,478
e6443f51656724a8,0.7033898305084746,0.4728590425154803,118,90
e645f870718ac819,0.8983050847457628,0.37852145317784325,118,21
e6523d569172593d,0.4491525423728814,0.43462120074753013,118,171
e65edae3368c7a91,0.9067796610169492,0.4041714038258146,118,581
e6852287b1c52e24,0.8771186440677966,0.4356608502599471,118,345
e691af0978131838,0.614406779661017,0.44202206848659026,118,48
e6c15c4fcc5b7c1f,0.9279661016949152,0.23943651509690586,118,169
e6c57805132f730e,0.809322033898305,0.5193569980961441,118,37
e6d463d047ffc156,0.6878531073446327,0.3292464734703912,118,309
e6e35aa7c316b9da,0.19915254237288135,-0.23238616677347065,118,33
e71799136612b867,0.9279661016949152,0.21925110467407935,118,38
e73ad3facd95ceb0,0.3093220338983051,0.3248850503478293,118,123
e75cf3b8ce74e31e,0.7288135593220338,0.1916384975418072,118,723
e77320b655e13b23,0.8728813559322034,0.22361152688660443,118,50
e79df9f50237d1ac,0.902542372881356,0.34184535980507397,118,252
e79fe2d23f6f1bdc,0.7542372881355932,0.5265452510889065,118,212
e7a3ccc6d789c12e,0.6864406779661016,0.508864029157427,118,147
e7a561ce0d06d3c7,0.690677966101695,0.41255326109638263,118,101
e7eaf75ee4de520c,0.7754237288135594,0.6492860502403257,118,78
e81059caf494b573,0.8008474576271186,0.20179897850699255,118,778
e82d13c7df6b91cb,0.885593220338983,0.27100603011042035,118,34
e8322d3615de56c3,0.7923728813559322,0.3188460321133852,118,744
e8341c122dac1367,0.885593220338983,0.48874856204606826,118,304
e86ed74715b6f61c,0.901129943502825,0.38462216890590095,118,36
e87db170b6d6cdc5,0.6991525423728814,0.6500963365761838,118,102
e888a3607cf8e611,0.7330508474576272,0.6839132873556857,118,45
e8d1e42e4aae5abb,0.6949152542372882,0.5420340232199272,118,36
e8f6dbe14257dfb6,0.8644067796610171,0.37601581760421865,118,258
e93bc7165118f5ab,0.4745762711864407,0.12331005599266676,118,162
e993eb209a7122b1,0.9152542372881356,0.4430970301289732,118,288
e9c92654441bfb86,0.8516949152542372,0.322628031550573,118,88
e9d6c1d5d3ccd452,0.8305084745762712,0.4992144412288235,118,157
e9dc51bceb858c64,0.7669491525423728,0.543040158256651,118,39
e9df04aa57d2ff6c,0.8954802259887003,0.5312835610616615,118,59
ea009aae4818b09b,0.8559322033898306,0.33582392985301784,118,48
ea37d12093975ec4,0.7415254237288136,0.13903486491659758,118,216
ea4667c70d7099e6,0.8983050847457628,0.40224147154544526,118,244
ea47f75b587d3f03,0.8728813559322034,0.354286424082549,118,443
ea535a6ce0fc3f59,0.9152542372881356,0.3406490021018509,118,396
ea64dd3a902131e7,0.538135593220339,-0.03681666625429181,118,36
ea72bb63cc73dab2,0.7711864406779662,0.5807432013878707,118,45
ea7e1b5fedf4f2ca,0.9279661016949152,0.3188812766389259,118,493
ea84996f2a61ef2b,0.7330508474576272,0.716354173039203,118,134
ea9ab817a0a4cca6,0.862994350282486,0.5474290599896151,118,50
eaee48e60df45104,0.7288135593220338,0.5317981329124709,118,319
eb1be7dea8272e7e,0.9279661016949152,0.44788319493068995,118,315
eb2443bdff683ec5,0.6398305084745762,-0.023760439800429158,118,44
eb278a213574e6bf,0.5,0.2622510253380115,118,192
eb2dbd8c1b4ebda9,0.2330508474576271,0.2938478576620277,118,29
eb3ded16ad6aec82,0.5127118644067796,0.521411069145915,118,229
eb41c25a3625fcfd,0.7627118644067796,0.44451536190852325,118,1174
eb47cdc9a8ab4ed4,0.7711864406779662,0.18000925047214003,118,44
eb6b774b8bc950f0,0.8983050847457628,0.40785142600689367,118,348
eb92f4c5982fa2a0,0.5296610169491526,0.5502948848058069,118,174
eb973b22753ac43e,0.75,0.3065923707243539,118,53
eba131885e406024,0.8601694915254238,0.29638025514995403,118,35
ebb0e96edf08192c,0.5254237288135594,-0.10296818705209619,118,60
ebdba2773f3ffe5a,0.652542372881356,0.08941803812177136,118,415
ebec6d83efe8ee80,0.8728813559322034,0.34283852271374016,118,127
ec2c7333bb0971e6,0.7923728813559322,0.3474519251327785,118,91
ec47182a15edf1a4,0.9194915254237288,0.3400732301974979,118,898
ec5aeba4c86f18bc,0.6864406779661016,0.6091639287068824,118,67
ec6182badaa33dce,0.8940677966101694,0.3682301688105132,118,939
ec7937ec92031b57,0.6652542372881356,0.5771580900752945,118,74
ec86da0f41633d7f,0.5932203389830508,0.46573041082277017,118,1351
ec93d9105f98c635,0.8601694915254238,0.30349365557178354,118,44
ecaa1255a36db3ff,0.7330508474576272,0.2764932483194369,118,330
ecbeb96476c1ed47,0.7754237288135595,0.5177449219202214,118,163
ecdebe1fc0c3aac7,0.4152542372881356,0.5038507532256575,118,31
ece745dd4b1f04ca,0.7994350282485875,0.5585668555714843,118,40
ed1017aa12da4792,0.7754237288135594,0.3789002113766457,118,318
ed60103687a7d20d,0.690677966101695,0.512865049797172,118,78
eda9f5faf9c34382,0.5508474576271186,0.6629010124886946,118,43
edbadd6f2d7bb088,0.8516949152542372,0.47822482093483093,118,592
edc1de22e1f07790,0.6694915254237288,0.6476983432767601,118,65
edc85cfe835a6a0a,0.3771186440677966,-0.05496442652820907,118,63
ede38a9ef4ade6b4,0.5805084745762712,0.5508404813296276,118,36
edfa45374ad8202d,0.0847457627118644,0.034641751986434106,118,44
edff3f86f124e3b4,0.7288135593220338,0.12788303923597316,118,509
ee1c661ff38b186d,0.8135593220338984,0.3398430116955823,118,66
ee38baae88653456,0.5254237288135594,0.47533314196554144,118,40
ee38e75f2d12beb1,0.8050847457627118,0.4635458963702252,118,46
ee5ae8dca4fd6e4c,0.8813559322033898,0.17430320831782473,118,73
eeb187169daecae0,0.6398305084745762,0.5943601389833237,118,46
eeec21ac5560112a,0.7288135593220338,0.28207941528524466,118,273
eefcd173bb801fa9,0.2033898305084746,0.21537943772658877,118,88
ef04eed62d603dd7,0.8177966101694916,0.23232240757059963,118,496
ef0c43a2d09e1d73,0.7372881355932204,0.5029472434186905,118,336
ef146750d6217a24,0.8559322033898306,0.43072718748730954,118,22
ef1635f4e7499c1e,0.8827683615819208,0.4010082310384511,118,75
ef1cd499ed015d1d,0.3728813559322034,0.3514189145472357,118,50
ef28f7be42584e39,0.9279661016949152,0.3220804257421508,118,355
ef38a3463330bce8,0.3432203389830508,0.0675660652131036,118,45
ef5006ee6ee84aa8,0.9364406779661016,0.35280300120280217,118,154
ef524fb82e77cbfd,0.2754237288135593,-0.1748936961939675,118,106
ef5a0ca83da05e1f,0.923728813559322,0.3458579714043078,118,244
ef913f49904f6da9,0.559322033898305,0.6519508536037287,118,46
efa11c4af47b87a0,0.8601694915254238,0.4909950242481105,118,385
efd80f9ef1dbcb0b,0.597457627118644,0.5001239788957202,118,43
efda66df431b7911,0.8686440677966102,0.38853081228124314,118,652
efde6bfa66c23ceb,0.9194915254237287,0.45942779589895727,118,62
efeb9e318f7c0c6e,0.7796610169491526,0.4543412595913538,118,135
f033f56972c25ae7,0.7711864406779662,0.2981458754678673,118,203
f0975e2d43c7f667,0.8559322033898306,0.5736989484656092,118,54
f0c747a17fcd173a,0.7711864406779662,0.3988411618197696,118,47
f0d743cef207c429,0.4152542372881356,0.17825154852579,118,67
f0f1c5ef397eb6a8,0.8771186440677966,0.24498775235383347,118,246
f0f2276ca8307db6,0.8940677966101694,0.2595678906239268,118,38
f1041f012590a464,0.9364406779661016,0.38396719779533106,118,422
f104addd0b8f0971,0.923728813559322,0.5302282357899323,118,387
f11792addd756e27,0.6101694915254238,0.4409980815209178,118,128
f11c5ac81484dbe0,0.9067796610169492,0.39672496092631954,118,460
f1215ed057867690,0.8728813559322034,0.12773833964581724,118,49
f13225aca85c6849,0.7669491525423728,0.5864393193669749,118,217
f138b0f3b52835e8,0.826271186440678,0.25037863897749324,118,382
f173b93d8ea6c18c,0.8940677966101694,0.21611797845047326,118,41
f1764d59f315d90b,0.86864406779661,0.5733974897159354,118,194
f18671697d47cfb1,0.902542372881356,0.4483558615162822,118,619
f1b9ba71aafc1951,0.6313559322033898,0.6914976902811101,118,26
f1c99e79846ac3d3,0.5805084745762712,0.6265366463269438,118,44
f1cabc62b48d571f,0.896892655367232,0.5247885512118533,118,166
f1ce68976f00e6bb,0.5847457627118644,0.4315068691398234,118,103
f1de153482904172,0.3771186440677966,0.3324783817240295,118,54
f1eea089f2cc5ab5,0.7838983050847458,0.20745288372573872,118,310
f1f0c26d92e11213,0.5,0.10989179303697529,118,591
f1f506cda81a0a7e,0.7245762711864406,0.4389961976207327,118,881
f200a046fe2a00f3,0.826271186440678,0.5141693704186964,118,349
f218655129217385,0.8686440677966102,0.3082192297854481,118,351
f22cfc478ec87d1f,0.23728813559322035,-0.005085806573465096,118,96
f238fb3365c09684,0.902542372881356,0.3447481697161749,118,290
f24bf572aace37a8,0.4364406779661017,0.202948075375801,118,132
f27a4c749d68bca3,0.3983050847457627,0.2744973176286562,118,51
f2860cfde1f75c82,0.8559322033898306,0.16392763599605473,118,657
f2b06b4a1f9952ee,0.3855932203389831,-0.2241898455010384,118,45
f2c85ae2127372e3,0.7584745762711864,0.6098615037143249,118,22
f3019e7502a023f9,0.9110169491525424,0.39417492057226283,118,1029
f322353953429a51,0.923728813559322,0.16474364007495507,118,53
f32e6d3b8d76d1cd,0.4576271186440678,0.5440953233056945,118,37
f37ddf21cd7a0237,0.902542372881356,0.35670287493800773,118,206
f381171bf6011ce5,0.6949152542372882,0.4522186394876461,118,371
f39cc46dafc28285,0.16101694915254236,-0.2520039834791725,118,108
f3baf9150f20f24b,0.7542372881355932,0.419373098332006,118,297
f3c8eb72c7d83ee2,0.7288135593220338,0.6674144267330985,118,213
f3e5d53a1665dd20,0.1059322033898305,-0.18985144881760316,118,125
f3fd6f709716e13f,0.461864406779661,0.44547158774186696,118,79
f4000796f3a452a7,0.6567796610169492,0.08677507574804955,118,66
f40ba12493046262,0.5211864406779662,0.33045083897256167,118,72
f42c6b40c748384d,0.5889830508474576,0.45646318800181873,118,431
f45cd98416056d8f,0.7627118644067796,0.5560780210298013,118,118
f4854bc25639ece8,0.885593220338983,0.3093175737809675,118,80
f48880cb139316e7,0.3050847457627119,0.5100281958880231,118,66
f4aad6a6aa0a3714,0.7245762711864406,0.6701132214139995,118,252
f4e6665f15c40226,0.9449152542372882,0.1861160727136327,118,36
f511f2e858492476,0.711864406779661,0.13662050706895018,118,202
f51699634975bc86,0.538135593220339,0.22865911307112977,118,187
f5267169083df1b8,0.9279661016949152,0.5180291576093536,118,380
f5312afae0a7250d,0.8771186440677966,0.17223794978015092,118,421
f53d9477e2b48b87,0.9067796610169492,0.33867602542971625,118,43
f558ab60141dbb93,0.8686440677966102,0.1238584290086666,118,1173
f560877dbfe6dece,0.6991525423728814,0.09913965418119006,118,506
f56f6df49936153b,0.5635593220338984,0.5003455194379972,118,458
f5a129daa5f1589b,0.16101694915254236,-0.1096771397372852,118,35
f5ab3b308b94b20a,0.6949152542372882,0.619960641516102,118,83
f5b93d513285f733,0.9279661016949152,0.16648839856732034,118,32
f5bd9db9e8227644,0.8898305084745762,0.3820817495693788,118,413
f5bfaddc541edba5,0.8601694915254238,0.3974827665466928,118,425
f5de0993c20d038f,0.4491525423728814,0.35846370572481373,118,291
f61518e6aafe60af,0.8940677966101694,0.4861756748423611,118,314
f65d03894ecedbaa,0.6398305084745762,0.38041021354175203,118,141
f65f6cabd3d98975,0.7330508474576272,0.4348923956165771,118,565
f662cd8f0f4be3a2,0.2796610169491525,0.29186331211272426,118,38
f68b4e262586c449,0.614406779661017,0.4527331851565013,118,363
f69b55463f5c3e4c,0.8008474576271186,0.12385124548165077,118,763
f6a3d7fe8f8e3eda,0.9067796610169492,0.43107332905282214,118,441
f6bc92c686f49541,0.6610169491525424,0.1553781569938139,118,158
f6d54f084367df20,0.7584745762711864,0.4247201657479279,118,65
f705624319438d03,0.940677966101695,0.3512376472333064,118,899
f709423c044e0a83,0.1271186440677966,-0.1406372999720755,118,52
f731d3c32c8b8168,0.7838983050847458,0.4540039821422052,118,43
f74bea92a6cb4c2c,0.940677966101695,0.346430084556989,118,245
f7649c39f88872c1,0.6991525423728814,0.5376836794857929,118,120
f77e0fbcd9949394,0.6059322033898306,0.17726276094772592,118,119
f781762ddbbd9b82,0.6059322033898306,0.5662339244469033,118,434
f78a977aa5aba6ff,0.5084745762711864,0.5165099829249588,118,66
f7b71545a894e87e,0.7203389830508474,0.5526673684515182,118,99
f7d363ee8e551c39,0.847457627118644,0.4988170273678062,118,366
f7d7041873a4dad1,0.7796610169491526,0.4524475627050078,118,299
f7e84f945fe7791c,0.8771186440677966,0.41418963790212143,118,21
f7f8f8f4bad49d9b,0.8305084745762712,0.6388384815010023,118,37
f825d9caad3da73e,0.4025423728813559,0.16840430104506357,118,214
f827af112adda153,0.864406779661017,0.2883598644831422,118,34
f85f114b840df513,0.8559322033898306,0.44870601542157845,118,476
f867d890afff7106,0.559322033898305,0.5987513357597356,118,31
f87363604f258bd8,0.7669491525423728,0.517322404312147,118,100
f886b42a4c2fc6f9,0.5338983050847458,0.40520962059213317,118,34
f88b092c142c63bd,0.8771186440677966,0.35727752329527857,118,239
f88be0543ac0e212,0.7711864406779662,0.37265678241158434,118,146
f8c61350900024b6,0.652542372881356,0.3414388289126484,118,239
f8cd376582f40293,0.9081920903954802,0.4809288578163136,118,101
f8f195ccdfb610fd,0.5550847457627118,0.255024260528654,118,47
f8f5d80f3ade78b9,0.7033898305084746,0.6183752961994933,118,78
f9131c744e0e2e67,0.7711864406779662,0.2951034904038063,118,91
f92605f69d19768c,0.9661016949152542,0.17512547784069665,118,306
f9279c763ece37c0,0.8898305084745762,0.2851722033567758,118,315
f92932af0a30beff,0.826271186440678,0.2379492603784404,118,452
f94a080608d5f040,0.7810734463276839,0.5915731864074237,118,1556
f94a1eee5307c176,0.4703389830508475,-0.2097700779516563,118,601
f9aed84f29c79760,0.5805084745762712,0.5000403589895822,118,76
f9b5a051f90ca7d9,0.8771186440677966,0.25035811736607877,118,52
f9c0b3bbe44af86d,0.864406779661017,0.16707408778808827,118,56
f9d39838cc151c89,0.8305084745762712,0.552023903898931,118,217
f9ee611a3adb4c47,0.6186440677966102,0.23716435664767976,118,66
f9f857e1a24f1ae3,0.16101694915254236,0.1249567815603686,118,44
fa0bedc3d8c1727a,0.8347457627118644,0.4183897459692338,118,375
fa5930d8737d77b0,0.8898305084745762,0.2406437867746741,118,384
fa7610fb442a2837,0.17796610169491525,-0.13737946085687114,118,22
fa769da3c163334b,0.8771186440677966,0.2472892968980717,118,470
faafb5e088546293,0.7838983050847458,0.2652877213103163,118,100
fabe39c0982c1787,0.8516949152542372,0.15822188594472802,118,343
faedb4327a6abcdd,0.5677966101694916,0.4476887983473997,118,69
faf43810844a4571,0.864406779661017,0.5002056283457668,118,516
faff5bb144b3c728,0.9067796610169492,0.5102218682430726,118,264
fb3df508394f98ff,0.9067796610169492,0.17982208177205852,118,61
fb799a6ba7aa7f1e,0.8771186440677966,0.3242308271849153,118,651
fb86fe46e6df85b8,0.6694915254237288,0.5056316018554532,118,183
fb940c44c0e6d863,0.8559322033898306,0.38006375755559524,118,450
fba9fb7c2683cf69,0.8884180790960453,0.5377878210424991,118,178
fbd86eeed661193a,0.3644067796610169,0.2732657793380954,118,31
fbec92876168d2b6,0.788135593220339,0.3970808392498041,118,27
fc0eee926e332d81,0.8742937853107345,0.5979104455237807,118,168
fc2eca8a51348e4e,0.4957627118644068,0.49013583966942875,118,294
fc31f8e1a13f966f,0.3601694915254237,-0.19964948892223233,118,51
fc3f29095742b8f9,0.8813559322033898,0.3954836805176752,118,428
fc44299acc74d0ed,0.8347457627118644,0.3312431164859465,118,63
fc48f2aa6c3faefe,0.4957627118644068,0.4474811687344854,118,151
fc539ca6fd402a4b,0.6398305084745763,0.676641847993925,118,317
fc744e28f7a2e56d,0.3728813559322034,0.25079993994890754,118,159
fc893b63418b34c8,0.8728813559322034,0.4347376338638934,118,1714
fcad6786d3ac9868,0.597457627118644,0.5233268745049132,118,90
fcc704c68e67ad3e,0.4830508474576271,0.2451154759406844,118,144
fd0cf1224595e0b8,0.4194915254237288,0.10589692843214951,118,46
fd33ad7bb146e9f0,0.7203389830508474,0.4729933523222884,118,177
fd45473169ebe3a0,0.8192090395480226,0.48750818364609116,118,41
fd58ded0394b36de,0.690677966101695,0.49033616877401665,118,63
fd6cd7ace35aa071,0.4364406779661017,0.15806845342222425,118,127
fd7d161b7ebf8007,0.8234463276836161,0.5138524280936267,118,684
fd8d44a14834247d,0.6864406779661016,0.32095603142518403,118,74
fd94db05cfcd324d,0.4491525423728814,0.2059155991480196,118,25
fdc7daec5e4e4675,0.8177966101694916,0.46712493687273055,118,55
fddedd4b1a67a938,0.7076271186440678,0.6382501396754282,118,122
fdf150d5917673be,0.8686440677966102,0.26870611122333615,118,48
fdfeb88ca1e473b3,0.8940677966101694,0.1969217764832798,118,633
fe01e9debcab67fd,0.6864406779661016,0.635113121058941,118,34
fe2361722a627381,0.3898305084745763,0.11537227153811092,118,72
fe527696e852706d,0.3983050847457627,0.29163423558253104,118,218
fe53f2443b14b59a,0.902542372881356,0.557181865259881,118,40
fe669bf618ff9e92,0.7245762711864406,0.6628409762089051,118,43
fe8f21a83c830b75,0.7033898305084746,0.612419308290923,118,137
febace4d9e4ca220,0.9110169491525424,0.1987587108992691,118,64
febb2abe07a3443d,0.5466101694915254,0.535133360410237,118,29
fece5f09790988d4,0.8771186440677966,0.4554054431763936,118,305
fece7bf4d2df6e83,0.885593220338983,0.28996234142432836,118,201
fedcd5b89bdb0f66,0.7584745762711864,0.2029255123915299,118,93
fee645a69721e101,0.7796610169491526,0.5142786851793514,118,56
fefc3fa94027bbad,0.940677966101695,0.4310275524769561,118,424
fefddb75a45ef783,0.8559322033898306,0.37816758574116194,118,351
ff3bb0e0ee1814d7,0.7288135593220338,0.608918509652009,118,93
ff421d2d982cf7d0,0.9194915254237288,0.3525531336939186,118,127
ff668d9abddbddc1,0.19491525423728814,0.05726585780349686,118,70
ff79db19c4a7c06b,0.7584745762711864,0.6833125782449876,118,38
ffa2634199f99bfb,0.635593220338983,0.6151385878745526,118,117
ffc3f045c5bdeb88,0.597457627118644,0.6186685009504972,118,49
ffcddf537a1de2aa,0.902542372881356,0.27331171020022366,118,71
